{
  "usercount": 690382,
  "usercount_delta": 0.04775701232130918,
  "anoncount": 452340,
  "replaycount": 1188194,
  "gamesplayed": 37599151,
  "gamesplayed_delta": 2.2764175873157377,
  "gamesfinished": 26069962,
  "gametime": 5132700427.019893,
  "inputs": 18812489211,
  "piecesplaced": 4116023913
}
