{
  "usercount": 711682,
  "usercount_delta": 0.01657605092162843,
  "anoncount": 468783,
  "replaycount": 1211009,
  "gamesplayed": 38599930,
  "gamesplayed_delta": 3.5141227953852274,
  "gamesfinished": 26843012,
  "gametime": 5288167493.544037,
  "inputs": 19313459808,
  "piecesplaced": 4229176147
}
