{
  "usercount": 713081,
  "usercount_delta": 0.08920739231924352,
  "anoncount": 469839,
  "replaycount": 1212218,
  "gamesplayed": 38659709,
  "gamesplayed_delta": 3.0925229337337754,
  "gamesfinished": 26891643,
  "gametime": 5297621416.636797,
  "inputs": 19343500367,
  "piecesplaced": 4235904970
}
