{
  "usercount": 704737,
  "usercount_delta": 0.053257589206461925,
  "anoncount": 463383,
  "replaycount": 1203747,
  "gamesplayed": 38272010,
  "gamesplayed_delta": 1.952778270903604,
  "gamesfinished": 26588476,
  "gametime": 5237554364.65108,
  "inputs": 19151738945,
  "piecesplaced": 4192841742
}
