{
  "usercount": 687805,
  "usercount_delta": 0.11143480268080297,
  "anoncount": 450282,
  "replaycount": 1185303,
  "gamesplayed": 37478128,
  "gamesplayed_delta": 4.584746167438751,
  "gamesfinished": 25977080,
  "gametime": 5114321880.560096,
  "inputs": 18753018027,
  "piecesplaced": 4102630018
}
