{
  "usercount": 692464,
  "usercount_delta": 0.07100633731560542,
  "anoncount": 453954,
  "replaycount": 1190559,
  "gamesplayed": 37694858,
  "gamesplayed_delta": 2.467470221717288,
  "gamesfinished": 26143896,
  "gametime": 5147119339.421808,
  "inputs": 18857790070,
  "piecesplaced": 4126232109
}
