{
  "usercount": 690181,
  "usercount_delta": 0.1457540036802886,
  "anoncount": 452179,
  "replaycount": 1187969,
  "gamesplayed": 37588852,
  "gamesplayed_delta": 2.896860823145736,
  "gamesfinished": 26061983,
  "gametime": 5131152203.507668,
  "inputs": 18807563883,
  "piecesplaced": 4114916675
}
