{
  "usercount": 690748,
  "usercount_delta": 0.14201771671015959,
  "anoncount": 452623,
  "replaycount": 1188680,
  "gamesplayed": 37615989,
  "gamesplayed_delta": 2.716088832081802,
  "gamesfinished": 26082702,
  "gametime": 5135296133.652331,
  "inputs": 18820711383,
  "piecesplaced": 4117868543
}
