{
  "usercount": 688385,
  "usercount_delta": 0.05638355855432556,
  "anoncount": 450753,
  "replaycount": 1185958,
  "gamesplayed": 37506428,
  "gamesplayed_delta": 3.007123122897363,
  "gamesfinished": 25999430,
  "gametime": 5118973621.181411,
  "inputs": 18767709874,
  "piecesplaced": 4105920389
}
