{
  "usercount": 723661,
  "usercount_delta": 0.07517807807243408,
  "anoncount": 478132,
  "replaycount": 1223331,
  "gamesplayed": 39146366,
  "gamesplayed_delta": 3.8904655402484636,
  "gamesfinished": 27266547,
  "gametime": 5372432100.520818,
  "inputs": 19582513438,
  "piecesplaced": 4289405181
}
