{
  "usercount": 695866,
  "usercount_delta": 0.09551402464261836,
  "anoncount": 456634,
  "replaycount": 1194106,
  "gamesplayed": 37845324,
  "gamesplayed_delta": 2.324174599637047,
  "gamesfinished": 26261560,
  "gametime": 5170361108.641252,
  "inputs": 18931674889,
  "piecesplaced": 4142849525
}
