{
  "usercount": 689605,
  "usercount_delta": 0.07101011894194922,
  "anoncount": 451720,
  "replaycount": 1187384,
  "gamesplayed": 37563469,
  "gamesplayed_delta": 1.952778270903604,
  "gamesfinished": 26043169,
  "gametime": 5127346611.781873,
  "inputs": 18795342065,
  "piecesplaced": 4112161781
}
