{
  "usercount": 688169,
  "usercount_delta": 0.04972815276488529,
  "anoncount": 450572,
  "replaycount": 1185734,
  "gamesplayed": 37496349,
  "gamesplayed_delta": 3.530698846306856,
  "gamesfinished": 25991550,
  "gametime": 5117328694.484773,
  "inputs": 18762539145,
  "piecesplaced": 4104769223
}
