{
  "usercount": 704136,
  "usercount_delta": 0.0532585346801825,
  "anoncount": 462920,
  "replaycount": 1202995,
  "gamesplayed": 38242117,
  "gamesplayed_delta": 2.4853982850751835,
  "gamesfinished": 26565798,
  "gametime": 5232872242.900367,
  "inputs": 19136036152,
  "piecesplaced": 4189253523
}
