{
  "usercount": 687850,
  "usercount_delta": 0.11894318975899136,
  "anoncount": 450317,
  "replaycount": 1185333,
  "gamesplayed": 37479784,
  "gamesplayed_delta": 4.05893635052558,
  "gamesfinished": 25978340,
  "gametime": 5114565450.291219,
  "inputs": 18753772115,
  "piecesplaced": 4102800460
}
