{
  "usercount": 689833,
  "usercount_delta": 0.08288025460814215,
  "anoncount": 451901,
  "replaycount": 1187633,
  "gamesplayed": 37572739,
  "gamesplayed_delta": 3.348362286168943,
  "gamesfinished": 26050124,
  "gametime": 5128774299.582326,
  "inputs": 18799981961,
  "piecesplaced": 4113212970
}
