{
  "usercount": 703493,
  "usercount_delta": 0.04775701232130918,
  "anoncount": 462444,
  "replaycount": 1202294,
  "gamesplayed": 38209781,
  "gamesplayed_delta": 3.0564487885637877,
  "gamesfinished": 26542391,
  "gametime": 5227932101.521155,
  "inputs": 19119485746,
  "piecesplaced": 4185493848
}
