{
  "usercount": 726243,
  "usercount_delta": 0.24913282612445145,
  "anoncount": 480168,
  "replaycount": 1225960,
  "gamesplayed": 39246780,
  "gamesplayed_delta": 1.954734481899542,
  "gamesfinished": 27342900,
  "gametime": 5387399674.859363,
  "inputs": 19630406319,
  "piecesplaced": 4300162263
}
