{
  "usercount": 692295,
  "usercount_delta": 0.0728783296286849,
  "anoncount": 453817,
  "replaycount": 1190353,
  "gamesplayed": 37686441,
  "gamesplayed_delta": 4.135845206427868,
  "gamesfinished": 26137382,
  "gametime": 5145835175.126444,
  "inputs": 18853806045,
  "piecesplaced": 4125336764
}
