{
  "usercount": 710946,
  "usercount_delta": 0.06367804381049413,
  "anoncount": 468211,
  "replaycount": 1210118,
  "gamesplayed": 38558568,
  "gamesplayed_delta": 1.8625827814569536,
  "gamesfinished": 26810355,
  "gametime": 5281941992.941715,
  "inputs": 19293831924,
  "piecesplaced": 4224750092
}
