{
  "usercount": 699687,
  "usercount_delta": 0.015919510952623533,
  "anoncount": 459581,
  "replaycount": 1198439,
  "gamesplayed": 38028174,
  "gamesplayed_delta": 2.626719307182883,
  "gamesfinished": 26401871,
  "gametime": 5199199405.836804,
  "inputs": 19025382420,
  "piecesplaced": 4164086882
}
