{
  "usercount": 688791,
  "usercount_delta": 0.11602658666357261,
  "anoncount": 451072,
  "replaycount": 1186443,
  "gamesplayed": 37526744,
  "gamesplayed_delta": 2.7846380799257426,
  "gamesfinished": 26014902,
  "gametime": 5121996160.470763,
  "inputs": 18777562336,
  "piecesplaced": 4108128461
}
