{
  "usercount": 688918,
  "usercount_delta": 0.06630200563567049,
  "anoncount": 451167,
  "replaycount": 1186617,
  "gamesplayed": 37534231,
  "gamesplayed_delta": 3.149345267694348,
  "gamesfinished": 26020891,
  "gametime": 5123137020.130426,
  "inputs": 18781318221,
  "piecesplaced": 4108971918
}
