{
  "usercount": 703799,
  "usercount_delta": 0.07101011894194922,
  "anoncount": 462668,
  "replaycount": 1202600,
  "gamesplayed": 38225973,
  "gamesplayed_delta": 2.0947985087875023,
  "gamesfinished": 26554058,
  "gametime": 5230497199.165259,
  "inputs": 19127893517,
  "piecesplaced": 4187401369
}
