{
  "usercount": 723358,
  "usercount_delta": 0.10407529103911745,
  "anoncount": 477890,
  "replaycount": 1223120,
  "gamesplayed": 39136619,
  "gamesplayed_delta": 3.8656536671672193,
  "gamesfinished": 27258753,
  "gametime": 5370901266.374619,
  "inputs": 19577638950,
  "piecesplaced": 4288323064
}
