{
  "usercount": 690988,
  "usercount_delta": 0.056384618276134266,
  "anoncount": 452802,
  "replaycount": 1188971,
  "gamesplayed": 37625859,
  "gamesplayed_delta": 3.2703078600157873,
  "gamesfinished": 26090249,
  "gametime": 5136796769.082013,
  "inputs": 18825362485,
  "piecesplaced": 4118924085
}
