{
  "usercount": 709395,
  "usercount_delta": 0.03643916481434245,
  "anoncount": 467026,
  "replaycount": 1208195,
  "gamesplayed": 38478958,
  "gamesplayed_delta": 3.7167948110629303,
  "gamesfinished": 26749503,
  "gametime": 5269616862.48221,
  "inputs": 19254532699,
  "piecesplaced": 4215943084
}
