{
  "usercount": 714532,
  "usercount_delta": 0.044604359332718786,
  "anoncount": 470977,
  "replaycount": 1213711,
  "gamesplayed": 38728050,
  "gamesplayed_delta": 3.345326949953909,
  "gamesfinished": 26944313,
  "gametime": 5308252004.989541,
  "inputs": 19377568526,
  "piecesplaced": 4243556407
}
