{
  "usercount": 721682,
  "usercount_delta": 0.06367500278578136,
  "anoncount": 476613,
  "replaycount": 1221311,
  "gamesplayed": 39061026,
  "gamesplayed_delta": 2.8017001225743803,
  "gamesfinished": 27200868,
  "gametime": 5359112881.069625,
  "inputs": 19540046916,
  "piecesplaced": 4279867972
}
