{
  "usercount": 721457,
  "usercount_delta": 0.05638249887235002,
  "anoncount": 476435,
  "replaycount": 1221113,
  "gamesplayed": 39050942,
  "gamesplayed_delta": 2.405653285220268,
  "gamesfinished": 27193135,
  "gametime": 5357557410.048712,
  "inputs": 19535158107,
  "piecesplaced": 4278779984
}
