{
  "usercount": 689283,
  "usercount_delta": 0.08920871866543757,
  "anoncount": 451453,
  "replaycount": 1187060,
  "gamesplayed": 37551707,
  "gamesplayed_delta": 2.3937672841892415,
  "gamesfinished": 26034181,
  "gametime": 5125645223.872218,
  "inputs": 18789559346,
  "piecesplaced": 4110842130
}
