{
  "usercount": 689655,
  "usercount_delta": 0.056384618276134266,
  "anoncount": 451760,
  "replaycount": 1187452,
  "gamesplayed": 37565431,
  "gamesplayed_delta": 3.1763334962222305,
  "gamesfinished": 26044682,
  "gametime": 5127666077.646764,
  "inputs": 18796376398,
  "piecesplaced": 4112393023
}
