{
  "usercount": 700540,
  "usercount_delta": 0,
  "anoncount": 460223,
  "replaycount": 1199376,
  "gamesplayed": 38070112,
  "gamesplayed_delta": 2.058812812010349,
  "gamesfinished": 26434100,
  "gametime": 5205761222.123573,
  "inputs": 19046969646,
  "piecesplaced": 4168989306
}
