{
  "usercount": 711369,
  "usercount_delta": 0.036439828732804956,
  "anoncount": 468532,
  "replaycount": 1210681,
  "gamesplayed": 38583347,
  "gamesplayed_delta": 2.8969663842579942,
  "gamesfinished": 26830062,
  "gametime": 5285743338.973793,
  "inputs": 19305743213,
  "piecesplaced": 4227431098
}
