{
  "usercount": 689039,
  "usercount_delta": 0.03183851505165799,
  "anoncount": 451267,
  "replaycount": 1186740,
  "gamesplayed": 37539620,
  "gamesplayed_delta": 2.8813856121750483,
  "gamesfinished": 26025103,
  "gametime": 5123966606.3973055,
  "inputs": 18784032299,
  "piecesplaced": 4109589210
}
