{
  "usercount": 714233,
  "usercount_delta": 0.016575776160718727,
  "anoncount": 470750,
  "replaycount": 1213378,
  "gamesplayed": 38710254,
  "gamesplayed_delta": 2.121699348571997,
  "gamesfinished": 26931154,
  "gametime": 5305636200.060843,
  "inputs": 19368958477,
  "piecesplaced": 4241593850
}
