{
  "usercount": 702746,
  "usercount_delta": 0.05638249887235002,
  "anoncount": 461876,
  "replaycount": 1201458,
  "gamesplayed": 38170289,
  "gamesplayed_delta": 2.8379191099082846,
  "gamesfinished": 26511134,
  "gametime": 5221483254.767905,
  "inputs": 19097939551,
  "piecesplaced": 4180597171
}
