{
  "usercount": 688549,
  "usercount_delta": 0.03643850092007215,
  "anoncount": 450869,
  "replaycount": 1186209,
  "gamesplayed": 37515947,
  "gamesplayed_delta": 1.8219250460036074,
  "gamesfinished": 26006795,
  "gametime": 5120430517.013868,
  "inputs": 18772520268,
  "piecesplaced": 4107002744
}
