{
  "usercount": 689568,
  "usercount_delta": 0.04460369615962176,
  "anoncount": 451693,
  "replaycount": 1187334,
  "gamesplayed": 37562246,
  "gamesplayed_delta": 3.3304093132517583,
  "gamesfinished": 26042255,
  "gametime": 5127174672.435207,
  "inputs": 18794772266,
  "piecesplaced": 4112033604
}
