{
  "usercount": 709613,
  "usercount_delta": 0.017752214588769948,
  "anoncount": 467199,
  "replaycount": 1208433,
  "gamesplayed": 38488950,
  "gamesplayed_delta": 2.396548969483943,
  "gamesfinished": 26757068,
  "gametime": 5271139587.709887,
  "inputs": 19259436262,
  "piecesplaced": 4217053057
}
