{
  "usercount": 720528,
  "usercount_delta": 0.07434059888786465,
  "anoncount": 475714,
  "replaycount": 1220350,
  "gamesplayed": 39009163,
  "gamesplayed_delta": 4.118469178387701,
  "gamesfinished": 27161201,
  "gametime": 5351108583.160014,
  "inputs": 19514852923,
  "piecesplaced": 4274250044
}
