{
  "usercount": 692011,
  "usercount_delta": 0.10407374368123698,
  "anoncount": 453594,
  "replaycount": 1190035,
  "gamesplayed": 37673639,
  "gamesplayed_delta": 2.750520368718406,
  "gamesfinished": 26127173,
  "gametime": 5143911303.966637,
  "inputs": 18847776215,
  "piecesplaced": 4123979455
}
