{
  "usercount": 688609,
  "usercount_delta": 0.10931948619841488,
  "anoncount": 450924,
  "replaycount": 1186265,
  "gamesplayed": 37518254,
  "gamesplayed_delta": 2.9880659560900065,
  "gamesfinished": 26008502,
  "gametime": 5120761097.379868,
  "inputs": 18773579041,
  "piecesplaced": 4107240598
}
