{
  "usercount": 696274,
  "usercount_delta": 0.018219914366402478,
  "anoncount": 456959,
  "replaycount": 1194640,
  "gamesplayed": 37864148,
  "gamesplayed_delta": 3.8261820169445206,
  "gamesfinished": 26275664,
  "gametime": 5173288271.006823,
  "inputs": 18940763645,
  "piecesplaced": 4144881013
}
