{
  "usercount": 727288,
  "usercount_delta": 0.10922311161041677,
  "anoncount": 480981,
  "replaycount": 1228573,
  "gamesplayed": 39281013,
  "gamesplayed_delta": 2.9490240134812526,
  "gamesfinished": 27368564,
  "gametime": 5392687799.927465,
  "inputs": 19646873978,
  "piecesplaced": 4303862355
}
