{
  "usercount": 690017,
  "usercount_delta": 0.018219250460036075,
  "anoncount": 452051,
  "replaycount": 1187843,
  "gamesplayed": 37581710,
  "gamesplayed_delta": 2.660010567165267,
  "gamesfinished": 26056499,
  "gametime": 5130064216.07034,
  "inputs": 18804145363,
  "piecesplaced": 4114150477
}
