{
  "usercount": 689144,
  "usercount_delta": 0.047757772577486986,
  "anoncount": 451345,
  "replaycount": 1186868,
  "gamesplayed": 37544555,
  "gamesplayed_delta": 2.260534568667717,
  "gamesfinished": 26028726,
  "gametime": 5124670232.302766,
  "inputs": 18786343384,
  "piecesplaced": 4110112822
}
