{
  "usercount": 689173,
  "usercount_delta": 0.05465675557498907,
  "anoncount": 451369,
  "replaycount": 1186900,
  "gamesplayed": 37545743,
  "gamesplayed_delta": 3.2794053344993443,
  "gamesfinished": 26029619,
  "gametime": 5124841575.445422,
  "inputs": 18786907736,
  "piecesplaced": 4110241698
}
