{
  "usercount": 703932,
  "usercount_delta": 0.014867677668748141,
  "anoncount": 462764,
  "replaycount": 1202804,
  "gamesplayed": 38233491,
  "gamesplayed_delta": 2.0666071959559917,
  "gamesfinished": 26559666,
  "gametime": 5231639712.869586,
  "inputs": 19131797007,
  "piecesplaced": 4188276696
}
