{
  "usercount": 719601,
  "usercount_delta": 0.03183851505165799,
  "anoncount": 474968,
  "replaycount": 1219051,
  "gamesplayed": 38960488,
  "gamesplayed_delta": 2.992820414855851,
  "gamesfinished": 27124735,
  "gametime": 5343976783.243535,
  "inputs": 19491506223,
  "piecesplaced": 4268988067
}
