{
  "usercount": 716725,
  "usercount_delta": 0.18233656013791275,
  "anoncount": 472711,
  "replaycount": 1216221,
  "gamesplayed": 38828647,
  "gamesplayed_delta": 4.0279803739557085,
  "gamesfinished": 27020123,
  "gametime": 5323353489.689098,
  "inputs": 19426120663,
  "piecesplaced": 4254462865
}
