{
  "usercount": 692699,
  "usercount_delta": 0.01879487275871142,
  "anoncount": 454142,
  "replaycount": 1190793,
  "gamesplayed": 37705916,
  "gamesplayed_delta": 5.8076156824418295,
  "gamesfinished": 26152415,
  "gametime": 5148821410.665263,
  "inputs": 18863068628,
  "piecesplaced": 4127422166
}
