{
  "usercount": 725632,
  "usercount_delta": 0.06630640188310181,
  "anoncount": 479702,
  "replaycount": 1225166,
  "gamesplayed": 39230444,
  "gamesplayed_delta": 3.298743493684315,
  "gamesfinished": 27331115,
  "gametime": 5385356028.747246,
  "inputs": 19623829717,
  "piecesplaced": 4298664086
}
