{
  "usercount": 700207,
  "usercount_delta": 0.016575776160718727,
  "anoncount": 459980,
  "replaycount": 1198927,
  "gamesplayed": 38051100,
  "gamesplayed_delta": 2.055396243929122,
  "gamesfinished": 26419282,
  "gametime": 5202735108.016443,
  "inputs": 19037268541,
  "piecesplaced": 4166805513
}
