{
  "usercount": 713399,
  "usercount_delta": 0.09551554515497397,
  "anoncount": 470101,
  "replaycount": 1212469,
  "gamesplayed": 38671276,
  "gamesplayed_delta": 3.056497444959167,
  "gamesfinished": 26900906,
  "gametime": 5299555749.185668,
  "inputs": 19349562639,
  "piecesplaced": 4237256819
}
