{
  "usercount": 690060,
  "usercount_delta": 0.04972815276488529,
  "anoncount": 452081,
  "replaycount": 1187877,
  "gamesplayed": 37583738,
  "gamesplayed_delta": 2.7516244529903195,
  "gamesfinished": 26058013,
  "gametime": 5130370286.672444,
  "inputs": 18805115455,
  "piecesplaced": 4114370042
}
