{
  "usercount": 718973,
  "usercount_delta": 0.0728770018401443,
  "anoncount": 474482,
  "replaycount": 1218433,
  "gamesplayed": 38930758,
  "gamesplayed_delta": 2.3685025598046896,
  "gamesfinished": 27101606,
  "gametime": 5339349919.616883,
  "inputs": 19476614375,
  "piecesplaced": 4265700431
}
