{
  "usercount": 699555,
  "usercount_delta": 0.03550505947097461,
  "anoncount": 459480,
  "replaycount": 1198271,
  "gamesplayed": 38020184,
  "gamesplayed_delta": 2.1125510385229895,
  "gamesfinished": 26395881,
  "gametime": 5197998121.513145,
  "inputs": 19021144182,
  "piecesplaced": 4163112176
}
