{
  "usercount": 725347,
  "usercount_delta": 0.0795924864692773,
  "anoncount": 479469,
  "replaycount": 1225014,
  "gamesplayed": 39221724,
  "gamesplayed_delta": 2.76981852913085,
  "gamesfinished": 27324568,
  "gametime": 5384031384.201353,
  "inputs": 19619550191,
  "piecesplaced": 4297700031
}
