{
  "usercount": 688479,
  "usercount_delta": 0,
  "anoncount": 450818,
  "replaycount": 1186114,
  "gamesplayed": 37511774,
  "gamesplayed_delta": 2.8758587633807315,
  "gamesfinished": 26003734,
  "gametime": 5119819384.352416,
  "inputs": 18770537183,
  "piecesplaced": 4106552903
}
