{
  "usercount": 701397,
  "usercount_delta": 0.03315210184325686,
  "anoncount": 460852,
  "replaycount": 1200288,
  "gamesplayed": 38111366,
  "gamesplayed_delta": 1.6576050921628431,
  "gamesfinished": 26465070,
  "gametime": 5212145178.964591,
  "inputs": 19067747877,
  "piecesplaced": 4173720116
}
