{
  "usercount": 712185,
  "usercount_delta": 0.04460369615962176,
  "anoncount": 469172,
  "replaycount": 1211462,
  "gamesplayed": 38624503,
  "gamesplayed_delta": 4.713123894200033,
  "gamesfinished": 26863146,
  "gametime": 5292024474.82041,
  "inputs": 19325694024,
  "piecesplaced": 4231912948
}
