{
  "usercount": 688093,
  "usercount_delta": 0.06630420368651373,
  "anoncount": 450511,
  "replaycount": 1185603,
  "gamesplayed": 37491853,
  "gamesplayed_delta": 2.768200503911948,
  "gamesfinished": 25987933,
  "gametime": 5116579884.723114,
  "inputs": 18760152237,
  "piecesplaced": 4104238705
}
