{
  "usercount": 689805,
  "usercount_delta": 0.03758974551742284,
  "anoncount": 451880,
  "replaycount": 1187597,
  "gamesplayed": 37571202,
  "gamesplayed_delta": 3.458256587602902,
  "gamesfinished": 26049057,
  "gametime": 5128541856.048332,
  "inputs": 18799237991,
  "piecesplaced": 4113040771
}
