{
  "usercount": 689754,
  "usercount_delta": 0.07101137957357667,
  "anoncount": 451842,
  "replaycount": 1187531,
  "gamesplayed": 37568842,
  "gamesplayed_delta": 2.041577162740329,
  "gamesfinished": 26047256,
  "gametime": 5128188078.159448,
  "inputs": 18798081821,
  "piecesplaced": 4112779183
}
