{
  "usercount": 697109,
  "usercount_delta": 0.09397259759054259,
  "anoncount": 457590,
  "replaycount": 1195607,
  "gamesplayed": 37903911,
  "gamesplayed_delta": 1.7478903151840923,
  "gamesfinished": 26306098,
  "gametime": 5179371086.920866,
  "inputs": 18960423715,
  "piecesplaced": 4149309042
}
