{
  "usercount": 707855,
  "usercount_delta": 0.08876264867743654,
  "anoncount": 465798,
  "replaycount": 1206931,
  "gamesplayed": 38423161,
  "gamesplayed_delta": 3.0889401739747915,
  "gamesfinished": 26706547,
  "gametime": 5260957180.8121195,
  "inputs": 19226418519,
  "piecesplaced": 4209618149
}
