{
  "usercount": 690527,
  "usercount_delta": 0,
  "anoncount": 452446,
  "replaycount": 1188384,
  "gamesplayed": 37606745,
  "gamesplayed_delta": 2.2956673833035746,
  "gamesfinished": 26075760,
  "gametime": 5133894336.990002,
  "inputs": 18816249050,
  "piecesplaced": 4116860531
}
