{
  "usercount": 710409,
  "usercount_delta": 0.05638355855432556,
  "anoncount": 467817,
  "replaycount": 1209379,
  "gamesplayed": 38528359,
  "gamesplayed_delta": 2.687616291089518,
  "gamesfinished": 26787179,
  "gametime": 5277298242.360287,
  "inputs": 19279015778,
  "piecesplaced": 4221443925
}
