{
  "usercount": 694077,
  "usercount_delta": 0.03550505947097461,
  "anoncount": 455226,
  "replaycount": 1192088,
  "gamesplayed": 37771201,
  "gamesplayed_delta": 2.4676016332327357,
  "gamesfinished": 26204459,
  "gametime": 5158928655.117729,
  "inputs": 18894914408,
  "piecesplaced": 4134560856
}
