{
  "usercount": 689087,
  "usercount_delta": 0.05638355855432556,
  "anoncount": 451299,
  "replaycount": 1186803,
  "gamesplayed": 37542558,
  "gamesplayed_delta": 1.917040990847069,
  "gamesfinished": 26027310,
  "gametime": 5124387439.214207,
  "inputs": 18785425165,
  "piecesplaced": 4109905384
}
