{
  "usercount": 692996,
  "usercount_delta": 0.10931749444302737,
  "anoncount": 454390,
  "replaycount": 1191085,
  "gamesplayed": 37720861,
  "gamesplayed_delta": 3.0973290092191084,
  "gamesfinished": 26164630,
  "gametime": 5151116319.931716,
  "inputs": 18870102562,
  "piecesplaced": 4128993788
}
