{
  "usercount": 693196,
  "usercount_delta": 0.06630310464287491,
  "anoncount": 454549,
  "replaycount": 1191229,
  "gamesplayed": 37730980,
  "gamesplayed_delta": 3.3483067844651826,
  "gamesfinished": 26172873,
  "gametime": 5152728130.705264,
  "inputs": 18875024662,
  "piecesplaced": 4130096278
}
