{
  "usercount": 688960,
  "usercount_delta": 0.056384618276134266,
  "anoncount": 451201,
  "replaycount": 1186673,
  "gamesplayed": 37536370,
  "gamesplayed_delta": 2.706461677254445,
  "gamesfinished": 26022590,
  "gametime": 5123474545.247305,
  "inputs": 18782447584,
  "piecesplaced": 4109229230
}
