{
  "usercount": 718504,
  "usercount_delta": 0.03315210184325686,
  "anoncount": 474109,
  "replaycount": 1217963,
  "gamesplayed": 38907752,
  "gamesplayed_delta": 3.232329929717544,
  "gamesfinished": 27083637,
  "gametime": 5335707183.172725,
  "inputs": 19465013589,
  "piecesplaced": 4263124381
}
