{
  "usercount": 703310,
  "usercount_delta": 0.05325569835972449,
  "anoncount": 462308,
  "replaycount": 1202138,
  "gamesplayed": 38199759,
  "gamesplayed_delta": 1.9704608393098062,
  "gamesfinished": 26534677,
  "gametime": 5226354238.300161,
  "inputs": 19114156898,
  "piecesplaced": 4184276801
}
