{
  "usercount": 688996,
  "usercount_delta": 0.07517807807243408,
  "anoncount": 451228,
  "replaycount": 1186703,
  "gamesplayed": 37537591,
  "gamesplayed_delta": 2.236547822654914,
  "gamesfinished": 26023563,
  "gametime": 5123656882.25453,
  "inputs": 18783055514,
  "piecesplaced": 4109368577
}
