{
  "usercount": 688028,
  "usercount_delta": 0.059472479110291715,
  "anoncount": 450464,
  "replaycount": 1185517,
  "gamesplayed": 37488149,
  "gamesplayed_delta": 2.259954206191085,
  "gamesfinished": 25985007,
  "gametime": 5115954140.274228,
  "inputs": 18758151421,
  "piecesplaced": 4103788742
}
