{
  "usercount": 687792,
  "usercount_delta": 0.15919257525828995,
  "anoncount": 450272,
  "replaycount": 1185293,
  "gamesplayed": 37477724,
  "gamesplayed_delta": 2.5152426890809814,
  "gamesfinished": 25976772,
  "gametime": 5114243607.529988,
  "inputs": 18752813842,
  "piecesplaced": 4102584154
}
