{
  "usercount": 717359,
  "usercount_delta": 0.10651328753261968,
  "anoncount": 473216,
  "replaycount": 1216911,
  "gamesplayed": 38859833,
  "gamesplayed_delta": 4.384797003426177,
  "gamesfinished": 27044774,
  "gametime": 5328071714.899553,
  "inputs": 19440827773,
  "piecesplaced": 4257726196
}
