{
  "usercount": 720985,
  "usercount_delta": 0.09551706571574121,
  "anoncount": 476069,
  "replaycount": 1220788,
  "gamesplayed": 39031653,
  "gamesplayed_delta": 3.4704533876719306,
  "gamesfinished": 27178342,
  "gametime": 5354574884.76579,
  "inputs": 19525712378,
  "piecesplaced": 4276671672
}
