{
  "usercount": 712503,
  "usercount_delta": 0.09945300845350571,
  "anoncount": 469411,
  "replaycount": 1211687,
  "gamesplayed": 38635433,
  "gamesplayed_delta": 3.099618763467595,
  "gamesfinished": 26871925,
  "gametime": 5293693706.007209,
  "inputs": 19331053697,
  "piecesplaced": 4233103617
}
