{
  "usercount": 712855,
  "usercount_delta": 0.06367703010331598,
  "anoncount": 469672,
  "replaycount": 1211987,
  "gamesplayed": 38649866,
  "gamesplayed_delta": 3.6773484884664978,
  "gamesfinished": 26883644,
  "gametime": 5295994113.589001,
  "inputs": 19338239995,
  "piecesplaced": 4234716761
}
