{
  "usercount": 691178,
  "usercount_delta": 0.09945465696431235,
  "anoncount": 452949,
  "replaycount": 1189179,
  "gamesplayed": 37634775,
  "gamesplayed_delta": 2.3040328863399027,
  "gamesfinished": 26096859,
  "gametime": 5138189721.567135,
  "inputs": 18829757182,
  "piecesplaced": 4119926934
}
