{
  "usercount": 698165,
  "usercount_delta": 0.037588332581566686,
  "anoncount": 458407,
  "replaycount": 1196636,
  "gamesplayed": 37953019,
  "gamesplayed_delta": 3.646068260411968,
  "gamesfinished": 26344089,
  "gametime": 5187319505.976235,
  "inputs": 18986111087,
  "piecesplaced": 4155174800
}
