{
  "usercount": 716084,
  "usercount_delta": 0.07100633731560542,
  "anoncount": 472188,
  "replaycount": 1215473,
  "gamesplayed": 38798009,
  "gamesplayed_delta": 3.0177693359132305,
  "gamesfinished": 26997169,
  "gametime": 5318755785.490869,
  "inputs": 19411317451,
  "piecesplaced": 4251146078
}
