{
  "usercount": 701184,
  "usercount_delta": 0.016575776160718727,
  "anoncount": 460698,
  "replaycount": 1200123,
  "gamesplayed": 38102280,
  "gamesplayed_delta": 2.2708813340184655,
  "gamesfinished": 26458097,
  "gametime": 5210711115.057152,
  "inputs": 19063146811,
  "piecesplaced": 4172669335
}
