{
  "usercount": 714720,
  "usercount_delta": 0.03550505947097461,
  "anoncount": 471124,
  "replaycount": 1213928,
  "gamesplayed": 38736556,
  "gamesplayed_delta": 2.3255813953488373,
  "gamesfinished": 26950567,
  "gametime": 5309459173.260783,
  "inputs": 19381598339,
  "piecesplaced": 4244478288
}
