{
  "usercount": 688216,
  "usercount_delta": 0.03183750139289068,
  "anoncount": 450610,
  "replaycount": 1185798,
  "gamesplayed": 37499378,
  "gamesplayed_delta": 2.7857813718779347,
  "gamesfinished": 25993894,
  "gametime": 5117817381.45576,
  "inputs": 18764074274,
  "piecesplaced": 4105110908
}
