{
  "usercount": 723163,
  "usercount_delta": 0.07959628762914497,
  "anoncount": 477746,
  "replaycount": 1222952,
  "gamesplayed": 39129625,
  "gamesplayed_delta": 3.709187003518156,
  "gamesfinished": 27253097,
  "gametime": 5369751013.37182,
  "inputs": 19574083443,
  "piecesplaced": 4287530060
}
