{
  "usercount": 697359,
  "usercount_delta": 0.07517949103484568,
  "anoncount": 457788,
  "replaycount": 1195873,
  "gamesplayed": 37916802,
  "gamesplayed_delta": 1.8982821486298536,
  "gamesfinished": 26315678,
  "gametime": 5181332302.939916,
  "inputs": 18966767784,
  "piecesplaced": 4150754346
}
