{
  "usercount": 700697,
  "usercount_delta": 0.10931948619841488,
  "anoncount": 460339,
  "replaycount": 1199561,
  "gamesplayed": 38077794,
  "gamesplayed_delta": 1.6580122073426256,
  "gamesfinished": 26439820,
  "gametime": 5206995329.358104,
  "inputs": 19050886345,
  "piecesplaced": 4169862392
}
