{
  "usercount": 689402,
  "usercount_delta": 0.03759045202518561,
  "anoncount": 451551,
  "replaycount": 1187185,
  "gamesplayed": 37556540,
  "gamesplayed_delta": 1.5787989850577955,
  "gamesfinished": 26037976,
  "gametime": 5126330839.150997,
  "inputs": 18791928911,
  "piecesplaced": 4111383965
}
