{
  "usercount": 718743,
  "usercount_delta": 0.04972732848215618,
  "anoncount": 474302,
  "replaycount": 1218164,
  "gamesplayed": 38918841,
  "gamesplayed_delta": 2.784730395000746,
  "gamesfinished": 27092377,
  "gametime": 5337477084.00696,
  "inputs": 19470633543,
  "piecesplaced": 4264372631
}
