{
  "usercount": 688828,
  "usercount_delta": 0.01879451951810852,
  "anoncount": 451098,
  "replaycount": 1186513,
  "gamesplayed": 37529014,
  "gamesplayed_delta": 2.104986186028154,
  "gamesfinished": 26016676,
  "gametime": 5122342544.347205,
  "inputs": 18778708024,
  "piecesplaced": 4108383641
}
