{
  "usercount": 720368,
  "usercount_delta": 0.05638249887235002,
  "anoncount": 475589,
  "replaycount": 1220053,
  "gamesplayed": 38999726,
  "gamesplayed_delta": 3.3453615997594346,
  "gamesfinished": 27153978,
  "gametime": 5349678118.162889,
  "inputs": 19510146941,
  "piecesplaced": 4273194464
}
