{
  "usercount": 689959,
  "usercount_delta": 0.03643916481434245,
  "anoncount": 452000,
  "replaycount": 1187788,
  "gamesplayed": 37578380,
  "gamesplayed_delta": 3.006231097183252,
  "gamesfinished": 26054139,
  "gametime": 5129588052.296778,
  "inputs": 18802611862,
  "piecesplaced": 4113804854
}
