{
  "usercount": 703667,
  "usercount_delta": 0.017752529735487306,
  "anoncount": 462573,
  "replaycount": 1202455,
  "gamesplayed": 38218051,
  "gamesplayed_delta": 1.7042428546067816,
  "gamesfinished": 26548440,
  "gametime": 5229221915.166818,
  "inputs": 19123734705,
  "piecesplaced": 4186458970
}
