{
  "usercount": 721899,
  "usercount_delta": 0.047757772577486986,
  "anoncount": 476779,
  "replaycount": 1221585,
  "gamesplayed": 39071661,
  "gamesplayed_delta": 2.642596749287613,
  "gamesfinished": 27208991,
  "gametime": 5360752000.831506,
  "inputs": 19545272260,
  "piecesplaced": 4281039245
}
