{
  "usercount": 696482,
  "usercount_delta": 0.01591900410710306,
  "anoncount": 457106,
  "replaycount": 1194965,
  "gamesplayed": 37875043,
  "gamesplayed_delta": 2.738068706421726,
  "gamesfinished": 26283956,
  "gametime": 5174912391.26359,
  "inputs": 18945982417,
  "piecesplaced": 4146042914
}
