{
  "usercount": 715491,
  "usercount_delta": 0.018219582407171225,
  "anoncount": 471739,
  "replaycount": 1214793,
  "gamesplayed": 38769174,
  "gamesplayed_delta": 3.133768174033451,
  "gamesfinished": 26975160,
  "gametime": 5314344248.449687,
  "inputs": 19397285439,
  "piecesplaced": 4247994742
}
