{
  "usercount": 707437,
  "usercount_delta": 0.035503798906482996,
  "anoncount": 465464,
  "replaycount": 1206434,
  "gamesplayed": 38402505,
  "gamesplayed_delta": 2.6627849179862246,
  "gamesfinished": 26690622,
  "gametime": 5257770822.5922575,
  "inputs": 19215972126,
  "piecesplaced": 4207268839
}
