{
  "usercount": 689523,
  "usercount_delta": 0.017752529735487306,
  "anoncount": 451656,
  "replaycount": 1187300,
  "gamesplayed": 37560978,
  "gamesplayed_delta": 2.3433339250843246,
  "gamesfinished": 26041288,
  "gametime": 5126988703.026429,
  "inputs": 18794154227,
  "piecesplaced": 4111891889
}
