{
  "usercount": 715900,
  "usercount_delta": 0.04460303300624442,
  "anoncount": 472050,
  "replaycount": 1215251,
  "gamesplayed": 38788991,
  "gamesplayed_delta": 3.6128456735057983,
  "gamesfinished": 26990294,
  "gametime": 5317334786.590312,
  "inputs": 19406758081,
  "piecesplaced": 4250124991
}
