{
  "usercount": 717706,
  "usercount_delta": 0.08876107294384974,
  "anoncount": 473495,
  "replaycount": 1217307,
  "gamesplayed": 38874041,
  "gamesplayed_delta": 3.053380909268431,
  "gamesfinished": 27056157,
  "gametime": 5330300196.020114,
  "inputs": 19447964921,
  "piecesplaced": 4259326461
}
