{
  "usercount": 696916,
  "usercount_delta": 0.047757772577486986,
  "anoncount": 457440,
  "replaycount": 1195427,
  "gamesplayed": 37894167,
  "gamesplayed_delta": 3.438559625579063,
  "gamesfinished": 26298493,
  "gametime": 5177883369.14674,
  "inputs": 18955574391,
  "piecesplaced": 4148209267
}
