{
  "usercount": 699307,
  "usercount_delta": 0.029734471172430197,
  "anoncount": 459289,
  "replaycount": 1197911,
  "gamesplayed": 38004627,
  "gamesplayed_delta": 2.7653058190360085,
  "gamesfinished": 26384012,
  "gametime": 5195587774.309558,
  "inputs": 19012929009,
  "piecesplaced": 4161233296
}
