{
  "usercount": 702956,
  "usercount_delta": 0.053257589206461925,
  "anoncount": 462040,
  "replaycount": 1201641,
  "gamesplayed": 38179566,
  "gamesplayed_delta": 2.8048996982069947,
  "gamesfinished": 26518692,
  "gametime": 5223021953.501566,
  "inputs": 19102939251,
  "piecesplaced": 4181733647
}
