{
  "usercount": 698930,
  "usercount_delta": 0.044604359332718786,
  "anoncount": 458993,
  "replaycount": 1197480,
  "gamesplayed": 37986471,
  "gamesplayed_delta": 3.2858544708436175,
  "gamesfinished": 26369817,
  "gametime": 5192614106.341878,
  "inputs": 19003145788,
  "piecesplaced": 4159020495
}
