{
  "usercount": 689363,
  "usercount_delta": 0.05465974309920744,
  "anoncount": 451518,
  "replaycount": 1187139,
  "gamesplayed": 37555009,
  "gamesplayed_delta": 2.05885032340348,
  "gamesfinished": 26036758,
  "gametime": 5126104083.220773,
  "inputs": 18791146963,
  "piecesplaced": 4111204038
}
