{
  "usercount": 701866,
  "usercount_delta": 0.01486789871987392,
  "anoncount": 461192,
  "replaycount": 1200762,
  "gamesplayed": 38133130,
  "gamesplayed_delta": 2.215316909261214,
  "gamesfinished": 26481345,
  "gametime": 5215468569.432783,
  "inputs": 19078348003,
  "piecesplaced": 4176132002
}
