{
  "usercount": 687993,
  "usercount_delta": 0.02973579743974784,
  "anoncount": 450433,
  "replaycount": 1185489,
  "gamesplayed": 37486530,
  "gamesplayed_delta": 2.453203288779197,
  "gamesfinished": 25983705,
  "gametime": 5115683319.929002,
  "inputs": 18757279564,
  "piecesplaced": 4103593627
}
