{
  "usercount": 717940,
  "usercount_delta": 0.05325664376630984,
  "anoncount": 473683,
  "replaycount": 1217433,
  "gamesplayed": 38882303,
  "gamesplayed_delta": 4.154018213772168,
  "gamesfinished": 27062933,
  "gametime": 5331615198.6785755,
  "inputs": 19452185947,
  "piecesplaced": 4260271961
}
