{
  "usercount": 690436,
  "usercount_delta": 0.05465974309920744,
  "anoncount": 452377,
  "replaycount": 1188226,
  "gamesplayed": 37601798,
  "gamesplayed_delta": 3.206704928486836,
  "gamesfinished": 26071990,
  "gametime": 5133118376.339559,
  "inputs": 18813819837,
  "piecesplaced": 4116322595
}
