{
  "usercount": 720182,
  "usercount_delta": 0.053257589206461925,
  "anoncount": 475445,
  "replaycount": 1219849,
  "gamesplayed": 38990315,
  "gamesplayed_delta": 1.9882833303745784,
  "gamesfinished": 27146928,
  "gametime": 5348311931.377329,
  "inputs": 19505570646,
  "piecesplaced": 4272154929
}
