{
  "usercount": 715182,
  "usercount_delta": 0.10651517841292385,
  "anoncount": 471483,
  "replaycount": 1214470,
  "gamesplayed": 38757056,
  "gamesplayed_delta": 3.799041363394284,
  "gamesfinished": 26965884,
  "gametime": 5312437691.861878,
  "inputs": 19391217246,
  "piecesplaced": 4246647523
}
