{
  "usercount": 695127,
  "usercount_delta": 0.06630200563567049,
  "anoncount": 456064,
  "replaycount": 1193297,
  "gamesplayed": 37815042,
  "gamesplayed_delta": 3.2487982761478538,
  "gamesfinished": 26238492,
  "gametime": 5165558231.660231,
  "inputs": 18916574968,
  "piecesplaced": 4139462230
}
