{
  "usercount": 702224,
  "usercount_delta": 0.06630090666489864,
  "anoncount": 461459,
  "replaycount": 1201107,
  "gamesplayed": 38149038,
  "gamesplayed_delta": 2.8509389865906414,
  "gamesfinished": 26493820,
  "gametime": 5218027837.509434,
  "inputs": 19086620685,
  "piecesplaced": 4178016697
}
