{
  "usercount": 700854,
  "usercount_delta": 0.047757772577486986,
  "anoncount": 460443,
  "replaycount": 1199738,
  "gamesplayed": 38085331,
  "gamesplayed_delta": 1.4804909499020966,
  "gamesfinished": 26445579,
  "gametime": 5208205821.095244,
  "inputs": 19054775588,
  "piecesplaced": 4170753211
}
