{
  "usercount": 705584,
  "usercount_delta": 0.04460369615962176,
  "anoncount": 464019,
  "replaycount": 1204761,
  "gamesplayed": 38319686,
  "gamesplayed_delta": 3.2858056170921364,
  "gamesfinished": 26624592,
  "gametime": 5244934021.765712,
  "inputs": 19175789385,
  "piecesplaced": 4198307962
}
