{
  "usercount": 699803,
  "usercount_delta": 0.03550505947097461,
  "anoncount": 459660,
  "replaycount": 1198596,
  "gamesplayed": 38035451,
  "gamesplayed_delta": 2.7338895792650453,
  "gamesfinished": 26407065,
  "gametime": 5200258435.273336,
  "inputs": 19029043420,
  "piecesplaced": 4164926995
}
