{
  "usercount": 690301,
  "usercount_delta": 0.05325569835972449,
  "anoncount": 452273,
  "replaycount": 1188127,
  "gamesplayed": 37595374,
  "gamesplayed_delta": 3.568131790101541,
  "gamesfinished": 26066953,
  "gametime": 5132098084.434561,
  "inputs": 18810553089,
  "piecesplaced": 4115587858
}
