{
  "usercount": 688422,
  "usercount_delta": 0.07434059888786465,
  "anoncount": 450778,
  "replaycount": 1186044,
  "gamesplayed": 37509216,
  "gamesplayed_delta": 2.497844122632252,
  "gamesfinished": 26001660,
  "gametime": 5119410650.248528,
  "inputs": 18769178305,
  "piecesplaced": 4106247368
}
