{
  "usercount": 708066,
  "usercount_delta": 0.10407993338884262,
  "anoncount": 465971,
  "replaycount": 1207104,
  "gamesplayed": 38434004,
  "gamesplayed_delta": 3.196740811228738,
  "gamesfinished": 26714960,
  "gametime": 5262671323.947136,
  "inputs": 19232021129,
  "piecesplaced": 4210866367
}
