{
  "usercount": 707648,
  "usercount_delta": 0.13381307799815637,
  "anoncount": 465628,
  "replaycount": 1206685,
  "gamesplayed": 38413002,
  "gamesplayed_delta": 2.6167890808528353,
  "gamesfinished": 26698900,
  "gametime": 5259423375.632446,
  "inputs": 19221420430,
  "piecesplaced": 4208498166
}
