{
  "usercount": 710792,
  "usercount_delta": 0.07287965746560991,
  "anoncount": 468099,
  "replaycount": 1209875,
  "gamesplayed": 38549089,
  "gamesplayed_delta": 3.388904072150861,
  "gamesfinished": 26803076,
  "gametime": 5280513639.7859335,
  "inputs": 19289220942,
  "piecesplaced": 4223720556
}
