{
  "usercount": 704268,
  "usercount_delta": 0.03315210184325686,
  "anoncount": 463016,
  "replaycount": 1203191,
  "gamesplayed": 38248863,
  "gamesplayed_delta": 2.2211908234982096,
  "gamesfinished": 26570643,
  "gametime": 5233859633.006157,
  "inputs": 19139470923,
  "piecesplaced": 4190056989
}
