{
  "usercount": 724491,
  "usercount_delta": 0.014868340841845457,
  "anoncount": 478787,
  "replaycount": 1224061,
  "gamesplayed": 39181962,
  "gamesplayed_delta": 2.899326464159864,
  "gamesfinished": 27294737,
  "gametime": 5378143937.013348,
  "inputs": 19600546485,
  "piecesplaced": 4293428499
}
