{
  "usercount": 702089,
  "usercount_delta": 0.07100885835507979,
  "anoncount": 461356,
  "replaycount": 1200978,
  "gamesplayed": 38143009,
  "gamesplayed_delta": 2.2367790381850137,
  "gamesfinished": 26489025,
  "gametime": 5217045602.444341,
  "inputs": 19083419325,
  "piecesplaced": 4177289054
}
