{
  "usercount": 705237,
  "usercount_delta": 0.03758974551742284,
  "anoncount": 463749,
  "replaycount": 1204323,
  "gamesplayed": 38301866,
  "gamesplayed_delta": 2.1614103672518135,
  "gamesfinished": 26610980,
  "gametime": 5242194329.248723,
  "inputs": 19166984966,
  "piecesplaced": 4196302098
}
