{
  "usercount": 705363,
  "usercount_delta": 0.03183851505165799,
  "anoncount": 463854,
  "replaycount": 1204529,
  "gamesplayed": 38309357,
  "gamesplayed_delta": 2.196857538564401,
  "gamesfinished": 26616588,
  "gametime": 5243367270.982843,
  "inputs": 19170820765,
  "piecesplaced": 4197175883
}
