{
  "usercount": 695350,
  "usercount_delta": 0.09945465696431235,
  "anoncount": 456233,
  "replaycount": 1193577,
  "gamesplayed": 37824136,
  "gamesplayed_delta": 2.9836397089293705,
  "gamesfinished": 26245346,
  "gametime": 5167019056.5300045,
  "inputs": 18921177341,
  "piecesplaced": 4140497801
}
