{
  "usercount": 706046,
  "usercount_delta": 0.1486789871987392,
  "anoncount": 464358,
  "replaycount": 1205267,
  "gamesplayed": 38346291,
  "gamesplayed_delta": 2.780297060616423,
  "gamesfinished": 26645085,
  "gametime": 5248859493.534493,
  "inputs": 19188179108,
  "piecesplaced": 4201079112
}
