{
  "usercount": 708974,
  "usercount_delta": 0.08876264867743654,
  "anoncount": 466691,
  "replaycount": 1207989,
  "gamesplayed": 38468876,
  "gamesplayed_delta": 2.414344044026274,
  "gamesfinished": 26741543,
  "gametime": 5268024701.437986,
  "inputs": 19249678871,
  "piecesplaced": 4214851654
}
