{
  "usercount": 693870,
  "usercount_delta": 0.0728770018401443,
  "anoncount": 455072,
  "replaycount": 1191904,
  "gamesplayed": 37761995,
  "gamesplayed_delta": 3.224807331426385,
  "gamesfinished": 26197306,
  "gametime": 5157561354.511271,
  "inputs": 18890608815,
  "piecesplaced": 4133603574
}
