{
  "usercount": 714390,
  "usercount_delta": 0.08287888080359362,
  "anoncount": 470872,
  "replaycount": 1213594,
  "gamesplayed": 38718841,
  "gamesplayed_delta": 2.2708813340184655,
  "gamesfinished": 26937745,
  "gametime": 5306923325.049966,
  "inputs": 19373187698,
  "piecesplaced": 4242553810
}
