{
  "usercount": 706424,
  "usercount_delta": 0.13260840737302745,
  "anoncount": 464650,
  "replaycount": 1205543,
  "gamesplayed": 38360874,
  "gamesplayed_delta": 3.5141227953852274,
  "gamesfinished": 26656452,
  "gametime": 5251048624.658531,
  "inputs": 19195074969,
  "piecesplaced": 4202615905
}
