{
  "usercount": 706874,
  "usercount_delta": 0.10407529103911745,
  "anoncount": 465004,
  "replaycount": 1205907,
  "gamesplayed": 38379422,
  "gamesplayed_delta": 2.810032858056171,
  "gamesfinished": 26671962,
  "gametime": 5254112061.118536,
  "inputs": 19204528208,
  "piecesplaced": 4204715497
}
