{
  "usercount": 696089,
  "usercount_delta": 0,
  "anoncount": 456809,
  "replaycount": 1194325,
  "gamesplayed": 37853920,
  "gamesplayed_delta": 3.3265674334686515,
  "gamesfinished": 26268104,
  "gametime": 5171720594.683253,
  "inputs": 18935955460,
  "piecesplaced": 4143811888
}
