{
  "usercount": 689478,
  "usercount_delta": 0.03550505947097461,
  "anoncount": 451615,
  "replaycount": 1187248,
  "gamesplayed": 37559348,
  "gamesplayed_delta": 2.9114148766199186,
  "gamesfinished": 26040064,
  "gametime": 5126752610.123766,
  "inputs": 18793362617,
  "piecesplaced": 4111711839
}
