{
  "usercount": 696682,
  "usercount_delta": 0.033151552321437454,
  "anoncount": 457262,
  "replaycount": 1195214,
  "gamesplayed": 37884383,
  "gamesplayed_delta": 2.2874571101791843,
  "gamesfinished": 26291102,
  "gametime": 5176352002.334399,
  "inputs": 18950664562,
  "piecesplaced": 4147092977
}
