{
  "usercount": 702515,
  "usercount_delta": 0.106517069360365,
  "anoncount": 461699,
  "replaycount": 1201251,
  "gamesplayed": 38158536,
  "gamesplayed_delta": 3.1600063910241616,
  "gamesfinished": 26501554,
  "gametime": 5219603743.182208,
  "inputs": 19091713743,
  "piecesplaced": 4179175937
}
