{
  "usercount": 704978,
  "usercount_delta": 0,
  "anoncount": 463563,
  "replaycount": 1204073,
  "gamesplayed": 38285989,
  "gamesplayed_delta": 1.9172391755871543,
  "gamesfinished": 26599228,
  "gametime": 5239796683.782408,
  "inputs": 19158990646,
  "piecesplaced": 4194482608
}
