{
  "usercount": 714925,
  "usercount_delta": 0.029736239555145857,
  "anoncount": 471294,
  "replaycount": 1214140,
  "gamesplayed": 38746852,
  "gamesplayed_delta": 2.33429480507895,
  "gamesfinished": 26958193,
  "gametime": 5310861365.670445,
  "inputs": 19386197633,
  "piecesplaced": 4245520498
}
