{
  "usercount": 719146,
  "usercount_delta": 0.03643916481434245,
  "anoncount": 474616,
  "replaycount": 1218607,
  "gamesplayed": 38940732,
  "gamesplayed_delta": 2.96979193236891,
  "gamesfinished": 27109341,
  "gametime": 5340904684.582979,
  "inputs": 19481712375,
  "piecesplaced": 4266829662
}
