{
  "usercount": 688407,
  "usercount_delta": 0,
  "anoncount": 450766,
  "replaycount": 1185993,
  "gamesplayed": 37507960,
  "gamesplayed_delta": 3.4581915913319676,
  "gamesfinished": 26000625,
  "gametime": 5119213925.90875,
  "inputs": 18768515986,
  "piecesplaced": 4106100510
}
