{
  "usercount": 711997,
  "usercount_delta": 0.10651328753261968,
  "anoncount": 469023,
  "replaycount": 1211296,
  "gamesplayed": 38615027,
  "gamesplayed_delta": 3.37292077186629,
  "gamesfinished": 26855343,
  "gametime": 5290507638.548723,
  "inputs": 19320888738,
  "piecesplaced": 4230836639
}
