{
  "usercount": 688242,
  "usercount_delta": 0.09551554515497397,
  "anoncount": 450632,
  "replaycount": 1185833,
  "gamesplayed": 37500643,
  "gamesplayed_delta": 3.072416702484996,
  "gamesfinished": 25994882,
  "gametime": 5118014747.672757,
  "inputs": 18764692723,
  "piecesplaced": 4105249144
}
