{
  "usercount": 701568,
  "usercount_delta": 0.07101768340316739,
  "anoncount": 460978,
  "replaycount": 1200492,
  "gamesplayed": 38119475,
  "gamesplayed_delta": 2.3613379731553157,
  "gamesfinished": 26471308,
  "gametime": 5213457354.986262,
  "inputs": 19071915291,
  "piecesplaced": 4174667338
}
