{
  "usercount": 719788,
  "usercount_delta": 0.07288098535092194,
  "anoncount": 475120,
  "replaycount": 1219288,
  "gamesplayed": 38970132,
  "gamesplayed_delta": 1.2207565046279425,
  "gamesfinished": 27131838,
  "gametime": 5345388397.814193,
  "inputs": 19495988659,
  "piecesplaced": 4269989046
}
