{
  "usercount": 718202,
  "usercount_delta": 0.09397436379355711,
  "anoncount": 473890,
  "replaycount": 1217646,
  "gamesplayed": 38893244,
  "gamesplayed_delta": 4.341615607262338,
  "gamesfinished": 27071762,
  "gametime": 5333304658.989362,
  "inputs": 19457522818,
  "piecesplaced": 4261458059
}
