{
  "usercount": 722504,
  "usercount_delta": 0.044604359332718786,
  "anoncount": 477248,
  "replaycount": 1222295,
  "gamesplayed": 39102075,
  "gamesplayed_delta": 2.9884920752921587,
  "gamesfinished": 27231873,
  "gametime": 5365311100.179615,
  "inputs": 19560012216,
  "piecesplaced": 4284357053
}
