{
  "usercount": 724267,
  "usercount_delta": 0.12426991425375916,
  "anoncount": 478605,
  "replaycount": 1223837,
  "gamesplayed": 39171242,
  "gamesplayed_delta": 3.3375348399581033,
  "gamesfinished": 27286507,
  "gametime": 5376425240.690927,
  "inputs": 19595151082,
  "piecesplaced": 4292215288
}
