{
  "usercount": 691692,
  "usercount_delta": 0.017752214588769948,
  "anoncount": 453345,
  "replaycount": 1189700,
  "gamesplayed": 37658928,
  "gamesplayed_delta": 4.0297527116507785,
  "gamesfinished": 26115654,
  "gametime": 5141734773.070838,
  "inputs": 18840885563,
  "piecesplaced": 4122424450
}
