{
  "usercount": 713848,
  "usercount_delta": 0.11603043312503108,
  "anoncount": 470444,
  "replaycount": 1212969,
  "gamesplayed": 38691750,
  "gamesplayed_delta": 2.0388204677684034,
  "gamesfinished": 26916977,
  "gametime": 5302859705.668372,
  "inputs": 19360047537,
  "piecesplaced": 4239577291
}
