{
  "usercount": 697548,
  "usercount_delta": 0.04972732848215618,
  "anoncount": 457929,
  "replaycount": 1196091,
  "gamesplayed": 37926254,
  "gamesplayed_delta": 2.237729781697028,
  "gamesfinished": 26322818,
  "gametime": 5182792252.953885,
  "inputs": 18971651918,
  "piecesplaced": 4151874691
}
