{
  "usercount": 688641,
  "usercount_delta": 0.059472479110291715,
  "anoncount": 450952,
  "replaycount": 1186287,
  "gamesplayed": 37519740,
  "gamesplayed_delta": 3.4642719081744926,
  "gamesfinished": 26009621,
  "gametime": 5120975799.421745,
  "inputs": 18774268177,
  "piecesplaced": 4107396495
}
