{
  "usercount": 695639,
  "usercount_delta": 0.03758903903621704,
  "anoncount": 456451,
  "replaycount": 1193877,
  "gamesplayed": 37835689,
  "gamesplayed_delta": 2.7627943691619525,
  "gamesfinished": 26254005,
  "gametime": 5168784640.800242,
  "inputs": 18926743520,
  "piecesplaced": 4141749171
}
