{
  "usercount": 704405,
  "usercount_delta": 0.047757772577486986,
  "anoncount": 463119,
  "replaycount": 1203398,
  "gamesplayed": 38256115,
  "gamesplayed_delta": 2.0695034783577695,
  "gamesfinished": 26576114,
  "gametime": 5235012629.653959,
  "inputs": 19143391182,
  "piecesplaced": 4190949848
}
