{
  "usercount": 715705,
  "usercount_delta": 0.0532585346801825,
  "anoncount": 471899,
  "replaycount": 1215036,
  "gamesplayed": 38780438,
  "gamesplayed_delta": 2.98247794209022,
  "gamesfinished": 26983768,
  "gametime": 5316031973.701659,
  "inputs": 19402582054,
  "piecesplaced": 4249181584
}
