{
  "usercount": 699432,
  "usercount_delta": 0.029736681683690914,
  "anoncount": 459386,
  "replaycount": 1198053,
  "gamesplayed": 38012784,
  "gamesplayed_delta": 2.5127496022718825,
  "gamesfinished": 26390211,
  "gametime": 5196855296.787254,
  "inputs": 19017155344,
  "piecesplaced": 4162204533
}
