{
  "usercount": 697685,
  "usercount_delta": 0.029736681683690914,
  "anoncount": 458033,
  "replaycount": 1196263,
  "gamesplayed": 37932330,
  "gamesplayed_delta": 1.8585426052306822,
  "gamesfinished": 26327421,
  "gametime": 5183815909.45022,
  "inputs": 18974966742,
  "piecesplaced": 4152634972
}
