{
  "usercount": 723982,
  "usercount_delta": 0.11276923655226853,
  "anoncount": 478380,
  "replaycount": 1223574,
  "gamesplayed": 39158775,
  "gamesplayed_delta": 3.025974514152539,
  "gamesfinished": 27276512,
  "gametime": 5374435639.740146,
  "inputs": 19588868165,
  "piecesplaced": 4290808210
}
