{
  "usercount": 719973,
  "usercount_delta": 0.056384618276134266,
  "anoncount": 475271,
  "replaycount": 1219555,
  "gamesplayed": 38979668,
  "gamesplayed_delta": 2.405743713115062,
  "gamesfinished": 27138799,
  "gametime": 5346730708.795089,
  "inputs": 19500400827,
  "piecesplaced": 4270982402
}
