{
  "usercount": 694290,
  "usercount_delta": 0.06630420368651373,
  "anoncount": 455400,
  "replaycount": 1192328,
  "gamesplayed": 37780297,
  "gamesplayed_delta": 1.9559740087521549,
  "gamesfinished": 26211682,
  "gametime": 5160320261.11006,
  "inputs": 18899320213,
  "piecesplaced": 4135559723
}
