{
  "usercount": 701037,
  "usercount_delta": 0.04775701232130918,
  "anoncount": 460590,
  "replaycount": 1199920,
  "gamesplayed": 38093798,
  "gamesplayed_delta": 2.069470533923398,
  "gamesfinished": 26451960,
  "gametime": 5209470878.4777,
  "inputs": 19059031693,
  "piecesplaced": 4171728080
}
