{
  "usercount": 708236,
  "usercount_delta": 0,
  "anoncount": 466110,
  "replaycount": 1207285,
  "gamesplayed": 38442569,
  "gamesplayed_delta": 2.3304766200571345,
  "gamesfinished": 26721623,
  "gametime": 5264022002.751674,
  "inputs": 19236581596,
  "piecesplaced": 4211894385
}
