{
  "usercount": 693428,
  "usercount_delta": 0,
  "anoncount": 454726,
  "replaycount": 1191500,
  "gamesplayed": 37742209,
  "gamesplayed_delta": 2.480923204149908,
  "gamesfinished": 26181954,
  "gametime": 5154481243.862037,
  "inputs": 18880643294,
  "piecesplaced": 4131356663
}
