{
  "usercount": 710599,
  "usercount_delta": 0.035505689786788336,
  "anoncount": 467960,
  "replaycount": 1209613,
  "gamesplayed": 38538829,
  "gamesplayed_delta": 2.34337552592803,
  "gamesfinished": 26795227,
  "gametime": 5278935928.988406,
  "inputs": 19284219183,
  "piecesplaced": 4222604286
}
