{
  "usercount": 708584,
  "usercount_delta": 0.018219914366402478,
  "anoncount": 466383,
  "replaycount": 1207725,
  "gamesplayed": 38459794,
  "gamesplayed_delta": 1.3482736631137835,
  "gamesfinished": 26734677,
  "gametime": 5266600639.551322,
  "inputs": 19245119174,
  "piecesplaced": 4213824670
}
