{
  "usercount": 688326,
  "usercount_delta": 0.11894495822058343,
  "anoncount": 450702,
  "replaycount": 1185919,
  "gamesplayed": 37504447,
  "gamesplayed_delta": 3.0628326741800236,
  "gamesfinished": 25997946,
  "gametime": 5118685411.678514,
  "inputs": 18766795603,
  "piecesplaced": 4105717933
}
