{
  "usercount": 687948,
  "usercount_delta": 0.0728783296286849,
  "anoncount": 450393,
  "replaycount": 1185424,
  "gamesplayed": 37484400,
  "gamesplayed_delta": 2.2045694712677184,
  "gamesfinished": 25982033,
  "gametime": 5115312080.24489,
  "inputs": 18756117477,
  "piecesplaced": 4103331368
}
