{
  "usercount": 694889,
  "usercount_delta": 0.07287965746560991,
  "anoncount": 455885,
  "replaycount": 1193032,
  "gamesplayed": 37805291,
  "gamesplayed_delta": 2.1499498952354923,
  "gamesfinished": 26231335,
  "gametime": 5164087440.35212,
  "inputs": 18911785257,
  "piecesplaced": 4138373056
}
