{
  "usercount": 697866,
  "usercount_delta": 0.11603427984153034,
  "anoncount": 458181,
  "replaycount": 1196429,
  "gamesplayed": 37941333,
  "gamesplayed_delta": 3.06662025295473,
  "gamesfinished": 26334655,
  "gametime": 5185341759.877454,
  "inputs": 18979857171,
  "piecesplaced": 4153750846
}
