{
  "usercount": 699151,
  "usercount_delta": 0.07517807807243408,
  "anoncount": 459167,
  "replaycount": 1197718,
  "gamesplayed": 37996555,
  "gamesplayed_delta": 2.819177927716278,
  "gamesfinished": 26377579,
  "gametime": 5194264022.527571,
  "inputs": 19008559979,
  "piecesplaced": 4160239020
}
