{
  "usercount": 714026,
  "usercount_delta": 0.04972815276488529,
  "anoncount": 470588,
  "replaycount": 1213172,
  "gamesplayed": 38700342,
  "gamesplayed_delta": 2.304071078106352,
  "gamesfinished": 26923499,
  "gametime": 5304192936.23671,
  "inputs": 19364327252,
  "piecesplaced": 4240541858
}
