{
  "usercount": 698437,
  "usercount_delta": 0.07287965746560991,
  "anoncount": 458606,
  "replaycount": 1196925,
  "gamesplayed": 37964230,
  "gamesplayed_delta": 2.660107497494762,
  "gamesfinished": 26353041,
  "gametime": 5189181448.233469,
  "inputs": 18992013383,
  "piecesplaced": 4156507692
}
