{
  "usercount": 689864,
  "usercount_delta": 0.0910995718320124,
  "anoncount": 451926,
  "replaycount": 1187676,
  "gamesplayed": 37573854,
  "gamesplayed_delta": 2.6418875831283595,
  "gamesfinished": 26050901,
  "gametime": 5128934654.466786,
  "inputs": 18800503600,
  "piecesplaced": 4113331426
}
