{
  "usercount": 688853,
  "usercount_delta": 0.018795226012592803,
  "anoncount": 451117,
  "replaycount": 1186553,
  "gamesplayed": 37531017,
  "gamesplayed_delta": 2.1426557654355793,
  "gamesfinished": 26018310,
  "gametime": 5122655265.561654,
  "inputs": 18779747192,
  "piecesplaced": 4108616668
}
