{
  "usercount": 713622,
  "usercount_delta": 0.05465775138010822,
  "anoncount": 470280,
  "replaycount": 1212705,
  "gamesplayed": 38680960,
  "gamesplayed_delta": 2.186310055204329,
  "gamesfinished": 26908703,
  "gametime": 5301134178.359896,
  "inputs": 19354587787,
  "piecesplaced": 4238371629
}
