{
  "usercount": 704539,
  "usercount_delta": 0.056384618276134266,
  "anoncount": 463225,
  "replaycount": 1203566,
  "gamesplayed": 38263248,
  "gamesplayed_delta": 1.7855129120775852,
  "gamesfinished": 26581474,
  "gametime": 5236137086.593411,
  "inputs": 19147126996,
  "piecesplaced": 4191805674
}
