{
  "usercount": 720757,
  "usercount_delta": 0.03643916481434245,
  "anoncount": 475886,
  "replaycount": 1220552,
  "gamesplayed": 39019689,
  "gamesplayed_delta": 2.8786940203330538,
  "gamesfinished": 27169322,
  "gametime": 5352716412.5995865,
  "inputs": 19519919523,
  "piecesplaced": 4275378270
}
