{
  "usercount": 725894,
  "usercount_delta": 0.14967072440630613,
  "anoncount": 479907,
  "replaycount": 1225413,
  "gamesplayed": 39238584,
  "gamesplayed_delta": 1.5299674050422405,
  "gamesfinished": 27337036,
  "gametime": 5386436448.16758,
  "inputs": 19627354027,
  "piecesplaced": 4299469349
}
