{
  "usercount": 688688,
  "usercount_delta": 0.07434059888786465,
  "anoncount": 450988,
  "replaycount": 1186319,
  "gamesplayed": 37521908,
  "gamesplayed_delta": 2.4086354039668145,
  "gamesfinished": 26011236,
  "gametime": 5121284161.459418,
  "inputs": 18775254113,
  "piecesplaced": 4107617414
}
