{
  "usercount": 726642,
  "usercount_delta": 0.0701311452416018,
  "anoncount": 480474,
  "replaycount": 1226665,
  "gamesplayed": 39256972,
  "gamesplayed_delta": 2.542254015008065,
  "gamesfinished": 27350357,
  "gametime": 5388817081.093669,
  "inputs": 19634659069,
  "piecesplaced": 4301124289
}
