{
  "usercount": 698672,
  "usercount_delta": 0.05465974309920744,
  "anoncount": 458781,
  "replaycount": 1197241,
  "gamesplayed": 37976348,
  "gamesplayed_delta": 2.9516261273572013,
  "gamesfinished": 26361960,
  "gametime": 5190996962.747359,
  "inputs": 18997878441,
  "piecesplaced": 4157836211
}
