{
  "usercount": 703143,
  "usercount_delta": 0.06367804381049413,
  "anoncount": 462187,
  "replaycount": 1201913,
  "gamesplayed": 38190678,
  "gamesplayed_delta": 2.833672949566989,
  "gamesfinished": 26527471,
  "gametime": 5224809374.085719,
  "inputs": 19108937191,
  "piecesplaced": 4183096667
}
