{
  "usercount": 726947,
  "usercount_delta": 0.11038339833689013,
  "anoncount": 480712,
  "replaycount": 1227642,
  "gamesplayed": 39269168,
  "gamesplayed_delta": 3.311501950106704,
  "gamesfinished": 27359569,
  "gametime": 5390811147.815893,
  "inputs": 19640876880,
  "piecesplaced": 4302513524
}
