{
  "usercount": 691453,
  "usercount_delta": 0.09551554515497397,
  "anoncount": 453171,
  "replaycount": 1189437,
  "gamesplayed": 37645889,
  "gamesplayed_delta": 4.887212060429501,
  "gamesfinished": 26105318,
  "gametime": 5139819385.195576,
  "inputs": 18834855351,
  "piecesplaced": 4121079161
}
