{
  "usercount": 721252,
  "usercount_delta": 0.016575776160718727,
  "anoncount": 476272,
  "replaycount": 1220943,
  "gamesplayed": 39042485,
  "gamesplayed_delta": 3.0996701420544017,
  "gamesfinished": 27186673,
  "gametime": 5356272190.737558,
  "inputs": 19531115849,
  "piecesplaced": 4277875513
}
