{
  "usercount": 725180,
  "usercount_delta": 0,
  "anoncount": 479336,
  "replaycount": 1224721,
  "gamesplayed": 39212522,
  "gamesplayed_delta": 2.5275427823785663,
  "gamesfinished": 27317641,
  "gametime": 5382635617.0945635,
  "inputs": 19615009985,
  "piecesplaced": 4296666686
}
