{
  "usercount": 722791,
  "usercount_delta": 0.05465874722151368,
  "anoncount": 477470,
  "replaycount": 1222638,
  "gamesplayed": 39116443,
  "gamesplayed_delta": 3.552818569398389,
  "gamesfinished": 27242594,
  "gametime": 5367591587.021175,
  "inputs": 19567183102,
  "piecesplaced": 4285970365
}
