{
  "usercount": 716278,
  "usercount_delta": 0.018795226012592803,
  "anoncount": 472347,
  "replaycount": 1215735,
  "gamesplayed": 38807524,
  "gamesplayed_delta": 2.1614509914481723,
  "gamesfinished": 27004465,
  "gametime": 5320276557.876765,
  "inputs": 19416213698,
  "piecesplaced": 4252239758
}
