{
  "usercount": 694478,
  "usercount_delta": 0.036439828732804956,
  "anoncount": 455552,
  "replaycount": 1192570,
  "gamesplayed": 37789066,
  "gamesplayed_delta": 2.623667668761957,
  "gamesfinished": 26218446,
  "gametime": 5161520889.948086,
  "inputs": 18903347758,
  "piecesplaced": 4136465347
}
