{
  "usercount": 722112,
  "usercount_delta": 0.07517949103484568,
  "anoncount": 476944,
  "replaycount": 1221827,
  "gamesplayed": 39081831,
  "gamesplayed_delta": 2.3305642220802163,
  "gamesfinished": 27216779,
  "gametime": 5362274307.784068,
  "inputs": 19550221840,
  "piecesplaced": 4282149458
}
