{
  "usercount": 705784,
  "usercount_delta": 0.07434059888786465,
  "anoncount": 464164,
  "replaycount": 1204973,
  "gamesplayed": 38331033,
  "gamesplayed_delta": 3.8508430223913885,
  "gamesfinished": 26633602,
  "gametime": 5246647557.78271,
  "inputs": 19181132538,
  "piecesplaced": 4199499465
}
