{
  "usercount": 711171,
  "usercount_delta": 0,
  "anoncount": 468380,
  "replaycount": 1210405,
  "gamesplayed": 38569860,
  "gamesplayed_delta": 5.171813615793924,
  "gamesfinished": 26819029,
  "gametime": 5283629629.570815,
  "inputs": 19299194510,
  "piecesplaced": 4225960176
}
