{
  "usercount": 707150,
  "usercount_delta": 0.11603235645139902,
  "anoncount": 465227,
  "replaycount": 1206184,
  "gamesplayed": 38393637,
  "gamesplayed_delta": 2.2543429253414664,
  "gamesfinished": 26683447,
  "gametime": 5256304599.422446,
  "inputs": 19211302355,
  "piecesplaced": 4206222930
}
