{
  "usercount": 689204,
  "usercount_delta": 0.08920739231924352,
  "anoncount": 451393,
  "replaycount": 1186935,
  "gamesplayed": 37546916,
  "gamesplayed_delta": 2.5126748836586925,
  "gamesfinished": 26030528,
  "gametime": 5125009156.088644,
  "inputs": 18787461852,
  "piecesplaced": 4110366110
}
