{
  "usercount": 722310,
  "usercount_delta": 0,
  "anoncount": 477095,
  "replaycount": 1222073,
  "gamesplayed": 39092552,
  "gamesplayed_delta": 3.7812888336587966,
  "gamesfinished": 27225012,
  "gametime": 5363896876.454166,
  "inputs": 19555398279,
  "piecesplaced": 4283320878
}
