{
  "usercount": 706628,
  "usercount_delta": 0.10407683844301051,
  "anoncount": 464814,
  "replaycount": 1205700,
  "gamesplayed": 38369240,
  "gamesplayed_delta": 2.8695471170715754,
  "gamesfinished": 26663430,
  "gametime": 5252366713.479541,
  "inputs": 19199169847,
  "piecesplaced": 4203528058
}
