{
  "usercount": 704885,
  "usercount_delta": 0.018219250460036075,
  "anoncount": 463492,
  "replaycount": 1203899,
  "gamesplayed": 38279302,
  "gamesplayed_delta": 2.5142565634849783,
  "gamesfinished": 26594142,
  "gametime": 5238759237.854522,
  "inputs": 19155600552,
  "piecesplaced": 4193715601
}
