{
  "usercount": 710078,
  "usercount_delta": 0.035504429177539897,
  "anoncount": 467567,
  "replaycount": 1208955,
  "gamesplayed": 38510017,
  "gamesplayed_delta": 3.2309030551561304,
  "gamesfinished": 26773035,
  "gametime": 5274371584.748163,
  "inputs": 19269729645,
  "piecesplaced": 4219374987
}
