{
  "usercount": 724765,
  "usercount_delta": 0.07101011894194922,
  "anoncount": 479005,
  "replaycount": 1224247,
  "gamesplayed": 39192614,
  "gamesplayed_delta": 3.8522989526007456,
  "gamesfinished": 27302850,
  "gametime": 5379746372.16624,
  "inputs": 19605745359,
  "piecesplaced": 4294589766
}
