{
  "usercount": 690442,
  "usercount_delta": 0.03758903903621704,
  "anoncount": 452383,
  "replaycount": 1188236,
  "gamesplayed": 37602168,
  "gamesplayed_delta": 3.1010957204879057,
  "gamesfinished": 26072251,
  "gametime": 5133169840.310112,
  "inputs": 18813985004,
  "piecesplaced": 4116359377
}
