{
  "usercount": 688052,
  "usercount_delta": 0.03315210184325686,
  "anoncount": 450487,
  "replaycount": 1185550,
  "gamesplayed": 37489519,
  "gamesplayed_delta": 3.149449675109402,
  "gamesfinished": 25986103,
  "gametime": 5116187350.175238,
  "inputs": 18758892952,
  "piecesplaced": 4103954854
}
