{
  "usercount": 694688,
  "usercount_delta": 0.07100759781296599,
  "anoncount": 455721,
  "replaycount": 1192820,
  "gamesplayed": 37797865,
  "gamesplayed_delta": 2.467514024000568,
  "gamesfinished": 26225483,
  "gametime": 5162902704.7409,
  "inputs": 18907885215,
  "piecesplaced": 4137484972
}
