{
  "usercount": 705075,
  "usercount_delta": 0.06367601642841224,
  "anoncount": 463629,
  "replaycount": 1204197,
  "gamesplayed": 38293565,
  "gamesplayed_delta": 1.9898755133878825,
  "gamesfinished": 26604819,
  "gametime": 5240951111.60106,
  "inputs": 19162790650,
  "piecesplaced": 4195349193
}
