{
  "usercount": 710270,
  "usercount_delta": 0.11894495822058343,
  "anoncount": 467720,
  "replaycount": 1209182,
  "gamesplayed": 38520049,
  "gamesplayed_delta": 2.8546789972940023,
  "gamesfinished": 26780806,
  "gametime": 5275980752.494838,
  "inputs": 19274851151,
  "piecesplaced": 4220515546
}
