{
  "usercount": 716969,
  "usercount_delta": 0.14327331773246096,
  "anoncount": 472903,
  "replaycount": 1216532,
  "gamesplayed": 38842224,
  "gamesplayed_delta": 3.709187003518156,
  "gamesfinished": 27030592,
  "gametime": 5325364203.656332,
  "inputs": 19432368705,
  "piecesplaced": 4255848020
}
