{
  "usercount": 724971,
  "usercount_delta": 0.03183800821420612,
  "anoncount": 479170,
  "replaycount": 1224491,
  "gamesplayed": 39203057,
  "gamesplayed_delta": 2.4992836448151805,
  "gamesfinished": 27310633,
  "gametime": 5381266483.697122,
  "inputs": 19610661424,
  "piecesplaced": 4295688862
}
