{
  "usercount": 699985,
  "usercount_delta": 0.056384618276134266,
  "anoncount": 459797,
  "replaycount": 1198769,
  "gamesplayed": 38043272,
  "gamesplayed_delta": 1.7479231665601622,
  "gamesfinished": 26413161,
  "gametime": 5201450330.923107,
  "inputs": 19033098317,
  "piecesplaced": 4165864724
}
