{
  "usercount": 719385,
  "usercount_delta": 0,
  "anoncount": 474797,
  "replaycount": 1218828,
  "gamesplayed": 38950859,
  "gamesplayed_delta": 2.477863207375287,
  "gamesfinished": 27117489,
  "gametime": 5342558900.484544,
  "inputs": 19487014661,
  "piecesplaced": 4267993734
}
