{
  "usercount": 716493,
  "usercount_delta": 0.08876107294384974,
  "anoncount": 472525,
  "replaycount": 1215980,
  "gamesplayed": 38817572,
  "gamesplayed_delta": 2.3432923257176332,
  "gamesfinished": 27011840,
  "gametime": 5321749476.051089,
  "inputs": 19420944041,
  "piecesplaced": 4253296592
}
