{
  "usercount": 709833,
  "usercount_delta": 0.0532585346801825,
  "anoncount": 467386,
  "replaycount": 1208649,
  "gamesplayed": 38499230,
  "gamesplayed_delta": 1.402474746578139,
  "gamesfinished": 26764967,
  "gametime": 5272695288.439899,
  "inputs": 19264471266,
  "piecesplaced": 4218194187
}
