{
  "usercount": 693629,
  "usercount_delta": 0.014867677668748141,
  "anoncount": 454877,
  "replaycount": 1191721,
  "gamesplayed": 37751670,
  "gamesplayed_delta": 3.2411537317870946,
  "gamesfinished": 26189341,
  "gametime": 5155966985.553365,
  "inputs": 18885510189,
  "piecesplaced": 4132457829
}
