{
  "usercount": 688740,
  "usercount_delta": 0.06630530276658876,
  "anoncount": 451030,
  "replaycount": 1186393,
  "gamesplayed": 37524160,
  "gamesplayed_delta": 3.1992308584879074,
  "gamesfinished": 26012918,
  "gametime": 5121607437.9388685,
  "inputs": 18776312485,
  "piecesplaced": 4107852866
}
