{
  "usercount": 1080583,
  "usercount_delta": 0.05303445471741475,
  "anoncount": 754406,
  "rankedcount": 15927,
  "replaycount": 1813782,
  "gamesplayed": 55317156,
  "gamesplayed_delta": 3.252779889334771,
  "gamesfinished": 39684658,
  "gametime": 7938218052.409419,
  "inputs": 27930173641,
  "piecesplaced": 6192476345
}
