{
  "usercount": 890930,
  "usercount_delta": 0,
  "anoncount": 608999,
  "rankedcount": 14275,
  "replaycount": 1530004,
  "gamesplayed": 46811009,
  "gamesplayed_delta": 3.020007550018875,
  "gamesfinished": 33120203,
  "gametime": 6581158926.80066,
  "inputs": 23517832497,
  "piecesplaced": 5187198085
}
