{
  "usercount": 5075112,
  "usercount_delta": 0.20200764521241882,
  "anoncount": 3994017,
  "rankedcount": 42327,
  "replaycount": 6048052,
  "gamesplayed": 227909018,
  "gamesplayed_delta": 5.2366597258911645,
  "gamesfinished": 177745154,
  "gametime": 38632251457.33541,
  "inputs": 130545018478,
  "piecesplaced": 29408389834
}
