{
  "usercount": 5788869,
  "usercount_delta": 0.20892715903833814,
  "anoncount": 4598813,
  "rankedcount": 43682,
  "replaycount": 6746471,
  "gamesplayed": 256034612,
  "gamesplayed_delta": 8.11831246548971,
  "gamesfinished": 199589917,
  "gametime": 43575028306.43663,
  "inputs": 147709845841,
  "piecesplaced": 33327417838
}
