{
  "usercount": 6429333,
  "usercount_delta": 0.08493434575073468,
  "anoncount": 5139718,
  "rankedcount": 48174,
  "replaycount": 7464731,
  "gamesplayed": 281995689,
  "gamesplayed_delta": 3.7540980821824728,
  "gamesfinished": 219822247,
  "gametime": 48153984294.08589,
  "inputs": 163637326915,
  "piecesplaced": 36961303020
}
