{
  "usercount": 1038338,
  "usercount_delta": 0.08271161767381846,
  "anoncount": 721942,
  "rankedcount": 15525,
  "replaycount": 1754411,
  "gamesplayed": 53494783,
  "gamesplayed_delta": 2.1835867065888075,
  "gamesfinished": 38267528,
  "gametime": 7642491913.011633,
  "inputs": 26973391766,
  "piecesplaced": 5974637083
}
