{
  "usercount": 768389,
  "usercount_delta": 0.0709408530637581,
  "anoncount": 513372,
  "rankedcount": 13927,
  "replaycount": 1325957,
  "gamesplayed": 41099559,
  "gamesplayed_delta": 3.387425733794449,
  "gamesfinished": 28753372,
  "gametime": 5679720378.38344,
  "inputs": 20582585765,
  "piecesplaced": 4516642601
}
