{
  "usercount": 8432086,
  "usercount_delta": 0.3767965119408609,
  "anoncount": 6428364,
  "totalaccounts": 12388877,
  "rankedcount": 45289,
  "replaycount": 11074930,
  "gamesplayed": 498714254,
  "gamesplayed_delta": 3.624423591050186,
  "gamesfinished": 388735318,
  "gametime": 86898731611.1474,
  "inputs": 303587974833,
  "piecesplaced": 69481203494
}
