{
  "usercount": 1116013,
  "usercount_delta": 0.06616819956328988,
  "anoncount": 781786,
  "rankedcount": 16040,
  "replaycount": 1863635,
  "gamesplayed": 56821929,
  "gamesplayed_delta": 2.067756236352809,
  "gamesfinished": 40866897,
  "gametime": 8182165503.055357,
  "inputs": 28718957278,
  "piecesplaced": 6371719709
}
