{
  "usercount": 8408767,
  "usercount_delta": 0.04360274988009244,
  "anoncount": 6821069,
  "rankedcount": 43667,
  "replaycount": 9667735,
  "gamesplayed": 373858525,
  "gamesplayed_delta": 3.0812609915265323,
  "gamesfinished": 290281165,
  "gametime": 64252913158.28991,
  "inputs": 221361691405,
  "piecesplaced": 50353414511
}
