{
  "usercount": 1998843,
  "usercount_delta": 0.1581152660289351,
  "anoncount": 1464832,
  "rankedcount": 29676,
  "replaycount": 3090943,
  "gamesplayed": 92846903,
  "gamesplayed_delta": 5.9451340026879596,
  "gamesfinished": 70352280,
  "gametime": 14484014399.241636,
  "inputs": 48845204386,
  "piecesplaced": 10858464608
}
