{
  "usercount": 1123563,
  "usercount_delta": 0.035356928190078844,
  "anoncount": 787811,
  "rankedcount": 16131,
  "replaycount": 1873881,
  "gamesplayed": 57136653,
  "gamesplayed_delta": 2.934625039776544,
  "gamesfinished": 41115376,
  "gametime": 8233075446.1191225,
  "inputs": 28881024719,
  "piecesplaced": 6408477912
}
