{
  "usercount": 1650588,
  "usercount_delta": 0.07793138920494395,
  "anoncount": 1194473,
  "rankedcount": 23285,
  "replaycount": 2595831,
  "gamesplayed": 78429976,
  "gamesplayed_delta": 5.829267912529808,
  "gamesfinished": 58391553,
  "gametime": 11872726177.067495,
  "inputs": 40421239906,
  "piecesplaced": 8995765086
}
