{
  "usercount": 7480532,
  "usercount_delta": 0.2438344712275324,
  "anoncount": 5590059,
  "totalaccounts": 11412239,
  "rankedcount": 58835,
  "replaycount": 10105080,
  "gamesplayed": 462696400,
  "gamesplayed_delta": 5.434025358785008,
  "gamesfinished": 360788226,
  "gametime": 80226276937.50908,
  "inputs": 278810168703,
  "piecesplaced": 63666361461
}
