{
  "usercount": 898591,
  "usercount_delta": 0.07026542765295905,
  "anoncount": 615024,
  "rankedcount": 14344,
  "replaycount": 1541759,
  "gamesplayed": 47157276,
  "gamesplayed_delta": 2.670086250812444,
  "gamesfinished": 33388765,
  "gametime": 6636202728.375723,
  "inputs": 23694749351,
  "piecesplaced": 5227225136
}
