{
  "usercount": 1055574,
  "usercount_delta": 0.049626149672467416,
  "anoncount": 735015,
  "rankedcount": 15574,
  "replaycount": 1778080,
  "gamesplayed": 54181137,
  "gamesplayed_delta": 2.3655131343876135,
  "gamesfinished": 38802676,
  "gametime": 7752962867.489387,
  "inputs": 27331145813,
  "piecesplaced": 6055997087
}
