{
  "usercount": 5719036,
  "usercount_delta": 0.20905026854919115,
  "anoncount": 4097075,
  "rankedcount": 42527,
  "replaycount": 9912361,
  "gamesplayed": 384209212,
  "gamesplayed_delta": 4.872479336184994,
  "gamesfinished": 298361963,
  "gametime": 66107273487.34836,
  "inputs": 228099598790,
  "piecesplaced": 51911325570
}
