{
  "usercount": 7927583,
  "usercount_delta": 0.015998976065531807,
  "anoncount": 6321324,
  "rankedcount": 43238,
  "replaycount": 9797086,
  "gamesplayed": 379559228,
  "gamesplayed_delta": 3.327787021630616,
  "gamesfinished": 294768476,
  "gametime": 65277030159.90011,
  "inputs": 225071185300,
  "piecesplaced": 51211267174
}
