{
  "usercount": 6090840,
  "usercount_delta": 0.19466298969908344,
  "anoncount": 4369322,
  "rankedcount": 44265,
  "replaycount": 10628920,
  "gamesplayed": 413518415,
  "gamesplayed_delta": 4.461026847270662,
  "gamesfinished": 321438398,
  "gametime": 71211084793.5659,
  "inputs": 246396793960,
  "piecesplaced": 56161384914
}
