{
  "usercount": 1067722,
  "usercount_delta": 0.05303351718285957,
  "anoncount": 744468,
  "rankedcount": 15837,
  "replaycount": 1794657,
  "gamesplayed": 54722353,
  "gamesplayed_delta": 2.4395417904115404,
  "gamesfinished": 39224904,
  "gametime": 7841829121.103287,
  "inputs": 27617800084,
  "piecesplaced": 6121423622
}
