{
  "usercount": 6250649,
  "usercount_delta": 0.05663262416702849,
  "anoncount": 4988797,
  "rankedcount": 47081,
  "replaycount": 7252585,
  "gamesplayed": 274265710,
  "gamesplayed_delta": 5.285711588922659,
  "gamesfinished": 213824041,
  "gametime": 46780819725.99784,
  "inputs": 158849525098,
  "piecesplaced": 35866796360
}
