{
  "usercount": 8472327,
  "usercount_delta": 0.11632931166284442,
  "anoncount": 6894811,
  "rankedcount": 44236,
  "replaycount": 9588826,
  "gamesplayed": 370485193,
  "gamesplayed_delta": 2.526007910393193,
  "gamesfinished": 287647734,
  "gametime": 63644243470.503914,
  "inputs": 219146430309,
  "piecesplaced": 49838555088
}
