{
  "usercount": 3014561,
  "usercount_delta": 0.07734430591219875,
  "anoncount": 2276104,
  "rankedcount": 30340,
  "replaycount": 4400776,
  "gamesplayed": 142218993,
  "gamesplayed_delta": 5.383163691489033,
  "gamesfinished": 110498119,
  "gametime": 23398260769.545757,
  "inputs": 78469473407,
  "piecesplaced": 17554459306
}
