{
  "usercount": 1191170,
  "usercount_delta": 0.0992490157805935,
  "anoncount": 839254,
  "rankedcount": 16787,
  "replaycount": 1957856,
  "gamesplayed": 59560268,
  "gamesplayed_delta": 3.5067985575809706,
  "gamesfinished": 43052056,
  "gametime": 8631105076.021357,
  "inputs": 30128841179,
  "piecesplaced": 6689410378
}
