{
  "usercount": 1055336,
  "usercount_delta": 0.07926316957562499,
  "anoncount": 734847,
  "rankedcount": 15564,
  "replaycount": 1777760,
  "gamesplayed": 54172805,
  "gamesplayed_delta": 2.8217688368922493,
  "gamesfinished": 38796313,
  "gametime": 7751653167.703808,
  "inputs": 27326888757,
  "piecesplaced": 6055034746
}
