{
  "usercount": 8377838,
  "usercount_delta": 0.21531615588889685,
  "anoncount": 6380024,
  "totalaccounts": 12333288,
  "rankedcount": 45305,
  "replaycount": 11028442,
  "gamesplayed": 496943612,
  "gamesplayed_delta": 3.5168305461853153,
  "gamesfinished": 387367363,
  "gametime": 86580644466.84616,
  "inputs": 302409642992,
  "piecesplaced": 69205381199
}
