{
  "usercount": 966842,
  "usercount_delta": 0.09618313268463154,
  "anoncount": 666544,
  "rankedcount": 14530,
  "replaycount": 1642465,
  "gamesplayed": 50082273,
  "gamesplayed_delta": 3.2221349449351564,
  "gamesfinished": 35646478,
  "gametime": 7098862259.597702,
  "inputs": 25198453374,
  "piecesplaced": 5569826151
}
