{
  "usercount": 1097844,
  "usercount_delta": 0.03308409978164494,
  "anoncount": 767764,
  "rankedcount": 15922,
  "replaycount": 1837099,
  "gamesplayed": 56014162,
  "gamesplayed_delta": 2.5971018328591278,
  "gamesfinished": 40233421,
  "gametime": 8050793717.124169,
  "inputs": 28290752265,
  "piecesplaced": 6274109824
}
