{
  "usercount": 1109079,
  "usercount_delta": 0.0946772452708716,
  "anoncount": 776428,
  "rankedcount": 15951,
  "replaycount": 1852931,
  "gamesplayed": 56485506,
  "gamesplayed_delta": 4.6770559163810566,
  "gamesfinished": 40604012,
  "gametime": 8127492315.889464,
  "inputs": 28539864777,
  "piecesplaced": 6330784158
}
