{
  "usercount": 766405,
  "usercount_delta": 0.03128911138923655,
  "anoncount": 511809,
  "rankedcount": 14009,
  "replaycount": 1322251,
  "gamesplayed": 41011407,
  "gamesplayed_delta": 1.7521902377972465,
  "gamesfinished": 28686993,
  "gametime": 5665760952.403027,
  "inputs": 20536401834,
  "piecesplaced": 4506082418
}
