{
  "usercount": 2614137,
  "usercount_delta": 0.07641637755803825,
  "anoncount": 1952989,
  "rankedcount": 29264,
  "replaycount": 3938315,
  "gamesplayed": 124484860,
  "gamesplayed_delta": 4.798948510644801,
  "gamesfinished": 96006088,
  "gametime": 20192471744.17883,
  "inputs": 67885956107,
  "piecesplaced": 15164565440
}
