{
  "usercount": 5103906,
  "usercount_delta": 0.17181593827121924,
  "anoncount": 4018520,
  "rankedcount": 42290,
  "replaycount": 6083221,
  "gamesplayed": 229003627,
  "gamesplayed_delta": 4.685889225578707,
  "gamesfinished": 178570365,
  "gametime": 38818883211.67167,
  "inputs": 131181383474,
  "piecesplaced": 29553486957
}
