{
  "usercount": 858274,
  "usercount_delta": 0.09014152218983805,
  "anoncount": 583641,
  "rankedcount": 13998,
  "replaycount": 1479922,
  "gamesplayed": 45331087,
  "gamesplayed_delta": 2.719269252726781,
  "gamesfinished": 31972977,
  "gametime": 6347160177.889369,
  "inputs": 22762253181,
  "piecesplaced": 5014998334
}
