{
  "usercount": 875914,
  "usercount_delta": 0.01873852265487389,
  "anoncount": 597373,
  "rankedcount": 14294,
  "replaycount": 1506907,
  "gamesplayed": 46126899,
  "gamesplayed_delta": 3.5977963497357868,
  "gamesfinished": 32591964,
  "gametime": 6474317860.609891,
  "inputs": 23171278421,
  "piecesplaced": 5108223108
}
