{
  "usercount": 1127200,
  "usercount_delta": 0.09437375151391227,
  "anoncount": 790609,
  "rankedcount": 16056,
  "replaycount": 1878921,
  "gamesplayed": 57286309,
  "gamesplayed_delta": 4.451295279739528,
  "gamesfinished": 41231605,
  "gametime": 8256747673.499473,
  "inputs": 28955654578,
  "piecesplaced": 6425310291
}
