{
  "usercount": 820679,
  "usercount_delta": 0.039739310125576216,
  "anoncount": 554490,
  "rankedcount": 13958,
  "replaycount": 1419114,
  "gamesplayed": 43584644,
  "gamesplayed_delta": 2.384358607534573,
  "gamesfinished": 30639948,
  "gametime": 6072787105.796116,
  "inputs": 21870356711,
  "piecesplaced": 4811592222
}
