{
  "usercount": 999607,
  "usercount_delta": 0.1015066486854889,
  "anoncount": 691830,
  "rankedcount": 14974,
  "replaycount": 1693062,
  "gamesplayed": 51594481,
  "gamesplayed_delta": 2.842186163193689,
  "gamesfinished": 36811340,
  "gametime": 7338341433.668164,
  "inputs": 25976380527,
  "piecesplaced": 5747181268
}
