{
  "usercount": 1186882,
  "usercount_delta": 0.13272406666540262,
  "anoncount": 835943,
  "rankedcount": 16633,
  "replaycount": 1951657,
  "gamesplayed": 59398480,
  "gamesplayed_delta": 4.493657685671489,
  "gamesfinished": 42923939,
  "gametime": 8604573007.935259,
  "inputs": 30045457165,
  "piecesplaced": 6670690632
}
