{
  "usercount": 1202638,
  "usercount_delta": 0.06291484475762056,
  "anoncount": 848138,
  "rankedcount": 16896,
  "replaycount": 1971754,
  "gamesplayed": 59960328,
  "gamesplayed_delta": 3.7906193966466386,
  "gamesfinished": 43374743,
  "gametime": 8696424508.321745,
  "inputs": 30329513192,
  "piecesplaced": 6734087719
}
