{
  "usercount": 1173478,
  "usercount_delta": 0.07815858376646216,
  "anoncount": 825700,
  "rankedcount": 16562,
  "replaycount": 1934341,
  "gamesplayed": 58899870,
  "gamesplayed_delta": 2.9114072453007154,
  "gamesfinished": 42522889,
  "gametime": 8522333742.007327,
  "inputs": 29789302587,
  "piecesplaced": 6613179933
}
