{
  "usercount": 889641,
  "usercount_delta": 0,
  "anoncount": 607968,
  "rankedcount": 14227,
  "replaycount": 1528264,
  "gamesplayed": 46755983,
  "gamesplayed_delta": 2.5034770514603615,
  "gamesfinished": 33079006,
  "gametime": 6573031857.376962,
  "inputs": 23491065944,
  "piecesplaced": 5181127812
}
