{
  "usercount": 1070345,
  "usercount_delta": 0.03787233236758886,
  "anoncount": 746452,
  "rankedcount": 15760,
  "replaycount": 1798627,
  "gamesplayed": 54852966,
  "gamesplayed_delta": 3.257020583612642,
  "gamesfinished": 39325513,
  "gametime": 7863132065.1848545,
  "inputs": 27687276521,
  "piecesplaced": 6137255062
}
