{
  "usercount": 7464207,
  "usercount_delta": 0.33015143902964184,
  "anoncount": 5575397,
  "totalaccounts": 11395527,
  "rankedcount": 58976,
  "replaycount": 10089641,
  "gamesplayed": 462164376,
  "gamesplayed_delta": 6.416421445489126,
  "gamesfinished": 360366284,
  "gametime": 80127145504.2497,
  "inputs": 278448470903,
  "piecesplaced": 63581929528
}
