{
  "usercount": 797839,
  "usercount_delta": 0.075297802810114,
  "anoncount": 536697,
  "rankedcount": 13882,
  "replaycount": 1377744,
  "gamesplayed": 42466121,
  "gamesplayed_delta": 2.560125295543876,
  "gamesfinished": 29789637,
  "gametime": 5895818684.533797,
  "inputs": 21294889277,
  "piecesplaced": 4679877970
}
