{
  "usercount": 838357,
  "usercount_delta": 0.037476343058444356,
  "anoncount": 568111,
  "rankedcount": 14001,
  "replaycount": 1448090,
  "gamesplayed": 44415423,
  "gamesplayed_delta": 3.560252590552214,
  "gamesfinished": 31275735,
  "gametime": 6204249385.982992,
  "inputs": 22298690048,
  "piecesplaced": 4909470622
}
