{
  "usercount": 7275686,
  "usercount_delta": 0.10448540935890738,
  "anoncount": 5861864,
  "rankedcount": 39288,
  "replaycount": 8389337,
  "gamesplayed": 320847010,
  "gamesplayed_delta": 3.925666094484663,
  "gamesfinished": 249146178,
  "gametime": 54992363475.08064,
  "inputs": 188186944851,
  "piecesplaced": 42669597690
}
