{
  "usercount": 1219085,
  "usercount_delta": 0.10606703436571914,
  "anoncount": 860756,
  "rankedcount": 17032,
  "replaycount": 1993254,
  "gamesplayed": 60590535,
  "gamesplayed_delta": 5.303351718285957,
  "gamesfinished": 43883828,
  "gametime": 8801973141.452255,
  "inputs": 30661918448,
  "piecesplaced": 6808712171
}
