{
  "usercount": 829165,
  "usercount_delta": 0.037476343058444356,
  "anoncount": 561094,
  "rankedcount": 13964,
  "replaycount": 1433211,
  "gamesplayed": 43981641,
  "gamesplayed_delta": 2.585867671032661,
  "gamesfinished": 30943924,
  "gametime": 6134954855.838044,
  "inputs": 22072712176,
  "piecesplaced": 4857728112
}
