{
  "usercount": 919630,
  "usercount_delta": 0.037476343058444356,
  "anoncount": 630599,
  "rankedcount": 14307,
  "replaycount": 1573390,
  "gamesplayed": 48026131,
  "gamesplayed_delta": 3.2979181891431035,
  "gamesfinished": 34061429,
  "gametime": 6774614779.193673,
  "inputs": 24145946525,
  "piecesplaced": 5330291777
}
