{
  "usercount": 1035772,
  "usercount_delta": 0.01654177625593436,
  "anoncount": 719982,
  "rankedcount": 15418,
  "replaycount": 1750462,
  "gamesplayed": 53374122,
  "gamesplayed_delta": 2.3158486758308108,
  "gamesfinished": 38176771,
  "gametime": 7623590908.944251,
  "inputs": 26910503049,
  "piecesplaced": 5960206184
}
