{
  "usercount": 6673580,
  "usercount_delta": 0.04544008724496751,
  "anoncount": 5346597,
  "rankedcount": 46697,
  "replaycount": 7753542,
  "gamesplayed": 293363322,
  "gamesplayed_delta": 3.604913588100756,
  "gamesfinished": 228495662,
  "gametime": 50178962315.66597,
  "inputs": 170818329508,
  "piecesplaced": 38617673614
}
