{
  "usercount": 2582391,
  "usercount_delta": 0.05268241285450874,
  "anoncount": 1927661,
  "rankedcount": 29542,
  "replaycount": 3898935,
  "gamesplayed": 122852174,
  "gamesplayed_delta": 4.284836245500044,
  "gamesfinished": 94695821,
  "gametime": 19902353253.7084,
  "inputs": 66910919698,
  "piecesplaced": 14942581513
}
