{
  "usercount": 825227,
  "usercount_delta": 0.04299595837991229,
  "anoncount": 558023,
  "rankedcount": 13962,
  "replaycount": 1426777,
  "gamesplayed": 43799550,
  "gamesplayed_delta": 3.56866454553272,
  "gamesfinished": 30803765,
  "gametime": 6106286394.927553,
  "inputs": 21979460361,
  "piecesplaced": 4836497132
}
