{
  "usercount": 1020404,
  "usercount_delta": 0.029216273464319625,
  "anoncount": 708017,
  "rankedcount": 15266,
  "replaycount": 1727347,
  "gamesplayed": 52623765,
  "gamesplayed_delta": 2.2496530567526114,
  "gamesfinished": 37601698,
  "gametime": 7503004226.607738,
  "inputs": 26513987797,
  "piecesplaced": 5869638771
}
