{
  "usercount": 822225,
  "usercount_delta": 0.015023587031639675,
  "anoncount": 555692,
  "rankedcount": 14009,
  "replaycount": 1421640,
  "gamesplayed": 43652163,
  "gamesplayed_delta": 2.1483729455244736,
  "gamesfinished": 30691927,
  "gametime": 6083478124.026802,
  "inputs": 21906038603,
  "piecesplaced": 4819770796
}
