{
  "usercount": 7463823,
  "usercount_delta": 0.32889069865781273,
  "anoncount": 6027729,
  "rankedcount": 39559,
  "replaycount": 8541849,
  "gamesplayed": 327320910,
  "gamesplayed_delta": 3.696104994440181,
  "gamesfinished": 254083479,
  "gametime": 56106759361.21527,
  "inputs": 192198076150,
  "piecesplaced": 43602029814
}
