{
  "usercount": 1192037,
  "usercount_delta": 0.07574323044877863,
  "anoncount": 839878,
  "rankedcount": 16596,
  "replaycount": 1958903,
  "gamesplayed": 59588516,
  "gamesplayed_delta": 2.7267562961560308,
  "gamesfinished": 43074553,
  "gametime": 8635624891.833733,
  "inputs": 30142464851,
  "piecesplaced": 6692433149
}
