{
  "usercount": 1034413,
  "usercount_delta": 0.03535630314494317,
  "anoncount": 718899,
  "rankedcount": 15356,
  "replaycount": 1748608,
  "gamesplayed": 53310361,
  "gamesplayed_delta": 3.4825958597769016,
  "gamesfinished": 38127941,
  "gametime": 7613429516.674915,
  "inputs": 26876942147,
  "piecesplaced": 5952540816
}
