{
  "usercount": 1056188,
  "usercount_delta": 0.015728463800940562,
  "anoncount": 735494,
  "rankedcount": 15594,
  "replaycount": 1778881,
  "gamesplayed": 54203929,
  "gamesplayed_delta": 3.0670504411834094,
  "gamesfinished": 38820263,
  "gametime": 7756659253.377454,
  "inputs": 27343202521,
  "piecesplaced": 6058715643
}
