{
  "usercount": 1089891,
  "usercount_delta": 0.035356928190078844,
  "anoncount": 761504,
  "rankedcount": 15864,
  "replaycount": 1826014,
  "gamesplayed": 55673848,
  "gamesplayed_delta": 3.9599759572888305,
  "gamesfinished": 39967721,
  "gametime": 7996350611.087231,
  "inputs": 28114770121,
  "piecesplaced": 6234273846
}
