{
  "usercount": 859787,
  "usercount_delta": 0.04584422133590062,
  "anoncount": 584788,
  "rankedcount": 14047,
  "replaycount": 1482194,
  "gamesplayed": 45396583,
  "gamesplayed_delta": 1.8643316676599584,
  "gamesfinished": 32024510,
  "gametime": 6357663609.028604,
  "inputs": 22796262731,
  "piecesplaced": 5022690407
}
