{
  "usercount": 749402,
  "usercount_delta": 0.07771456992757003,
  "anoncount": 498432,
  "rankedcount": 13777,
  "replaycount": 1285893,
  "gamesplayed": 40205008,
  "gamesplayed_delta": 2.704467033479437,
  "gamesfinished": 28073612,
  "gametime": 5537685604.775572,
  "inputs": 20117090870,
  "piecesplaced": 4410404034
}
