{
  "usercount": 1178385,
  "usercount_delta": 0.20447646161347657,
  "anoncount": 829437,
  "rankedcount": 16524,
  "replaycount": 1940718,
  "gamesplayed": 59077349,
  "gamesplayed_delta": 3.0671469242021487,
  "gamesfinished": 42666132,
  "gametime": 8551515584.907421,
  "inputs": 29879068423,
  "piecesplaced": 6633271733
}
