{
  "usercount": 7356449,
  "usercount_delta": 0.2091410736980968,
  "anoncount": 5932605,
  "rankedcount": 39228,
  "replaycount": 8458513,
  "gamesplayed": 323829021,
  "gamesplayed_delta": 4.842420244855934,
  "gamesfinished": 251410607,
  "gametime": 55505932703.4471,
  "inputs": 190040077983,
  "piecesplaced": 43100869112
}
