{
  "usercount": 793346,
  "usercount_delta": 0.030983733539891558,
  "anoncount": 533139,
  "rankedcount": 13925,
  "replaycount": 1369883,
  "gamesplayed": 42263781,
  "gamesplayed_delta": 2.4786986831913245,
  "gamesfinished": 29635057,
  "gametime": 5863706388.966633,
  "inputs": 21190063710,
  "piecesplaced": 4655741146
}
