{
  "usercount": 4436421,
  "usercount_delta": 0.23730422401518747,
  "anoncount": 3460689,
  "rankedcount": 40113,
  "replaycount": 5250375,
  "gamesplayed": 199696095,
  "gamesplayed_delta": 7.415757000474609,
  "gamesfinished": 156037636,
  "gametime": 33666003369.5302,
  "inputs": 113396634867,
  "piecesplaced": 25485442924
}
