{
  "usercount": 1133283,
  "usercount_delta": 0.07071260628988633,
  "anoncount": 795387,
  "rankedcount": 16075,
  "replaycount": 1887290,
  "gamesplayed": 57529593,
  "gamesplayed_delta": 4.154365619530822,
  "gamesfinished": 41424159,
  "gametime": 8296267336.594053,
  "inputs": 29081325099,
  "piecesplaced": 6453728829
}
