{
  "usercount": 907243,
  "usercount_delta": 0.045070761094919025,
  "anoncount": 621382,
  "rankedcount": 14260,
  "replaycount": 1553575,
  "gamesplayed": 47510791,
  "gamesplayed_delta": 2.4187975120939877,
  "gamesfinished": 33662827,
  "gametime": 6693143883.298322,
  "inputs": 23880317408,
  "piecesplaced": 5269833319
}
