{
  "usercount": 1130146,
  "usercount_delta": 0.06616819956328988,
  "anoncount": 792948,
  "rankedcount": 16150,
  "replaycount": 1882922,
  "gamesplayed": 57409665,
  "gamesplayed_delta": 3.5234566267451863,
  "gamesfinished": 41329594,
  "gametime": 8276740370.201253,
  "inputs": 29019951702,
  "piecesplaced": 6439877176
}
