{
  "usercount": 8254861,
  "usercount_delta": 0.10073536818777072,
  "anoncount": 6730834,
  "rankedcount": 41594,
  "replaycount": 9192563,
  "gamesplayed": 354772325,
  "gamesplayed_delta": 3.741599389831484,
  "gamesfinished": 275257593,
  "gametime": 60871259239.290276,
  "inputs": 209266453146,
  "piecesplaced": 47563609514
}
