{
  "usercount": 1067917,
  "usercount_delta": 0.019345353246150273,
  "anoncount": 744616,
  "rankedcount": 15845,
  "replaycount": 1795013,
  "gamesplayed": 54732478,
  "gamesplayed_delta": 3.9851427687069565,
  "gamesfinished": 39232811,
  "gametime": 7843538474.783408,
  "inputs": 27623246660,
  "piecesplaced": 6122659448
}
