{
  "usercount": 4809916,
  "usercount_delta": 0.14039521252325296,
  "anoncount": 3770374,
  "rankedcount": 42382,
  "replaycount": 5717057,
  "gamesplayed": 216680153,
  "gamesplayed_delta": 5.914148327542031,
  "gamesfinished": 169182466,
  "gametime": 36668958729.15412,
  "inputs": 123780777865,
  "piecesplaced": 27859465031
}
