{
  "usercount": 829809,
  "usercount_delta": 0.059606596463341946,
  "anoncount": 561581,
  "rankedcount": 13987,
  "replaycount": 1434161,
  "gamesplayed": 44009986,
  "gamesplayed_delta": 2.861116630240413,
  "gamesfinished": 30965578,
  "gametime": 6139457342.398065,
  "inputs": 22087400777,
  "piecesplaced": 4861116282
}
