{
  "usercount": 1038092,
  "usercount_delta": 0.07071010624193462,
  "anoncount": 721758,
  "rankedcount": 15508,
  "replaycount": 1754006,
  "gamesplayed": 53484723,
  "gamesplayed_delta": 2.9167918824798034,
  "gamesfinished": 38259797,
  "gametime": 7640847034.902637,
  "inputs": 26968184230,
  "piecesplaced": 5973447058
}
