{
  "usercount": 8776844,
  "usercount_delta": 0.08842775452455344,
  "anoncount": 6575596,
  "totalaccounts": 14312606,
  "rankedcount": 48790,
  "replaycount": 11652242,
  "gamesplayed": 559519085,
  "gamesplayed_delta": 4.3476979307905435,
  "gamesfinished": 435798187,
  "gametime": 97921288165.52188,
  "inputs": 343968496666,
  "piecesplaced": 78904884860
}
