{
  "usercount": 1020808,
  "usercount_delta": 0.04350221861314927,
  "anoncount": 708348,
  "rankedcount": 15294,
  "replaycount": 1728225,
  "gamesplayed": 52647510,
  "gamesplayed_delta": 2.39262202372321,
  "gamesfinished": 37619050,
  "gametime": 7506718196.812404,
  "inputs": 26526850724,
  "piecesplaced": 5872611275
}
