{
  "usercount": 4304603,
  "usercount_delta": 0.2570795760164531,
  "anoncount": 3350619,
  "rankedcount": 39802,
  "replaycount": 5086657,
  "gamesplayed": 193718806,
  "gamesplayed_delta": 4.805410536307546,
  "gamesfinished": 151419964,
  "gametime": 32600022290.03414,
  "inputs": 109689368795,
  "piecesplaced": 24636227880
}
