{
  "usercount": 934348,
  "usercount_delta": 0.10032390288646201,
  "anoncount": 641791,
  "rankedcount": 14233,
  "replaycount": 1596771,
  "gamesplayed": 48670866,
  "gamesplayed_delta": 2.192793877375527,
  "gamesfinished": 34558959,
  "gametime": 6875454344.813877,
  "inputs": 24471050301,
  "piecesplaced": 5404101912
}
