{
  "usercount": 831988,
  "usercount_delta": 0.01873852265487389,
  "anoncount": 563226,
  "rankedcount": 14107,
  "replaycount": 1437986,
  "gamesplayed": 44116298,
  "gamesplayed_delta": 2.3048382865494883,
  "gamesfinished": 31047324,
  "gametime": 6156711324.138601,
  "inputs": 22142870971,
  "piecesplaced": 4873808995
}
