{
  "usercount": 6173991,
  "usercount_delta": 0.3019275691652497,
  "anoncount": 4439583,
  "rankedcount": 45332,
  "replaycount": 8472395,
  "gamesplayed": 417167514,
  "gamesplayed_delta": 3.6231308299829967,
  "gamesfinished": 324357059,
  "gametime": 71864579211.62085,
  "inputs": 248740377965,
  "piecesplaced": 56704030893
}
