{
  "usercount": 988542,
  "usercount_delta": 0.09156111704562796,
  "anoncount": 683240,
  "rankedcount": 14763,
  "replaycount": 1675298,
  "gamesplayed": 51071585,
  "gamesplayed_delta": 2.868915000763009,
  "gamesfinished": 36411650,
  "gametime": 7255564631.986253,
  "inputs": 25707908594,
  "piecesplaced": 5686027535
}
