{
  "usercount": 9457978,
  "usercount_delta": 0.23883448770002386,
  "anoncount": 7032204,
  "totalaccounts": 16450530,
  "rankedcount": 54032,
  "replaycount": 13646673,
  "gamesplayed": 631105737,
  "gamesplayed_delta": 4.493073799856699,
  "gamesfinished": 490674907,
  "gametime": 111196018918.68755,
  "inputs": 392658757841,
  "piecesplaced": 90259246803
}
