{
  "usercount": 1517711,
  "usercount_delta": 0.11116581174863821,
  "anoncount": 1090330,
  "rankedcount": 21141,
  "replaycount": 2411891,
  "gamesplayed": 72699765,
  "gamesplayed_delta": 4.541917451444362,
  "gamesfinished": 53656065,
  "gametime": 10853387589.39464,
  "inputs": 37144909054,
  "piecesplaced": 8264995966
}
