{
  "usercount": 1231805,
  "usercount_delta": 0.11097547442015315,
  "anoncount": 870590,
  "rankedcount": 17299,
  "replaycount": 2011170,
  "gamesplayed": 61142081,
  "gamesplayed_delta": 3.1390205621700464,
  "gamesfinished": 44324861,
  "gametime": 8893285244.224964,
  "inputs": 30953548467,
  "piecesplaced": 6874419189
}
