{
  "usercount": 811053,
  "usercount_delta": 0.11242692250037475,
  "anoncount": 546919,
  "rankedcount": 13925,
  "replaycount": 1402326,
  "gamesplayed": 43125500,
  "gamesplayed_delta": 4.478339079598261,
  "gamesfinished": 30289110,
  "gametime": 6000374568.8173685,
  "inputs": 21634968079,
  "piecesplaced": 4757835113
}
