{
  "usercount": 1212481,
  "usercount_delta": 0.11097371508291322,
  "anoncount": 855688,
  "rankedcount": 16963,
  "replaycount": 1983540,
  "gamesplayed": 60307310,
  "gamesplayed_delta": 4.740162972827293,
  "gamesfinished": 43656594,
  "gametime": 8753990702.801737,
  "inputs": 30509112515,
  "piecesplaced": 6774231186
}
