{
  "usercount": 1018158,
  "usercount_delta": 0.07669152750349906,
  "anoncount": 706257,
  "rankedcount": 15329,
  "replaycount": 1724040,
  "gamesplayed": 52515305,
  "gamesplayed_delta": 2.760894990125966,
  "gamesfinished": 37516794,
  "gametime": 7484927387.723891,
  "inputs": 26454331421,
  "piecesplaced": 5856021782
}
