{
  "usercount": 2934696,
  "usercount_delta": 0.1155913460612249,
  "anoncount": 2210181,
  "rankedcount": 29938,
  "replaycount": 4316153,
  "gamesplayed": 138947669,
  "gamesplayed_delta": 3.9301057660816463,
  "gamesfinished": 107823538,
  "gametime": 22804443736.326313,
  "inputs": 76504812610,
  "piecesplaced": 17110736856
}
