{
  "usercount": 5825521,
  "usercount_delta": 0.12290404705469231,
  "anoncount": 4156717,
  "rankedcount": 41826,
  "replaycount": 10246812,
  "gamesplayed": 398134368,
  "gamesplayed_delta": 4.35431480993767,
  "gamesfinished": 309222159,
  "gametime": 68536629486.501305,
  "inputs": 236871487059,
  "piecesplaced": 53948858080
}
