{
  "usercount": 6135981,
  "usercount_delta": 0.41985934711871525,
  "anoncount": 4408414,
  "rankedcount": 45075,
  "replaycount": 10671445,
  "gamesplayed": 415201045,
  "gamesplayed_delta": 6.0529722542948114,
  "gamesfinished": 322802168,
  "gametime": 71505982340.40784,
  "inputs": 247428544011,
  "piecesplaced": 56398636979
}
