{
  "usercount": 1058241,
  "usercount_delta": 0.018934373461582155,
  "anoncount": 737104,
  "rankedcount": 15664,
  "replaycount": 1781505,
  "gamesplayed": 54284434,
  "gamesplayed_delta": 3.3135153557768775,
  "gamesfinished": 38883917,
  "gametime": 7770001702.1038885,
  "inputs": 27385537250,
  "piecesplaced": 6068290120
}
