{
  "usercount": 1205395,
  "usercount_delta": 0.05303257968145097,
  "anoncount": 850333,
  "rankedcount": 16977,
  "replaycount": 1975060,
  "gamesplayed": 60065773,
  "gamesplayed_delta": 2.4394986653467448,
  "gamesfinished": 43460937,
  "gametime": 8714208860.137684,
  "inputs": 30385465136,
  "piecesplaced": 6746666545
}
