{
  "usercount": 7232583,
  "usercount_delta": 0.27555800496004407,
  "anoncount": 5369314,
  "totalaccounts": 11158158,
  "rankedcount": 59894,
  "replaycount": 9842599,
  "gamesplayed": 453936611,
  "gamesplayed_delta": 3.7843299347846053,
  "gamesfinished": 353829310,
  "gametime": 78588461003.02518,
  "inputs": 272841481791,
  "piecesplaced": 62274805498
}
