{
  "usercount": 813119,
  "usercount_delta": 0.04517800132522137,
  "anoncount": 548528,
  "rankedcount": 13997,
  "replaycount": 1405899,
  "gamesplayed": 43225338,
  "gamesplayed_delta": 2.7859767483886513,
  "gamesfinished": 30365927,
  "gametime": 6016402530.332563,
  "inputs": 21687841621,
  "piecesplaced": 4769856106
}
