{
  "usercount": 7928659,
  "usercount_delta": 0.04306323117777937,
  "anoncount": 5982596,
  "totalaccounts": 11872583,
  "rankedcount": 49658,
  "replaycount": 10597135,
  "gamesplayed": 480320849,
  "gamesplayed_delta": 3.4307040838297564,
  "gamesfinished": 374488481,
  "gametime": 83545260105.14706,
  "inputs": 291133429276,
  "piecesplaced": 66556740291
}
