{
  "usercount": 6615261,
  "usercount_delta": 0.10602205258693809,
  "anoncount": 5297762,
  "rankedcount": 47640,
  "replaycount": 7682457,
  "gamesplayed": 290535055,
  "gamesplayed_delta": 5.391978674421423,
  "gamesfinished": 226363153,
  "gametime": 49675555641.8997,
  "inputs": 169018842614,
  "piecesplaced": 38200930446
}
