{
  "usercount": 3943336,
  "usercount_delta": 0.18773701798520634,
  "anoncount": 3044967,
  "rankedcount": 37231,
  "replaycount": 4645072,
  "gamesplayed": 179393095,
  "gamesplayed_delta": 5.219089099988736,
  "gamesfinished": 140277862,
  "gametime": 30060550998.33087,
  "inputs": 100936663606,
  "piecesplaced": 22642332133
}
