{
  "usercount": 875035,
  "usercount_delta": 0.07529440110833358,
  "anoncount": 596694,
  "rankedcount": 14263,
  "replaycount": 1505391,
  "gamesplayed": 46085878,
  "gamesplayed_delta": 2.6654217992350087,
  "gamesfinished": 32559440,
  "gametime": 6467738967.457962,
  "inputs": 23149861737,
  "piecesplaced": 5103336402
}
