{
  "usercount": 7945029,
  "usercount_delta": 0.08583199816891737,
  "anoncount": 5996804,
  "totalaccounts": 11889444,
  "rankedcount": 49002,
  "replaycount": 10616189,
  "gamesplayed": 481104284,
  "gamesplayed_delta": 3.3617532616159305,
  "gamesfinished": 375084371,
  "gametime": 83691948811.67023,
  "inputs": 291686977798,
  "piecesplaced": 66687354831
}
