{
  "usercount": 1671108,
  "usercount_delta": 0.07534233674257407,
  "anoncount": 1210594,
  "rankedcount": 24051,
  "replaycount": 2623013,
  "gamesplayed": 79337418,
  "gamesplayed_delta": 6.5359477124183005,
  "gamesfinished": 59141545,
  "gametime": 12032818412.18854,
  "inputs": 40937622880,
  "piecesplaced": 9110295757
}
