{
  "usercount": 784509,
  "usercount_delta": 0.018426386585590565,
  "anoncount": 526037,
  "rankedcount": 13913,
  "replaycount": 1357585,
  "gamesplayed": 41930764,
  "gamesplayed_delta": 3.316749585406302,
  "gamesfinished": 29382024,
  "gametime": 5811189070.4021635,
  "inputs": 21018924429,
  "piecesplaced": 4616601995
}
