{
  "usercount": 867948,
  "usercount_delta": 0.04584492191081634,
  "anoncount": 591197,
  "rankedcount": 14166,
  "replaycount": 1494393,
  "gamesplayed": 45761407,
  "gamesplayed_delta": 3.0257648461138786,
  "gamesfinished": 32307881,
  "gametime": 6416120099.051816,
  "inputs": 22982616565,
  "piecesplaced": 5065209810
}
