{
  "usercount": 8591460,
  "usercount_delta": 0.1196780660024534,
  "anoncount": 6324192,
  "totalaccounts": 14867326,
  "rankedcount": 49015,
  "replaycount": 12254142,
  "gamesplayed": 579564418,
  "gamesplayed_delta": 5.505191036112856,
  "gamesfinished": 450994559,
  "gametime": 101626680463.61493,
  "inputs": 357585210228,
  "piecesplaced": 82084339502
}
