{
  "usercount": 994994,
  "usercount_delta": 0.09136452924426305,
  "anoncount": 688236,
  "rankedcount": 14806,
  "replaycount": 1685691,
  "gamesplayed": 51382275,
  "gamesplayed_delta": 3.197758523549207,
  "gamesfinished": 36649278,
  "gametime": 7305214065.388754,
  "inputs": 25868970065,
  "piecesplaced": 5722744730
}
