{
  "usercount": 6637120,
  "usercount_delta": 0.10168358972124171,
  "anoncount": 5316320,
  "rankedcount": 47397,
  "replaycount": 7707639,
  "gamesplayed": 291538806,
  "gamesplayed_delta": 3.9656599991284267,
  "gamesfinished": 227127174,
  "gametime": 49854038413.770676,
  "inputs": 169653008211,
  "piecesplaced": 38347245096
}
