{
  "usercount": 1502202,
  "usercount_delta": 0.07186360288173048,
  "anoncount": 1078639,
  "rankedcount": 20918,
  "replaycount": 2388014,
  "gamesplayed": 72006619,
  "gamesplayed_delta": 3.1799644275165733,
  "gamesfinished": 53097346,
  "gametime": 10733666453.362225,
  "inputs": 36759192728,
  "piecesplaced": 8178174933
}
