{
  "usercount": 1047968,
  "usercount_delta": 0.03535567812190638,
  "anoncount": 729195,
  "rankedcount": 15687,
  "replaycount": 1766811,
  "gamesplayed": 53849580,
  "gamesplayed_delta": 3.2880780653372934,
  "gamesfinished": 38544357,
  "gametime": 7699540801.563266,
  "inputs": 27158024739,
  "piecesplaced": 6016748385
}
