{
  "usercount": 7802029,
  "usercount_delta": 0.3512777728989198,
  "anoncount": 5873587,
  "totalaccounts": 11742180,
  "rankedcount": 51892,
  "replaycount": 10451387,
  "gamesplayed": 475204988,
  "gamesplayed_delta": 6.820643423787359,
  "gamesfinished": 370534928,
  "gametime": 82583598839.8633,
  "inputs": 287561467041,
  "piecesplaced": 65716852689
}
