{
  "usercount": 9070580,
  "usercount_delta": 0.1782944354306702,
  "anoncount": 6715815,
  "totalaccounts": 15754111,
  "rankedcount": 51682,
  "replaycount": 13019336,
  "gamesplayed": 607668679,
  "gamesplayed_delta": 5.634104159609178,
  "gamesfinished": 472642121,
  "gametime": 106838720388.22691,
  "inputs": 376696380649,
  "piecesplaced": 86544446401
}
