{
  "usercount": 815274,
  "usercount_delta": 0.060093445307453086,
  "anoncount": 550237,
  "rankedcount": 13900,
  "replaycount": 1409692,
  "gamesplayed": 43326950,
  "gamesplayed_delta": 2.8995087360846115,
  "gamesfinished": 30442360,
  "gametime": 6032059982.198189,
  "inputs": 21738745438,
  "piecesplaced": 4781506982
}
