{
  "usercount": 730464,
  "usercount_delta": 0.11159290906772096,
  "anoncount": 483473,
  "rankedcount": 13407,
  "replaycount": 1236982,
  "gamesplayed": 39389476,
  "gamesplayed_delta": 4.368065297793649,
  "gamesfinished": 27452388,
  "gametime": 5409863921.839953,
  "inputs": 19701465608,
  "piecesplaced": 4316182396
}
