{
  "usercount": 1020104,
  "usercount_delta": 0.07613826709304096,
  "anoncount": 707773,
  "rankedcount": 15254,
  "replaycount": 1726843,
  "gamesplayed": 52606560,
  "gamesplayed_delta": 2.055733211512106,
  "gamesfinished": 37588798,
  "gametime": 7500321046.723383,
  "inputs": 26504921569,
  "piecesplaced": 5867582507
}
