{
  "usercount": 951893,
  "usercount_delta": 0.09756668683044861,
  "anoncount": 655039,
  "rankedcount": 14362,
  "replaycount": 1619117,
  "gamesplayed": 49394365,
  "gamesplayed_delta": 4.136827521611021,
  "gamesfinished": 35120355,
  "gametime": 6991301293.799955,
  "inputs": 24845973075,
  "piecesplaced": 5489408018
}
