{
  "usercount": 5625522,
  "usercount_delta": 0.06690417649321759,
  "anoncount": 4459402,
  "rankedcount": 43547,
  "replaycount": 6580196,
  "gamesplayed": 249535721,
  "gamesplayed_delta": 3.4288390452774014,
  "gamesfinished": 194529031,
  "gametime": 42429604349.69823,
  "inputs": 143721248669,
  "piecesplaced": 32415340508
}
