{
  "usercount": 1114481,
  "usercount_delta": 0.03868995802139555,
  "anoncount": 780554,
  "rankedcount": 15973,
  "replaycount": 1861371,
  "gamesplayed": 56751588,
  "gamesplayed_delta": 3.3660263478614127,
  "gamesfinished": 40812161,
  "gametime": 8170730490.629578,
  "inputs": 28680893888,
  "piecesplaced": 6362981841
}
