{
  "usercount": 5994112,
  "usercount_delta": 0.12134265649410729,
  "anoncount": 4771783,
  "rankedcount": 44508,
  "replaycount": 6963538,
  "gamesplayed": 263935026,
  "gamesplayed_delta": 5.050888076567216,
  "gamesfinished": 205790880,
  "gametime": 44968638608.460304,
  "inputs": 152548217613,
  "piecesplaced": 34431375266
}
