{
  "usercount": 961350,
  "usercount_delta": 0.034705953806375485,
  "anoncount": 662303,
  "rankedcount": 14493,
  "replaycount": 1633824,
  "gamesplayed": 49829444,
  "gamesplayed_delta": 2.1344161590920923,
  "gamesfinished": 35452319,
  "gametime": 7059180180.332715,
  "inputs": 25069157232,
  "piecesplaced": 5540345087
}
