{
  "usercount": 961123,
  "usercount_delta": 0.06372267890142101,
  "anoncount": 662121,
  "rankedcount": 14482,
  "replaycount": 1633503,
  "gamesplayed": 49818214,
  "gamesplayed_delta": 3.9348754221627478,
  "gamesfinished": 35443681,
  "gametime": 7057410818.240573,
  "inputs": 25063468106,
  "piecesplaced": 5539063321
}
