{
  "usercount": 6550053,
  "usercount_delta": 0.22645611280533834,
  "anoncount": 4766683,
  "rankedcount": 52862,
  "replaycount": 9035043,
  "gamesplayed": 430530758,
  "gamesplayed_delta": 5.404752558954074,
  "gamesfinished": 335032765,
  "gametime": 74262754817.12779,
  "inputs": 257288773964,
  "piecesplaced": 58678752584
}
