{
  "usercount": 7305905,
  "usercount_delta": 0.40380473797559224,
  "anoncount": 5434757,
  "totalaccounts": 11233224,
  "rankedcount": 59702,
  "replaycount": 9915939,
  "gamesplayed": 456343798,
  "gamesplayed_delta": 7.26848528356066,
  "gamesfinished": 355757748,
  "gametime": 79037502379.04114,
  "inputs": 274454794373,
  "piecesplaced": 62649299642
}
