{
  "usercount": 5873601,
  "usercount_delta": 0.10043353810615825,
  "anoncount": 4192237,
  "rankedcount": 41838,
  "replaycount": 10335461,
  "gamesplayed": 401895094,
  "gamesplayed_delta": 3.1301786043085986,
  "gamesfinished": 312163547,
  "gametime": 69186171299.77481,
  "inputs": 239197833620,
  "piecesplaced": 54490777435
}
