{
  "usercount": 896223,
  "usercount_delta": 0.22535380547459513,
  "anoncount": 613169,
  "rankedcount": 14260,
  "replaycount": 1538316,
  "gamesplayed": 47058576,
  "gamesplayed_delta": 2.944623058201376,
  "gamesfinished": 33311185,
  "gametime": 6620484980.871816,
  "inputs": 23645119829,
  "piecesplaced": 5216111379
}
