{
  "usercount": 1068091,
  "usercount_delta": 0.049626149672467416,
  "anoncount": 744758,
  "rankedcount": 15849,
  "replaycount": 1795262,
  "gamesplayed": 54740594,
  "gamesplayed_delta": 2.712896182094885,
  "gamesfinished": 39239065,
  "gametime": 7844877420.252386,
  "inputs": 27627554841,
  "piecesplaced": 6123632050
}
