{
  "usercount": 8058845,
  "usercount_delta": 0.07361737370019325,
  "anoncount": 5937837,
  "totalaccounts": 13577171,
  "rankedcount": 50164,
  "replaycount": 10839699,
  "gamesplayed": 535062733,
  "gamesplayed_delta": 3.4600165639090825,
  "gamesfinished": 417071276,
  "gametime": 93425424913.5625,
  "inputs": 327423715848,
  "piecesplaced": 75035660168
}
