{
  "usercount": 771500,
  "usercount_delta": 0.03098277357789069,
  "anoncount": 515831,
  "rankedcount": 13881,
  "replaycount": 1332576,
  "gamesplayed": 41260318,
  "gamesplayed_delta": 2.0138802825628948,
  "gamesfinished": 28874678,
  "gametime": 5705150767.957147,
  "inputs": 20667324944,
  "piecesplaced": 4536028649
}
