{
  "usercount": 988756,
  "usercount_delta": 0.08764113875052951,
  "anoncount": 683412,
  "rankedcount": 14772,
  "replaycount": 1675698,
  "gamesplayed": 51082540,
  "gamesplayed_delta": 3.2865427031448564,
  "gamesfinished": 36420340,
  "gametime": 7257415402.890141,
  "inputs": 25713994399,
  "piecesplaced": 5687423381
}
