{
  "usercount": 768550,
  "usercount_delta": 0.04736567882912042,
  "anoncount": 513495,
  "rankedcount": 13933,
  "replaycount": 1326387,
  "gamesplayed": 41108612,
  "gamesplayed_delta": 2.9366720874054657,
  "gamesfinished": 28760236,
  "gametime": 5681133195.463088,
  "inputs": 20587353102,
  "piecesplaced": 4517732894
}
