{
  "usercount": 886898,
  "usercount_delta": 0.030046271257736918,
  "anoncount": 605890,
  "rankedcount": 14303,
  "replaycount": 1524129,
  "gamesplayed": 46627287,
  "gamesplayed_delta": 2.779280091340665,
  "gamesfinished": 32978776,
  "gametime": 6552666042.519728,
  "inputs": 23425389995,
  "piecesplaced": 5166135196
}
