{
  "usercount": 1065378,
  "usercount_delta": 0.09480290476100188,
  "anoncount": 742648,
  "rankedcount": 15740,
  "replaycount": 1791201,
  "gamesplayed": 54605213,
  "gamesplayed_delta": 2.7113630761646537,
  "gamesfinished": 39134968,
  "gametime": 7822950053.033261,
  "inputs": 27554621454,
  "piecesplaced": 6106987399
}
