{
  "usercount": 1183474,
  "usercount_delta": 0.06616601052039567,
  "anoncount": 833304,
  "rankedcount": 16521,
  "replaycount": 1947998,
  "gamesplayed": 59274030,
  "gamesplayed_delta": 4.5819962285374,
  "gamesfinished": 42823925,
  "gametime": 8583925657.451398,
  "inputs": 29981093903,
  "piecesplaced": 6656240279
}
