{
  "usercount": 1016846,
  "usercount_delta": 0.09492469307682572,
  "anoncount": 705223,
  "rankedcount": 15260,
  "replaycount": 1722171,
  "gamesplayed": 52452122,
  "gamesplayed_delta": 3.48057207948361,
  "gamesfinished": 37468064,
  "gametime": 7474743167.694871,
  "inputs": 26422113200,
  "piecesplaced": 5848752649
}
