{
  "usercount": 1004911,
  "usercount_delta": 0.06328112640405,
  "anoncount": 695917,
  "rankedcount": 15095,
  "replaycount": 1702385,
  "gamesplayed": 51864267,
  "gamesplayed_delta": 3.1324157570004747,
  "gamesfinished": 37015727,
  "gametime": 7381554737.643445,
  "inputs": 26117753878,
  "piecesplaced": 5779566829
}
