{
  "usercount": 906437,
  "usercount_delta": 0.045071438229593905,
  "anoncount": 620763,
  "rankedcount": 14238,
  "replaycount": 1552467,
  "gamesplayed": 47470269,
  "gamesplayed_delta": 2.8545244212076137,
  "gamesfinished": 33631213,
  "gametime": 6686518099.798111,
  "inputs": 23858967126,
  "piecesplaced": 5264960552
}
