{
  "usercount": 1247257,
  "usercount_delta": 0.11724703951225232,
  "anoncount": 882533,
  "rankedcount": 17401,
  "replaycount": 2032668,
  "gamesplayed": 61732805,
  "gamesplayed_delta": 2.9116348145542656,
  "gamesfinished": 44801009,
  "gametime": 8991544726.58239,
  "inputs": 31262888782,
  "piecesplaced": 6943958695
}
