{
  "usercount": 8504014,
  "usercount_delta": 0.15375153751537513,
  "anoncount": 6931167,
  "rankedcount": 43674,
  "replaycount": 9553142,
  "gamesplayed": 369071364,
  "gamesplayed_delta": 6.688191881918819,
  "gamesfinished": 286526134,
  "gametime": 63391221025.37063,
  "inputs": 218246184424,
  "piecesplaced": 49631689467
}
