{
  "usercount": 1003972,
  "usercount_delta": 0.05078118387866683,
  "anoncount": 695190,
  "rankedcount": 15050,
  "replaycount": 1700435,
  "gamesplayed": 51813531,
  "gamesplayed_delta": 3.5208287489209,
  "gamesfinished": 36977554,
  "gametime": 7373574396.204709,
  "inputs": 26091236309,
  "piecesplaced": 5773507805
}
