{
  "usercount": 1081939,
  "usercount_delta": 0.14155840070464626,
  "anoncount": 755425,
  "rankedcount": 15795,
  "replaycount": 1815467,
  "gamesplayed": 55359403,
  "gamesplayed_delta": 4.1366510428135514,
  "gamesfinished": 39717785,
  "gametime": 7945002700.280639,
  "inputs": 27951459408,
  "piecesplaced": 6197272828
}
