{
  "usercount": 7418592,
  "usercount_delta": 0.10011012113324658,
  "anoncount": 5987950,
  "rankedcount": 39279,
  "replaycount": 8503964,
  "gamesplayed": 325643641,
  "gamesplayed_delta": 4.004404845329863,
  "gamesfinished": 252812573,
  "gametime": 55816163809.525665,
  "inputs": 191141373537,
  "piecesplaced": 43355606348
}
