{
  "usercount": 1209274,
  "usercount_delta": 0.06291682395872657,
  "anoncount": 853295,
  "rankedcount": 17105,
  "replaycount": 1980006,
  "gamesplayed": 60204599,
  "gamesplayed_delta": 4.21542720523468,
  "gamesfinished": 43572535,
  "gametime": 8737122835.257957,
  "inputs": 30456937892,
  "piecesplaced": 6762627602
}
