{
  "usercount": 1077629,
  "usercount_delta": 0.01893544905417432,
  "anoncount": 752079,
  "rankedcount": 15816,
  "replaycount": 1809281,
  "gamesplayed": 55185980,
  "gamesplayed_delta": 2.1965120902842212,
  "gamesfinished": 39583598,
  "gametime": 7916924468.331235,
  "inputs": 27861325758,
  "piecesplaced": 6176863669
}
