{
  "usercount": 1006050,
  "usercount_delta": 0.05842742583368633,
  "anoncount": 696797,
  "rankedcount": 15141,
  "replaycount": 1704456,
  "gamesplayed": 51924550,
  "gamesplayed_delta": 2.7460890141832577,
  "gamesfinished": 37061331,
  "gametime": 7391234499.708258,
  "inputs": 26148790660,
  "piecesplaced": 5786635928
}
