{
  "usercount": 8889940,
  "usercount_delta": 0.25431969481636624,
  "anoncount": 6567900,
  "totalaccounts": 15422790,
  "rankedcount": 50535,
  "replaycount": 12739623,
  "gamesplayed": 597240101,
  "gamesplayed_delta": 4.637594434886678,
  "gamesfinished": 464608650,
  "gametime": 104897371322.46532,
  "inputs": 369586175933,
  "piecesplaced": 84884745235
}
