{
  "usercount": 844730,
  "usercount_delta": 0.030047625486395935,
  "anoncount": 573097,
  "rankedcount": 14034,
  "replaycount": 1458098,
  "gamesplayed": 44709231,
  "gamesplayed_delta": 2.2535719114796953,
  "gamesfinished": 31499893,
  "gametime": 6250056347.461601,
  "inputs": 22447700048,
  "piecesplaced": 4943426672
}
