{
  "usercount": 914054,
  "usercount_delta": 0.04299657460622304,
  "anoncount": 626385,
  "rankedcount": 14334,
  "replaycount": 1564342,
  "gamesplayed": 47787558,
  "gamesplayed_delta": 2.766112966333682,
  "gamesfinished": 33877503,
  "gametime": 6736969131.27842,
  "inputs": 24024917671,
  "piecesplaced": 5302834403
}
