{
  "usercount": 5181863,
  "usercount_delta": 0.18743264139449886,
  "anoncount": 4083578,
  "rankedcount": 42294,
  "replaycount": 6175907,
  "gamesplayed": 232193684,
  "gamesplayed_delta": 5.70107617574934,
  "gamesfinished": 181037273,
  "gametime": 39376038138.31517,
  "inputs": 133113159017,
  "piecesplaced": 29994843738
}
