{
  "usercount": 778135,
  "usercount_delta": 0.035637283726234384,
  "anoncount": 521060,
  "rankedcount": 13995,
  "replaycount": 1345343,
  "gamesplayed": 41599505,
  "gamesplayed_delta": 1.8531387537641881,
  "gamesfinished": 29132033,
  "gametime": 5759200022.125198,
  "inputs": 20847386446,
  "piecesplaced": 4577296532
}
