{
  "usercount": 3239141,
  "usercount_delta": 0.07293414047115454,
  "anoncount": 2458973,
  "rankedcount": 31407,
  "replaycount": 3797515,
  "gamesplayed": 152354630,
  "gamesplayed_delta": 4.726132302530814,
  "gamesfinished": 118703500,
  "gametime": 25208553058.37232,
  "inputs": 84538392487,
  "piecesplaced": 18928843199
}
