{
  "usercount": 828906,
  "usercount_delta": 0.05732876614163072,
  "anoncount": 560894,
  "rankedcount": 13951,
  "replaycount": 1432832,
  "gamesplayed": 43968485,
  "gamesplayed_delta": 2.192825304917375,
  "gamesfinished": 30933791,
  "gametime": 6132965580.905075,
  "inputs": 22066319334,
  "piecesplaced": 4856269510
}
