{
  "usercount": 929210,
  "usercount_delta": 0,
  "anoncount": 637839,
  "rankedcount": 14243,
  "replaycount": 1588623,
  "gamesplayed": 48461680,
  "gamesplayed_delta": 2.4417236109403273,
  "gamesfinished": 34398695,
  "gametime": 6842929533.64641,
  "inputs": 24365608814,
  "piecesplaced": 5380178314
}
