{
  "usercount": 3494604,
  "usercount_delta": 0.19855237270085377,
  "anoncount": 2670495,
  "rankedcount": 33104,
  "replaycount": 4035195,
  "gamesplayed": 162701727,
  "gamesplayed_delta": 4.909658670421111,
  "gamesfinished": 127006266,
  "gametime": 27069088309.734802,
  "inputs": 90813025945,
  "piecesplaced": 20352261009
}
