{
  "usercount": 1239202,
  "usercount_delta": 0.08270888127967181,
  "anoncount": 876314,
  "rankedcount": 17324,
  "replaycount": 2020986,
  "gamesplayed": 61416016,
  "gamesplayed_delta": 5.508411493226142,
  "gamesfinished": 44544835,
  "gametime": 8938956201.09544,
  "inputs": 31096920432,
  "piecesplaced": 6906646127
}
