{
  "usercount": 965236,
  "usercount_delta": 0.07474958887726117,
  "anoncount": 665253,
  "rankedcount": 14659,
  "replaycount": 1639610,
  "gamesplayed": 50004281,
  "gamesplayed_delta": 3.0946329795186127,
  "gamesfinished": 35587263,
  "gametime": 7086635620.515991,
  "inputs": 25158537687,
  "piecesplaced": 5560773612
}
