{
  "usercount": 1978202,
  "usercount_delta": 0.13475499856822815,
  "anoncount": 1449006,
  "rankedcount": 29336,
  "replaycount": 3057444,
  "gamesplayed": 91847496,
  "gamesplayed_delta": 5.5586436909394115,
  "gamesfinished": 69527125,
  "gametime": 14300688584.514317,
  "inputs": 48244161202,
  "piecesplaced": 10724486973
}
