{
  "usercount": 3706765,
  "usercount_delta": 0.13842746400885936,
  "anoncount": 2848157,
  "rankedcount": 34653,
  "replaycount": 4328871,
  "gamesplayed": 170622303,
  "gamesplayed_delta": 8.285872488530297,
  "gamesfinished": 133303666,
  "gametime": 28486179703.232773,
  "inputs": 95618604143,
  "piecesplaced": 21442154064
}
