{
  "usercount": 6728793,
  "usercount_delta": 0.10148163182463973,
  "anoncount": 5394173,
  "rankedcount": 45825,
  "replaycount": 7808773,
  "gamesplayed": 295704455,
  "gamesplayed_delta": 4.701982274541641,
  "gamesfinished": 230290232,
  "gametime": 50600754743.04523,
  "inputs": 172314858306,
  "piecesplaced": 38964356333
}
