{
  "usercount": 797738,
  "usercount_delta": 0.03098229361919663,
  "anoncount": 536618,
  "rankedcount": 13880,
  "replaycount": 1377456,
  "gamesplayed": 42459813,
  "gamesplayed_delta": 1.3167474788158569,
  "gamesfinished": 29784758,
  "gametime": 5894851079.467464,
  "inputs": 21291708273,
  "piecesplaced": 4679134663
}
