{
  "usercount": 808367,
  "usercount_delta": 0.05320658342792282,
  "anoncount": 544829,
  "rankedcount": 13997,
  "replaycount": 1397505,
  "gamesplayed": 43003823,
  "gamesplayed_delta": 1.6316685584562995,
  "gamesfinished": 30198510,
  "gametime": 5981567297.343959,
  "inputs": 21574755039,
  "piecesplaced": 4744081441
}
