{
  "usercount": 1003099,
  "usercount_delta": 0.14606429750376118,
  "anoncount": 694465,
  "rankedcount": 14978,
  "replaycount": 1698894,
  "gamesplayed": 51771658,
  "gamesplayed_delta": 3.7684588755970383,
  "gamesfinished": 36945321,
  "gametime": 7366617367.031436,
  "inputs": 26068206404,
  "piecesplaced": 5768260647
}
