{
  "usercount": 8876369,
  "usercount_delta": 0.13610302999370522,
  "anoncount": 6827520,
  "totalaccounts": 12843695,
  "rankedcount": 47226,
  "replaycount": 11442649,
  "gamesplayed": 512382932,
  "gamesplayed_delta": 3.998026506065091,
  "gamesfinished": 399421278,
  "gametime": 89351646628.89961,
  "inputs": 312522792121,
  "piecesplaced": 71561785412
}
