{
  "usercount": 9620337,
  "usercount_delta": 0.02989357885926103,
  "anoncount": 7143410,
  "totalaccounts": 16958055,
  "rankedcount": 50089,
  "replaycount": 14106933,
  "gamesplayed": 650482404,
  "gamesplayed_delta": 3.2584000956594523,
  "gamesfinished": 505281216,
  "gametime": 114802132923.03429,
  "inputs": 406208123749,
  "piecesplaced": 93454233080
}
