{
  "usercount": 1101975,
  "usercount_delta": 0.0781616382679381,
  "anoncount": 770978,
  "rankedcount": 15863,
  "replaycount": 1842975,
  "gamesplayed": 56189307,
  "gamesplayed_delta": 3.0092230733156167,
  "gamesfinished": 40371412,
  "gametime": 8079174069.364698,
  "inputs": 28382412339,
  "piecesplaced": 6294843767
}
