{
  "usercount": 846789,
  "usercount_delta": 0.07494987726957597,
  "anoncount": 574717,
  "rankedcount": 14129,
  "replaycount": 1462282,
  "gamesplayed": 44813783,
  "gamesplayed_delta": 2.623245704435159,
  "gamesfinished": 31576783,
  "gametime": 6265754553.777779,
  "inputs": 22499526671,
  "piecesplaced": 4955275164
}
