{
  "usercount": 4567147,
  "usercount_delta": 0.12989332510675608,
  "anoncount": 3569280,
  "rankedcount": 40892,
  "replaycount": 5413466,
  "gamesplayed": 205517830,
  "gamesplayed_delta": 4.870999691503353,
  "gamesfinished": 160540323,
  "gametime": 34694005701.183685,
  "inputs": 116938534173,
  "piecesplaced": 26294367975
}
