{
  "usercount": 851321,
  "usercount_delta": 0.12296017846791617,
  "anoncount": 578254,
  "rankedcount": 14118,
  "replaycount": 1469778,
  "gamesplayed": 45035402,
  "gamesplayed_delta": 2.6875581865130247,
  "gamesfinished": 31745466,
  "gametime": 6300444538.715908,
  "inputs": 22611412807,
  "piecesplaced": 4980704547
}
