{
  "usercount": 1045863,
  "usercount_delta": 0.07926568271532522,
  "anoncount": 727563,
  "rankedcount": 15610,
  "replaycount": 1763654,
  "gamesplayed": 53758289,
  "gamesplayed_delta": 2.3145579352874965,
  "gamesfinished": 38472920,
  "gametime": 7684901515.967721,
  "inputs": 27110656452,
  "piecesplaced": 6005947845
}
