{
  "usercount": 6821078,
  "usercount_delta": 0.249946440048561,
  "anoncount": 5005749,
  "rankedcount": 55741,
  "replaycount": 9368139,
  "gamesplayed": 439623609,
  "gamesplayed_delta": 7.016353638506034,
  "gamesfinished": 342332548,
  "gametime": 75927522293.45767,
  "inputs": 263282043484,
  "piecesplaced": 60062467722
}
