{
  "usercount": 837606,
  "usercount_delta": 0.039736941447616775,
  "anoncount": 567542,
  "rankedcount": 14146,
  "replaycount": 1446906,
  "gamesplayed": 44378411,
  "gamesplayed_delta": 2.304742603961773,
  "gamesfinished": 31247200,
  "gametime": 6198376709.429163,
  "inputs": 22279428394,
  "piecesplaced": 4905034605
}
