{
  "usercount": 814685,
  "usercount_delta": 0,
  "anoncount": 549771,
  "rankedcount": 13887,
  "replaycount": 1408565,
  "gamesplayed": 43298814,
  "gamesplayed_delta": 1.9669786016570303,
  "gamesfinished": 30421150,
  "gametime": 6027611188.241123,
  "inputs": 21724396893,
  "piecesplaced": 4778209972
}
