{
  "usercount": 1129635,
  "usercount_delta": 0.03145742237881028,
  "anoncount": 792544,
  "rankedcount": 16126,
  "replaycount": 1882163,
  "gamesplayed": 57388710,
  "gamesplayed_delta": 3.491773884047941,
  "gamesfinished": 41313304,
  "gametime": 8273355255.9954815,
  "inputs": 29008892366,
  "piecesplaced": 6437378659
}
