{
  "usercount": 5786223,
  "usercount_delta": 0.06597176408497163,
  "anoncount": 4136909,
  "rankedcount": 41633,
  "replaycount": 10105444,
  "gamesplayed": 392071674,
  "gamesplayed_delta": 2.358490566037736,
  "gamesfinished": 304481127,
  "gametime": 67497297835.04974,
  "inputs": 233136565930,
  "piecesplaced": 53077077763
}
