{
  "usercount": 8737701,
  "usercount_delta": 0.019994001799460162,
  "anoncount": 6541642,
  "totalaccounts": 14272376,
  "rankedcount": 49134,
  "replaycount": 11607030,
  "gamesplayed": 558111051,
  "gamesplayed_delta": 3.958812356293112,
  "gamesfinished": 434731649,
  "gametime": 97662833569.00572,
  "inputs": 343021292691,
  "piecesplaced": 78683053589
}
