{
  "usercount": 732895,
  "usercount_delta": 0.03098229361919663,
  "anoncount": 485460,
  "rankedcount": 13491,
  "replaycount": 1244050,
  "gamesplayed": 39486076,
  "gamesplayed_delta": 2.5405480767741238,
  "gamesfinished": 27527492,
  "gametime": 5425043338.110614,
  "inputs": 19750324837,
  "piecesplaced": 4327219583
}
