{
  "usercount": 1012307,
  "usercount_delta": 0.07613594834937264,
  "anoncount": 701659,
  "rankedcount": 15269,
  "replaycount": 1714674,
  "gamesplayed": 52232980,
  "gamesplayed_delta": 3.7002070897795103,
  "gamesfinished": 37298999,
  "gametime": 7439950328.994731,
  "inputs": 26307893379,
  "piecesplaced": 5822764752
}
