{
  "usercount": 5664930,
  "usercount_delta": 0.17429025136527365,
  "anoncount": 4055882,
  "rankedcount": 43080,
  "replaycount": 9817661,
  "gamesplayed": 380381923,
  "gamesplayed_delta": 3.2727836089701383,
  "gamesfinished": 295402299,
  "gametime": 65426198002.01053,
  "inputs": 225624704171,
  "piecesplaced": 51339962723
}
