{
  "usercount": 1063362,
  "usercount_delta": 0.019540409566984523,
  "anoncount": 741139,
  "rankedcount": 15676,
  "replaycount": 1788682,
  "gamesplayed": 54514866,
  "gamesplayed_delta": 1.9931217758324213,
  "gamesfinished": 39063125,
  "gametime": 7807525142.494366,
  "inputs": 27507947538,
  "piecesplaced": 6096267515
}
