{
  "usercount": 785723,
  "usercount_delta": 0.01773489873372823,
  "anoncount": 526988,
  "rankedcount": 13967,
  "replaycount": 1359764,
  "gamesplayed": 41989553,
  "gamesplayed_delta": 1.2414429113609762,
  "gamesfinished": 29427241,
  "gametime": 5820865229.823878,
  "inputs": 21050586474,
  "piecesplaced": 4623825276
}
