{
  "usercount": 4847563,
  "usercount_delta": 0.11656823127137084,
  "anoncount": 3802439,
  "rankedcount": 42329,
  "replaycount": 5757628,
  "gamesplayed": 218190733,
  "gamesplayed_delta": 5.847839602113771,
  "gamesfinished": 170366333,
  "gametime": 36933923508.24168,
  "inputs": 124694682800,
  "piecesplaced": 28067842210
}
