{
  "usercount": 2150755,
  "usercount_delta": 0.05971218725741924,
  "anoncount": 1584957,
  "rankedcount": 32132,
  "replaycount": 3315417,
  "gamesplayed": 100442332,
  "gamesplayed_delta": 4.179853108019347,
  "gamesfinished": 76574073,
  "gametime": 15867208164.178791,
  "inputs": 53384591432,
  "piecesplaced": 11872595873
}
