{
  "usercount": 6086196,
  "usercount_delta": 0.20892092343048158,
  "anoncount": 4849760,
  "rankedcount": 45281,
  "replaycount": 7068534,
  "gamesplayed": 267544848,
  "gamesplayed_delta": 7.50623032039516,
  "gamesfinished": 208607533,
  "gametime": 45603094942.30096,
  "inputs": 154749130350,
  "piecesplaced": 34932204930
}
