{
  "usercount": 6024857,
  "usercount_delta": 0.19400379053559969,
  "anoncount": 4797482,
  "rankedcount": 44769,
  "replaycount": 6999150,
  "gamesplayed": 265135927,
  "gamesplayed_delta": 4.536704024832485,
  "gamesfinished": 206729006,
  "gametime": 45180605981.898155,
  "inputs": 153285579832,
  "piecesplaced": 34599303769
}
