{
  "usercount": 897070,
  "usercount_delta": 0.09035872413481522,
  "anoncount": 613844,
  "rankedcount": 14284,
  "replaycount": 1539632,
  "gamesplayed": 47095429,
  "gamesplayed_delta": 3.2980934309207552,
  "gamesfinished": 33340281,
  "gametime": 6626321334.655023,
  "inputs": 23663743808,
  "piecesplaced": 5220245074
}
