{
  "usercount": 9143541,
  "usercount_delta": 0.2968861878067096,
  "anoncount": 6775612,
  "totalaccounts": 15886733,
  "rankedcount": 51993,
  "replaycount": 13135973,
  "gamesplayed": 611989115,
  "gamesplayed_delta": 4.750179004907354,
  "gamesfinished": 475996168,
  "gametime": 107651194802.43019,
  "inputs": 379668851462,
  "piecesplaced": 87236872781
}
