{
  "usercount": 7878721,
  "usercount_delta": 0.11443939003805109,
  "anoncount": 5939227,
  "totalaccounts": 11821198,
  "rankedcount": 50185,
  "replaycount": 10539021,
  "gamesplayed": 478219894,
  "gamesplayed_delta": 3.91954910880325,
  "gamesfinished": 372868986,
  "gametime": 83148675499.47041,
  "inputs": 289659227613,
  "piecesplaced": 66209233550
}
