{
  "usercount": 1294665,
  "usercount_delta": 0.038691454992164975,
  "anoncount": 919526,
  "rankedcount": 17940,
  "replaycount": 2096384,
  "gamesplayed": 63598750,
  "gamesplayed_delta": 3.636996769263508,
  "gamesfinished": 46299843,
  "gametime": 9302726604.395266,
  "inputs": 32253123358,
  "piecesplaced": 7166716979
}
