{
  "usercount": 929375,
  "usercount_delta": 0.02866438307081536,
  "anoncount": 637979,
  "rankedcount": 14247,
  "replaycount": 1588937,
  "gamesplayed": 48470538,
  "gamesplayed_delta": 1.9921746234216675,
  "gamesfinished": 34405591,
  "gametime": 6844275685.285092,
  "inputs": 24370079218,
  "piecesplaced": 5381206830
}
