{
  "usercount": 984854,
  "usercount_delta": 0.015260186174271325,
  "anoncount": 680381,
  "rankedcount": 14793,
  "replaycount": 1669296,
  "gamesplayed": 50889869,
  "gamesplayed_delta": 3.525103006256676,
  "gamesfinished": 36271178,
  "gametime": 7226351082.754524,
  "inputs": 25612355123,
  "piecesplaced": 5664126529
}
