{
  "usercount": 2622651,
  "usercount_delta": 0.10152627838505533,
  "anoncount": 1959972,
  "rankedcount": 29191,
  "replaycount": 3949044,
  "gamesplayed": 124907028,
  "gamesplayed_delta": 6.125418795898338,
  "gamesfinished": 96346422,
  "gametime": 20267827676.99633,
  "inputs": 68137406873,
  "piecesplaced": 15221703442
}
