{
  "usercount": 948711,
  "usercount_delta": 0.0694107031304227,
  "anoncount": 652717,
  "rankedcount": 14300,
  "replaycount": 1616374,
  "gamesplayed": 49263503,
  "gamesplayed_delta": 1.8220309571735962,
  "gamesfinished": 35019819,
  "gametime": 6970577139.195583,
  "inputs": 24778457723,
  "piecesplaced": 5473928552
}
