{
  "usercount": 859978,
  "usercount_delta": 0.01986886548778065,
  "anoncount": 584945,
  "rankedcount": 14058,
  "replaycount": 1482492,
  "gamesplayed": 45405099,
  "gamesplayed_delta": 1.9074110868269423,
  "gamesfinished": 32030912,
  "gametime": 6359005041.04964,
  "inputs": 22800574634,
  "piecesplaced": 5023674584
}
