{
  "usercount": 8069122,
  "usercount_delta": 0.06277857994852157,
  "anoncount": 5946705,
  "totalaccounts": 13587768,
  "rankedcount": 50099,
  "replaycount": 10858414,
  "gamesplayed": 535495816,
  "gamesplayed_delta": 3.358654027245904,
  "gamesfinished": 417396216,
  "gametime": 93506849946.22778,
  "inputs": 327730068693,
  "piecesplaced": 75107479910
}
