{
  "usercount": 943239,
  "usercount_delta": 0.12018689061490617,
  "anoncount": 648613,
  "rankedcount": 14346,
  "replaycount": 1608839,
  "gamesplayed": 49031962,
  "gamesplayed_delta": 3.3952796598710995,
  "gamesfinished": 34838347,
  "gametime": 6933329071.188821,
  "inputs": 24657980226,
  "piecesplaced": 5446520756
}
