{
  "usercount": 799372,
  "usercount_delta": 0.07894404446128585,
  "anoncount": 537898,
  "rankedcount": 13927,
  "replaycount": 1380389,
  "gamesplayed": 42536218,
  "gamesplayed_delta": 2.51042061386889,
  "gamesfinished": 29843886,
  "gametime": 5907198846.7836275,
  "inputs": 21331652509,
  "piecesplaced": 4688346984
}
