{
  "usercount": 8732070,
  "usercount_delta": 0.32208094967868595,
  "anoncount": 6437441,
  "totalaccounts": 15145444,
  "rankedcount": 50167,
  "replaycount": 12496428,
  "gamesplayed": 588282279,
  "gamesplayed_delta": 4.156377969663042,
  "gamesfinished": 457696900,
  "gametime": 103223940724.39651,
  "inputs": 363414684693,
  "piecesplaced": 83443682854
}
