{
  "usercount": 795779,
  "usercount_delta": 0.053454973094330206,
  "anoncount": 535041,
  "rankedcount": 14017,
  "replaycount": 1374119,
  "gamesplayed": 42378112,
  "gamesplayed_delta": 2.245108869961869,
  "gamesfinished": 29722270,
  "gametime": 5881731431.356992,
  "inputs": 21248551107,
  "piecesplaced": 4669158832
}
