{
  "usercount": 5542303,
  "usercount_delta": 0.18108486295168327,
  "anoncount": 4388403,
  "rankedcount": 43506,
  "replaycount": 6495566,
  "gamesplayed": 246294990,
  "gamesplayed_delta": 4.971602601037123,
  "gamesfinished": 192001951,
  "gametime": 41858083115.49023,
  "inputs": 141735791274,
  "piecesplaced": 31961913664
}
