{
  "usercount": 8682276,
  "usercount_delta": 0.1196780660024534,
  "anoncount": 6397001,
  "totalaccounts": 15047459,
  "rankedcount": 49552,
  "replaycount": 12414245,
  "gamesplayed": 585263853,
  "gamesplayed_delta": 4.472967716841696,
  "gamesfinished": 455379519,
  "gametime": 102670443524.97774,
  "inputs": 361378069995,
  "piecesplaced": 82969166665
}
