{
  "usercount": 918730,
  "usercount_delta": 0.015280940083433931,
  "anoncount": 629917,
  "rankedcount": 14272,
  "replaycount": 1571859,
  "gamesplayed": 47986070,
  "gamesplayed_delta": 2.0934887914304485,
  "gamesfinished": 34030457,
  "gametime": 6768406028.379894,
  "inputs": 24125726730,
  "piecesplaced": 5325715743
}
