{
  "usercount": 748153,
  "usercount_delta": 0.01870592416618343,
  "anoncount": 497451,
  "rankedcount": 13726,
  "replaycount": 1282799,
  "gamesplayed": 40144173,
  "gamesplayed_delta": 2.5065938382685795,
  "gamesfinished": 28028072,
  "gametime": 5528271603.142287,
  "inputs": 20086201240,
  "piecesplaced": 4403388035
}
