{
  "usercount": 953880,
  "usercount_delta": 0.05760285710171224,
  "anoncount": 656593,
  "rankedcount": 14437,
  "replaycount": 1622033,
  "gamesplayed": 49489276,
  "gamesplayed_delta": 2.217709998415921,
  "gamesfinished": 35192028,
  "gametime": 7005879502.276422,
  "inputs": 24895054528,
  "piecesplaced": 5500704740
}
