{
  "usercount": 8595424,
  "usercount_delta": 0.21448959725453315,
  "anoncount": 6417327,
  "totalaccounts": 14126168,
  "rankedcount": 50137,
  "replaycount": 11455769,
  "gamesplayed": 553478731,
  "gamesplayed_delta": 4.966259136431883,
  "gamesfinished": 431217015,
  "gametime": 96808863354.38748,
  "inputs": 339896977341,
  "piecesplaced": 77953241570
}
