{
  "usercount": 2254978,
  "usercount_delta": 0.07583369670313003,
  "anoncount": 1668037,
  "rankedcount": 32141,
  "replaycount": 3463948,
  "gamesplayed": 105882146,
  "gamesplayed_delta": 5.535859859328492,
  "gamesfinished": 81000429,
  "gametime": 16848175500.319094,
  "inputs": 56662818730,
  "piecesplaced": 12612267693
}
