{
  "usercount": 989898,
  "usercount_delta": 0.11503729125524859,
  "anoncount": 684293,
  "rankedcount": 14814,
  "replaycount": 1677525,
  "gamesplayed": 51139326,
  "gamesplayed_delta": 2.588339053243093,
  "gamesfinished": 36464644,
  "gametime": 7266527075.573262,
  "inputs": 25744024761,
  "piecesplaced": 5694299382
}
