{
  "usercount": 782096,
  "usercount_delta": 0.053454973094330206,
  "anoncount": 524172,
  "rankedcount": 13819,
  "replaycount": 1353457,
  "gamesplayed": 41814294,
  "gamesplayed_delta": 2.2094722212323155,
  "gamesfinished": 29293594,
  "gametime": 5792696482.986384,
  "inputs": 20958192608,
  "piecesplaced": 4602640442
}
