{
  "usercount": 1077801,
  "usercount_delta": 0.06616710502373745,
  "anoncount": 752216,
  "rankedcount": 15823,
  "replaycount": 1809610,
  "gamesplayed": 55194726,
  "gamesplayed_delta": 3.060228607347857,
  "gamesfinished": 39590305,
  "gametime": 7918317633.07113,
  "inputs": 27865992742,
  "piecesplaced": 6177924653
}
