{
  "usercount": 831727,
  "usercount_delta": 0.06753220441998278,
  "anoncount": 563023,
  "rankedcount": 14090,
  "replaycount": 1437447,
  "gamesplayed": 44101890,
  "gamesplayed_delta": 2.19479664364944,
  "gamesfinished": 31036614,
  "gametime": 6154461339.601465,
  "inputs": 22135447913,
  "piecesplaced": 4872107721
}
