{
  "usercount": 1249379,
  "usercount_delta": 0.20829388373414126,
  "anoncount": 884199,
  "rankedcount": 17468,
  "replaycount": 2035025,
  "gamesplayed": 61811578,
  "gamesplayed_delta": 3.843968945275516,
  "gamesfinished": 44866486,
  "gametime": 9004478992.763624,
  "inputs": 31302321676,
  "piecesplaced": 6952708876
}
