{
  "usercount": 1027157,
  "usercount_delta": 0.014607709949311248,
  "anoncount": 713199,
  "rankedcount": 15378,
  "replaycount": 1737939,
  "gamesplayed": 52951322,
  "gamesplayed_delta": 3.242911608747097,
  "gamesfinished": 37852707,
  "gametime": 7555816876.314073,
  "inputs": 26687375322,
  "piecesplaced": 5909214427
}
