{
  "usercount": 737926,
  "usercount_delta": 0.029579235376765513,
  "anoncount": 489398,
  "rankedcount": 13663,
  "replaycount": 1258194,
  "gamesplayed": 39705059,
  "gamesplayed_delta": 2.1001257117503513,
  "gamesfinished": 27695552,
  "gametime": 5459358163.469962,
  "inputs": 19860962550,
  "piecesplaced": 4352272516
}
