{
  "usercount": 1016399,
  "usercount_delta": 0.07910516240289842,
  "anoncount": 704872,
  "rankedcount": 15245,
  "replaycount": 1721458,
  "gamesplayed": 52431747,
  "gamesplayed_delta": 2.5155441644121694,
  "gamesfinished": 37452635,
  "gametime": 7471539296.976849,
  "inputs": 26411781949,
  "piecesplaced": 5846413821
}
