{
  "usercount": 747616,
  "usercount_delta": 0.045173919590423134,
  "anoncount": 497036,
  "rankedcount": 13702,
  "replaycount": 1281432,
  "gamesplayed": 40118338,
  "gamesplayed_delta": 2.9363047733775036,
  "gamesfinished": 28008504,
  "gametime": 5524366960.719293,
  "inputs": 20073352512,
  "piecesplaced": 4400498406
}
