{
  "usercount": 1212155,
  "usercount_delta": 0.11010271009956431,
  "anoncount": 855435,
  "rankedcount": 16953,
  "replaycount": 1983170,
  "gamesplayed": 60294131,
  "gamesplayed_delta": 3.9165106878273592,
  "gamesfinished": 43645742,
  "gametime": 8751824239.280567,
  "inputs": 30502394727,
  "piecesplaced": 6772744339
}
