{
  "usercount": 1031672,
  "usercount_delta": 0.11010271009956431,
  "anoncount": 716753,
  "rankedcount": 15407,
  "replaycount": 1744588,
  "gamesplayed": 53166382,
  "gamesplayed_delta": 2.532362332289979,
  "gamesfinished": 38016559,
  "gametime": 7590290465.02566,
  "inputs": 26800614369,
  "piecesplaced": 5935113251
}
