{
  "usercount": 8250335,
  "usercount_delta": 0.2675847797777262,
  "anoncount": 6265773,
  "totalaccounts": 12202776,
  "rankedcount": 44993,
  "replaycount": 10921417,
  "gamesplayed": 493001001,
  "gamesplayed_delta": 5.40521255151007,
  "gamesfinished": 384284653,
  "gametime": 85869990350.46028,
  "inputs": 299802094438,
  "piecesplaced": 68595441369
}
