{
  "usercount": 774020,
  "usercount_delta": 0.11051642747754148,
  "anoncount": 517806,
  "rankedcount": 13983,
  "replaycount": 1337444,
  "gamesplayed": 41395786,
  "gamesplayed_delta": 2.383997221301252,
  "gamesfinished": 28977429,
  "gametime": 5726710002.336998,
  "inputs": 20738574828,
  "piecesplaced": 4552336300
}
