{
  "usercount": 1028109,
  "usercount_delta": 0.014607496567238308,
  "anoncount": 713925,
  "rankedcount": 15434,
  "replaycount": 1739492,
  "gamesplayed": 53002261,
  "gamesplayed_delta": 3.3889392035992874,
  "gamesfinished": 37890703,
  "gametime": 7563724106.0464,
  "inputs": 26712999017,
  "piecesplaced": 5915094673
}
