{
  "usercount": 1010607,
  "usercount_delta": 0.1370467938663946,
  "anoncount": 700331,
  "rankedcount": 15186,
  "replaycount": 1711823,
  "gamesplayed": 52151079,
  "gamesplayed_delta": 3.3500327389563123,
  "gamesfinished": 37235082,
  "gametime": 7426600856.58639,
  "inputs": 26264449112,
  "piecesplaced": 5812935478
}
