{
  "usercount": 1119442,
  "usercount_delta": 0.07574323044877863,
  "anoncount": 784486,
  "rankedcount": 16002,
  "replaycount": 1868679,
  "gamesplayed": 56970448,
  "gamesplayed_delta": 3.787161522438932,
  "gamesfinished": 40983465,
  "gametime": 8206187688.424302,
  "inputs": 28794970388,
  "piecesplaced": 6388972588
}
