{
  "usercount": 2787337,
  "usercount_delta": 0.06578081831337981,
  "anoncount": 2090805,
  "rankedcount": 29542,
  "replaycount": 4146691,
  "gamesplayed": 132531660,
  "gamesplayed_delta": 4.308643599526378,
  "gamesfinished": 102551001,
  "gametime": 21638865088.399242,
  "inputs": 72666158036,
  "piecesplaced": 16244121963
}
