{
  "usercount": 1187658,
  "usercount_delta": 0.09512032721392562,
  "anoncount": 836588,
  "rankedcount": 16668,
  "replaycount": 1952697,
  "gamesplayed": 59428736,
  "gamesplayed_delta": 2.9328767557627065,
  "gamesfinished": 42947980,
  "gametime": 8609668583.870178,
  "inputs": 30061659971,
  "piecesplaced": 6674345420
}
