{
  "usercount": 6808239,
  "usercount_delta": 0.050511853448275856,
  "anoncount": 5461938,
  "rankedcount": 44516,
  "replaycount": 7899086,
  "gamesplayed": 299386384,
  "gamesplayed_delta": 3.4853178879310343,
  "gamesfinished": 233070222,
  "gametime": 51252433276.55743,
  "inputs": 174643148539,
  "piecesplaced": 39504849837
}
