{
  "usercount": 991492,
  "usercount_delta": 0.05800127602807262,
  "anoncount": 685471,
  "rankedcount": 14875,
  "replaycount": 1680165,
  "gamesplayed": 51212191,
  "gamesplayed_delta": 3.117568586508903,
  "gamesfinished": 36520022,
  "gametime": 7278330884.378578,
  "inputs": 25781622361,
  "piecesplaced": 5702894429
}
