{
  "usercount": 2417053,
  "usercount_delta": 0.09723370120083621,
  "anoncount": 1796635,
  "rankedcount": 31541,
  "replaycount": 3678927,
  "gamesplayed": 114245130,
  "gamesplayed_delta": 4.910301910642229,
  "gamesfinished": 87762257,
  "gametime": 18357799765.41886,
  "inputs": 61724383284,
  "piecesplaced": 13762606814
}
