{
  "usercount": 852268,
  "usercount_delta": 0.11242270938729623,
  "anoncount": 578950,
  "rankedcount": 13990,
  "replaycount": 1471250,
  "gamesplayed": 45076224,
  "gamesplayed_delta": 2.210979951283493,
  "gamesfinished": 31775168,
  "gametime": 6306511165.056788,
  "inputs": 22631100540,
  "piecesplaced": 4985226456
}
