{
  "usercount": 930196,
  "usercount_delta": 0,
  "anoncount": 638627,
  "rankedcount": 14278,
  "replaycount": 1590306,
  "gamesplayed": 48507352,
  "gamesplayed_delta": 2.904471011505453,
  "gamesfinished": 34433602,
  "gametime": 6849940241.445847,
  "inputs": 24389226984,
  "piecesplaced": 5385603383
}
