{
  "usercount": 1240602,
  "usercount_delta": 0.11607436497649494,
  "anoncount": 877376,
  "rankedcount": 17372,
  "replaycount": 2022921,
  "gamesplayed": 61467141,
  "gamesplayed_delta": 3.8304540442243327,
  "gamesfinished": 44587118,
  "gametime": 8947503938.529377,
  "inputs": 31122710810,
  "piecesplaced": 6912406571
}
