{
  "usercount": 818579,
  "usercount_delta": 0.1390792950666587,
  "anoncount": 552818,
  "rankedcount": 13868,
  "replaycount": 1415793,
  "gamesplayed": 43487581,
  "gamesplayed_delta": 2.5829011940950903,
  "gamesfinished": 30565103,
  "gametime": 6057263404.439193,
  "inputs": 21820809998,
  "piecesplaced": 4800262314
}
