{
  "usercount": 5375168,
  "usercount_delta": 0.2566199939052752,
  "anoncount": 4246673,
  "rankedcount": 42381,
  "replaycount": 6317283,
  "gamesplayed": 239740797,
  "gamesplayed_delta": 5.677717365154213,
  "gamesfinished": 186903345,
  "gametime": 40704036573.02427,
  "inputs": 137721519929,
  "piecesplaced": 31045703021
}
