{
  "usercount": 1544459,
  "usercount_delta": 0.10003668011604254,
  "anoncount": 1111183,
  "rankedcount": 21505,
  "replaycount": 2450633,
  "gamesplayed": 73832488,
  "gamesplayed_delta": 4.351595585047851,
  "gamesfinished": 54570277,
  "gametime": 11045324181.349802,
  "inputs": 37757454381,
  "piecesplaced": 8402035696
}
