{
  "usercount": 7138935,
  "usercount_delta": 0.33350008337502085,
  "anoncount": 5287003,
  "totalaccounts": 11061880,
  "rankedcount": 58974,
  "replaycount": 9733049,
  "gamesplayed": 450532054,
  "gamesplayed_delta": 5.280417986771163,
  "gamesfinished": 351120994,
  "gametime": 77947482175.21942,
  "inputs": 270518889508,
  "piecesplaced": 61735216391
}
