{
  "usercount": 1166164,
  "usercount_delta": 0.1563232765358762,
  "anoncount": 820124,
  "rankedcount": 16339,
  "replaycount": 1925447,
  "gamesplayed": 58652948,
  "gamesplayed_delta": 2.6379552915429105,
  "gamesfinished": 42324049,
  "gametime": 8481644765.469569,
  "inputs": 29663528185,
  "piecesplaced": 6584975990
}
