{
  "usercount": 975472,
  "usercount_delta": 0.03385354954466976,
  "anoncount": 673102,
  "rankedcount": 14652,
  "replaycount": 1655128,
  "gamesplayed": 50462890,
  "gamesplayed_delta": 3.165306882426622,
  "gamesfinished": 35939054,
  "gametime": 7158579490.904518,
  "inputs": 25390610654,
  "piecesplaced": 5613547730
}
