{
  "usercount": 1203853,
  "usercount_delta": 0.07584376185058779,
  "anoncount": 849078,
  "rankedcount": 16927,
  "replaycount": 1973113,
  "gamesplayed": 60005718,
  "gamesplayed_delta": 3.9628365566932118,
  "gamesfinished": 43412126,
  "gametime": 8704040773.579485,
  "inputs": 30352871003,
  "piecesplaced": 6739295007
}
