{
  "usercount": 910867,
  "usercount_delta": 0.0602382422480912,
  "anoncount": 623911,
  "rankedcount": 14206,
  "replaycount": 1559513,
  "gamesplayed": 47652606,
  "gamesplayed_delta": 2.9366143095944457,
  "gamesfinished": 33772469,
  "gametime": 6715981938.260001,
  "inputs": 23955184009,
  "piecesplaced": 5286914759
}
