{
  "usercount": 8540069,
  "usercount_delta": 0.06916466377327823,
  "anoncount": 6369313,
  "totalaccounts": 14069304,
  "rankedcount": 51245,
  "replaycount": 11394387,
  "gamesplayed": 551513186,
  "gamesplayed_delta": 2.974080542250964,
  "gamesfinished": 429735682,
  "gametime": 96442376045.35358,
  "inputs": 338528626505,
  "piecesplaced": 77631356095
}
