{
  "usercount": 5230815,
  "usercount_delta": 0.08575593859874797,
  "anoncount": 4125184,
  "rankedcount": 42421,
  "replaycount": 6154454,
  "gamesplayed": 233884800,
  "gamesplayed_delta": 4.973844438727382,
  "gamesfinished": 182361355,
  "gametime": 39673056564.193085,
  "inputs": 134134734301,
  "piecesplaced": 30226829914
}
