{
  "usercount": 823170,
  "usercount_delta": 0.07640586797066015,
  "anoncount": 556438,
  "rankedcount": 13869,
  "replaycount": 1423410,
  "gamesplayed": 43700731,
  "gamesplayed_delta": 2.567237163814181,
  "gamesfinished": 30727736,
  "gametime": 6090900136.099717,
  "inputs": 21929606135,
  "piecesplaced": 4825136916
}
