{
  "usercount": 1046147,
  "usercount_delta": 0.09467545254866319,
  "anoncount": 727792,
  "rankedcount": 15625,
  "replaycount": 1764094,
  "gamesplayed": 53768639,
  "gamesplayed_delta": 2.5373021283041735,
  "gamesfinished": 38481001,
  "gametime": 7686568086.34719,
  "inputs": 27116030470,
  "piecesplaced": 6007171371
}
