{
  "usercount": 7974510,
  "usercount_delta": 0.16515772562797473,
  "anoncount": 6022655,
  "totalaccounts": 11919725,
  "rankedcount": 48238,
  "replaycount": 10648150,
  "gamesplayed": 482364691,
  "gamesplayed_delta": 3.9187423989910366,
  "gamesfinished": 376052425,
  "gametime": 83924926501.35278,
  "inputs": 292557107640,
  "piecesplaced": 66892008218
}
