{
  "usercount": 1217340,
  "usercount_delta": 0.15476282596920218,
  "anoncount": 859422,
  "rankedcount": 17174,
  "replaycount": 1990897,
  "gamesplayed": 60522048,
  "gamesplayed_delta": 2.9985297531532926,
  "gamesfinished": 43828639,
  "gametime": 8790510869.562792,
  "inputs": 30626048419,
  "piecesplaced": 6800684752
}
