{
  "usercount": 7345931,
  "usercount_delta": 0.25305778152678193,
  "anoncount": 5469577,
  "totalaccounts": 11274420,
  "rankedcount": 59452,
  "replaycount": 9966795,
  "gamesplayed": 457960389,
  "gamesplayed_delta": 4.605651623787431,
  "gamesfinished": 357035950,
  "gametime": 79344401037.09451,
  "inputs": 275583513595,
  "piecesplaced": 62912843169
}
