{
  "usercount": 767220,
  "usercount_delta": 0,
  "anoncount": 512454,
  "rankedcount": 13881,
  "replaycount": 1323632,
  "gamesplayed": 41045907,
  "gamesplayed_delta": 2.800993901061667,
  "gamesfinished": 28712792,
  "gametime": 5671315683.840385,
  "inputs": 20554736051,
  "piecesplaced": 4510289594
}
