{
  "usercount": 4128303,
  "usercount_delta": 0.1384302015148219,
  "anoncount": 3199498,
  "rankedcount": 39506,
  "replaycount": 4885638,
  "gamesplayed": 186797416,
  "gamesplayed_delta": 6.051377380505072,
  "gamesfinished": 146087579,
  "gametime": 31374388270.50664,
  "inputs": 105409901368,
  "piecesplaced": 23656518113
}
