{
  "usercount": 2766023,
  "usercount_delta": 0.11512021839950005,
  "anoncount": 2073742,
  "rankedcount": 29067,
  "replaycount": 4120973,
  "gamesplayed": 131585087,
  "gamesplayed_delta": 5.62444495608986,
  "gamesfinished": 101770608,
  "gametime": 21465109410.96215,
  "inputs": 72098565945,
  "piecesplaced": 16116663650
}
