{
  "usercount": 988126,
  "usercount_delta": 0.05078032431700463,
  "anoncount": 682933,
  "rankedcount": 14741,
  "replaycount": 1674349,
  "gamesplayed": 51046644,
  "gamesplayed_delta": 2.488235891533227,
  "gamesfinished": 36393009,
  "gametime": 7251562694.064092,
  "inputs": 25694300536,
  "piecesplaced": 5682903143
}
