{
  "usercount": 977007,
  "usercount_delta": 0.014607709949311248,
  "anoncount": 674308,
  "rankedcount": 14721,
  "replaycount": 1657353,
  "gamesplayed": 50531218,
  "gamesplayed_delta": 1.9574331332077073,
  "gamesfinished": 35992946,
  "gametime": 7169425179.168918,
  "inputs": 25426201465,
  "piecesplaced": 5621625010
}
