{
  "usercount": 1005335,
  "usercount_delta": 0.05078032431700463,
  "anoncount": 696235,
  "rankedcount": 15113,
  "replaycount": 1703325,
  "gamesplayed": 51888634,
  "gamesplayed_delta": 2.792917837435255,
  "gamesfinished": 37034419,
  "gametime": 7385503186.607152,
  "inputs": 26130472693,
  "piecesplaced": 5782458507
}
