{
  "usercount": 2342275,
  "usercount_delta": 0.12964493493444829,
  "anoncount": 1737392,
  "rankedcount": 32373,
  "replaycount": 3581332,
  "gamesplayed": 110438586,
  "gamesplayed_delta": 4.86168506004181,
  "gamesfinished": 84683908,
  "gametime": 17670917943.298367,
  "inputs": 59425818687,
  "piecesplaced": 13240591380
}
