{
  "usercount": 1026993,
  "usercount_delta": 0.11503729125524859,
  "anoncount": 713073,
  "rankedcount": 15376,
  "replaycount": 1737850,
  "gamesplayed": 52942067,
  "gamesplayed_delta": 2.684203462622467,
  "gamesfinished": 37845725,
  "gametime": 7554361122.62672,
  "inputs": 26682728227,
  "piecesplaced": 5908162004
}
