{
  "usercount": 940532,
  "usercount_delta": 0.11921082434285032,
  "anoncount": 646531,
  "rankedcount": 14239,
  "replaycount": 1605108,
  "gamesplayed": 48917497,
  "gamesplayed_delta": 2.9802706085712583,
  "gamesfinished": 34750214,
  "gametime": 6914975351.589899,
  "inputs": 24597772239,
  "piecesplaced": 5432783182
}
