{
  "usercount": 8878267,
  "usercount_delta": 0.01755494698406011,
  "anoncount": 6558723,
  "totalaccounts": 15397804,
  "rankedcount": 50120,
  "replaycount": 12716165,
  "gamesplayed": 596349097,
  "gamesplayed_delta": 4.441401586967207,
  "gamesfinished": 463926142,
  "gametime": 104725312388.07578,
  "inputs": 368948617007,
  "piecesplaced": 84734244651
}
