{
  "usercount": 940316,
  "usercount_delta": 0.10129830662997416,
  "anoncount": 646374,
  "rankedcount": 14236,
  "replaycount": 1604861,
  "gamesplayed": 48909515,
  "gamesplayed_delta": 3.1571305566341947,
  "gamesfinished": 34743915,
  "gametime": 6913617403.041131,
  "inputs": 24593464517,
  "piecesplaced": 5431791145
}
