{
  "usercount": 9034412,
  "usercount_delta": 0.29141104294478526,
  "anoncount": 6686609,
  "totalaccounts": 15690662,
  "rankedcount": 51680,
  "replaycount": 12959728,
  "gamesplayed": 605529653,
  "gamesplayed_delta": 5.4447852760736195,
  "gamesfinished": 470992842,
  "gametime": 106437684426.5281,
  "inputs": 375227713650,
  "piecesplaced": 86202156855
}
