{
  "usercount": 863124,
  "usercount_delta": 0.0716609576770384,
  "anoncount": 587400,
  "rankedcount": 13996,
  "replaycount": 1487602,
  "gamesplayed": 45551003,
  "gamesplayed_delta": 2.4078081779484903,
  "gamesfinished": 32143580,
  "gametime": 6381532007.269716,
  "inputs": 22873359389,
  "piecesplaced": 5040164173
}
