{
  "usercount": 1068257,
  "usercount_delta": 0.0317067757379752,
  "anoncount": 744897,
  "rankedcount": 15857,
  "replaycount": 1795507,
  "gamesplayed": 54749344,
  "gamesplayed_delta": 2.1560607501823137,
  "gamesfinished": 39245655,
  "gametime": 7846257417.619523,
  "inputs": 27632215453,
  "piecesplaced": 6124693316
}
