{
  "usercount": 8863490,
  "usercount_delta": 0.20001818347122466,
  "anoncount": 6546784,
  "totalaccounts": 15373439,
  "rankedcount": 50169,
  "replaycount": 12689525,
  "gamesplayed": 595390175,
  "gamesplayed_delta": 3.927629784525866,
  "gamesfinished": 463195636,
  "gametime": 104544033550.94507,
  "inputs": 368266407678,
  "piecesplaced": 84574493885
}
