{
  "usercount": 1198850,
  "usercount_delta": 0.03308409978164494,
  "anoncount": 845241,
  "rankedcount": 16803,
  "replaycount": 1967193,
  "gamesplayed": 59833690,
  "gamesplayed_delta": 4.036260173360683,
  "gamesfinished": 43272504,
  "gametime": 8676334265.802814,
  "inputs": 30267934318,
  "piecesplaced": 6720418631
}
