{
  "usercount": 1239521,
  "usercount_delta": 0.1985078824171643,
  "anoncount": 876563,
  "rankedcount": 17336,
  "replaycount": 2021509,
  "gamesplayed": 61430055,
  "gamesplayed_delta": 3.8047344129956495,
  "gamesfinished": 44556290,
  "gametime": 8941294998.77792,
  "inputs": 31103921649,
  "piecesplaced": 6908226501
}
