{
  "usercount": 823701,
  "usercount_delta": 0,
  "anoncount": 556827,
  "rankedcount": 13899,
  "replaycount": 1424447,
  "gamesplayed": 43727138,
  "gamesplayed_delta": 2.006506814957075,
  "gamesfinished": 30747560,
  "gametime": 6094900365.820175,
  "inputs": 21942490617,
  "piecesplaced": 4828078186
}
