{
  "usercount": 1199457,
  "usercount_delta": 0.11097195580145532,
  "anoncount": 845711,
  "rankedcount": 16827,
  "replaycount": 1968171,
  "gamesplayed": 59857961,
  "gamesplayed_delta": 3.630368268361895,
  "gamesfinished": 43291700,
  "gametime": 8680221848.520231,
  "inputs": 30279932885,
  "piecesplaced": 6723079494
}
