{
  "usercount": 1220061,
  "usercount_delta": 0.11579626474334585,
  "anoncount": 861499,
  "rankedcount": 17067,
  "replaycount": 1994280,
  "gamesplayed": 60632145,
  "gamesplayed_delta": 3.506972589369903,
  "gamesfinished": 43918626,
  "gametime": 8809082604.972324,
  "inputs": 30683943278,
  "piecesplaced": 6813636686
}
