{
  "usercount": 9531662,
  "usercount_delta": 0.10697284672573945,
  "anoncount": 7087700,
  "totalaccounts": 16632878,
  "rankedcount": 53973,
  "replaycount": 13804263,
  "gamesplayed": 637432425,
  "gamesplayed_delta": 5.598245645313698,
  "gamesfinished": 495496688,
  "gametime": 112365321412.64001,
  "inputs": 396966413895,
  "piecesplaced": 91266830060
}
