{
  "usercount": 5699436,
  "usercount_delta": 0.13929239463525292,
  "anoncount": 4086113,
  "rankedcount": 42857,
  "replaycount": 9849166,
  "gamesplayed": 381707311,
  "gamesplayed_delta": 3.243522903649461,
  "gamesfinished": 296437436,
  "gametime": 65661822158.97427,
  "inputs": 226475554007,
  "piecesplaced": 51536000591
}
