{
  "usercount": 9429139,
  "usercount_delta": 0.24081049933777113,
  "anoncount": 7324779,
  "totalaccounts": 13408900,
  "rankedcount": 48580,
  "replaycount": 10617482,
  "gamesplayed": 530018161,
  "gamesplayed_delta": 4.523797237559558,
  "gamesfinished": 413141805,
  "gametime": 92515362229.4714,
  "inputs": 324095903640,
  "piecesplaced": 74260552551
}
