{
  "usercount": 1190233,
  "usercount_delta": 0.15728463800940562,
  "anoncount": 838562,
  "rankedcount": 16760,
  "replaycount": 1956850,
  "gamesplayed": 59532544,
  "gamesplayed_delta": 4.860095314490634,
  "gamesfinished": 43030063,
  "gametime": 8626617876.936878,
  "inputs": 30115209136,
  "piecesplaced": 6686383102
}
