{
  "usercount": 1164863,
  "usercount_delta": 0.09925065753560616,
  "anoncount": 819158,
  "rankedcount": 16307,
  "replaycount": 1923608,
  "gamesplayed": 58610886,
  "gamesplayed_delta": 4.681322680429425,
  "gamesfinished": 42291141,
  "gametime": 8474924066.889757,
  "inputs": 29642969840,
  "piecesplaced": 6580368572
}
