{
  "usercount": 1076979,
  "usercount_delta": 0.05803605973845082,
  "anoncount": 751562,
  "rankedcount": 15794,
  "replaycount": 1808391,
  "gamesplayed": 55156305,
  "gamesplayed_delta": 3.927106708968506,
  "gamesfinished": 39560874,
  "gametime": 7912164667.139816,
  "inputs": 27845590506,
  "piecesplaced": 6173288658
}
