{
  "usercount": 9113372,
  "usercount_delta": 0.23639802153040443,
  "anoncount": 6751764,
  "totalaccounts": 15829843,
  "rankedcount": 51803,
  "replaycount": 13078331,
  "gamesplayed": 609883029,
  "gamesplayed_delta": 5.473523421588595,
  "gamesfinished": 474378264,
  "gametime": 107252814095.17604,
  "inputs": 378192126391,
  "piecesplaced": 86891528665
}
