{
  "usercount": 937929,
  "usercount_delta": 0.08441098018030185,
  "anoncount": 644619,
  "rankedcount": 14346,
  "replaycount": 1601878,
  "gamesplayed": 48821539,
  "gamesplayed_delta": 4.186784616942972,
  "gamesfinished": 34675574,
  "gametime": 6899335607.869344,
  "inputs": 24548119224,
  "piecesplaced": 5421514143
}
