{
  "usercount": 885479,
  "usercount_delta": 0.056216621381054994,
  "anoncount": 604797,
  "rankedcount": 14246,
  "replaycount": 1521753,
  "gamesplayed": 46561545,
  "gamesplayed_delta": 2.904525438021175,
  "gamesfinished": 32928484,
  "gametime": 6542620990.342274,
  "inputs": 23393277056,
  "piecesplaced": 5158917264
}
