{
  "usercount": 3444686,
  "usercount_delta": 0.33638572229489816,
  "anoncount": 2629019,
  "rankedcount": 32736,
  "replaycount": 3959049,
  "gamesplayed": 160815853,
  "gamesplayed_delta": 5.101850121472622,
  "gamesfinished": 125501450,
  "gametime": 26731331225.759216,
  "inputs": 89667202109,
  "piecesplaced": 20092329486
}
