{
  "usercount": 878195,
  "usercount_delta": 0.05269629369401019,
  "anoncount": 599143,
  "rankedcount": 14176,
  "replaycount": 1510204,
  "gamesplayed": 46229550,
  "gamesplayed_delta": 4.180572633058142,
  "gamesfinished": 32670162,
  "gametime": 6490668603.277839,
  "inputs": 23224431643,
  "piecesplaced": 5120426671
}
