{
  "usercount": 1420093,
  "usercount_delta": 0.0634497636496304,
  "anoncount": 1015780,
  "rankedcount": 19725,
  "replaycount": 2267491,
  "gamesplayed": 68648670,
  "gamesplayed_delta": 4.853906919196726,
  "gamesfinished": 50387714,
  "gametime": 10165797934.416168,
  "inputs": 34956357611,
  "piecesplaced": 7773930636
}
