{
  "usercount": 8557024,
  "usercount_delta": 0.033451528734863185,
  "anoncount": 6383897,
  "totalaccounts": 14086729,
  "rankedcount": 50704,
  "replaycount": 11417806,
  "gamesplayed": 552272797,
  "gamesplayed_delta": 2.9102829999330972,
  "gamesfinished": 430303974,
  "gametime": 96584973845.88754,
  "inputs": 339069089677,
  "piecesplaced": 77758678938
}
