{
  "usercount": 8348634,
  "usercount_delta": 0.13017927545934688,
  "anoncount": 6197788,
  "totalaccounts": 13873648,
  "rankedcount": 51512,
  "replaycount": 11188550,
  "gamesplayed": 544917447,
  "gamesplayed_delta": 5.114185821617198,
  "gamesfinished": 424655815,
  "gametime": 95219777336.09407,
  "inputs": 334009946417,
  "piecesplaced": 76573126357
}
