{
  "usercount": 1951336,
  "usercount_delta": 0.17754368314370683,
  "anoncount": 1428133,
  "rankedcount": 28793,
  "replaycount": 3017665,
  "gamesplayed": 90689905,
  "gamesplayed_delta": 6.983384870319135,
  "gamesfinished": 68570450,
  "gametime": 14089074857.565033,
  "inputs": 47561663871,
  "piecesplaced": 10573805881
}
