{
  "usercount": 6562471,
  "usercount_delta": 0.1689617301681169,
  "anoncount": 5253197,
  "rankedcount": 48148,
  "replaycount": 7619802,
  "gamesplayed": 288031867,
  "gamesplayed_delta": 6.082622286052209,
  "gamesfinished": 224461548,
  "gametime": 49228961538.13143,
  "inputs": 167428663953,
  "piecesplaced": 37832840104
}
