{
  "usercount": 8958428,
  "usercount_delta": 0.11918748190904292,
  "anoncount": 6623888,
  "totalaccounts": 15552479,
  "rankedcount": 50799,
  "replaycount": 12845136,
  "gamesplayed": 601284836,
  "gamesplayed_delta": 4.716418926972127,
  "gamesfinished": 467729317,
  "gametime": 105652269673.36188,
  "inputs": 372353622333,
  "piecesplaced": 85532748075
}
