{
  "usercount": 982546,
  "usercount_delta": 0.058425719001504464,
  "anoncount": 678576,
  "rankedcount": 14914,
  "replaycount": 1665593,
  "gamesplayed": 50781948,
  "gamesplayed_delta": 3.0235309583278562,
  "gamesfinished": 36188707,
  "gametime": 7209196452.437277,
  "inputs": 25555520006,
  "piecesplaced": 5651122472
}
