{
  "usercount": 1044149,
  "usercount_delta": 0.17301582308345653,
  "anoncount": 726286,
  "rankedcount": 15574,
  "replaycount": 1761930,
  "gamesplayed": 53708343,
  "gamesplayed_delta": 2.595237346251848,
  "gamesfinished": 38434571,
  "gametime": 7677067976.84493,
  "inputs": 27086012466,
  "piecesplaced": 6000329004
}
