{
  "usercount": 967317,
  "usercount_delta": 0.03385354954466976,
  "anoncount": 666896,
  "rankedcount": 14544,
  "replaycount": 1642973,
  "gamesplayed": 50096551,
  "gamesplayed_delta": 2.4543823419885573,
  "gamesfinished": 35657076,
  "gametime": 7101001839.485729,
  "inputs": 25205348494,
  "piecesplaced": 5571394835
}
