{
  "usercount": 980208,
  "usercount_delta": 0.03834649896464453,
  "anoncount": 676767,
  "rankedcount": 14834,
  "replaycount": 1662250,
  "gamesplayed": 50671778,
  "gamesplayed_delta": 3.5087046552649745,
  "gamesfinished": 36101668,
  "gametime": 7191418295.26786,
  "inputs": 25497504744,
  "piecesplaced": 5637848804
}
