{
  "usercount": 4861568,
  "usercount_delta": 0.2304643087607166,
  "anoncount": 3814338,
  "rankedcount": 42279,
  "replaycount": 5772545,
  "gamesplayed": 218701086,
  "gamesplayed_delta": 7.036843560827213,
  "gamesfinished": 170764316,
  "gametime": 37022697728.948425,
  "inputs": 124999304601,
  "piecesplaced": 28137001112
}
