{
  "usercount": 888106,
  "usercount_delta": 0.045070083980589815,
  "anoncount": 606796,
  "rankedcount": 14181,
  "replaycount": 1525795,
  "gamesplayed": 46680717,
  "gamesplayed_delta": 2.614064870874209,
  "gamesfinished": 33019664,
  "gametime": 6560942200.362938,
  "inputs": 23451856088,
  "piecesplaced": 5172189762
}
