{
  "usercount": 1221016,
  "usercount_delta": 0.01654204989082247,
  "anoncount": 862229,
  "rankedcount": 17102,
  "replaycount": 1995843,
  "gamesplayed": 60679569,
  "gamesplayed_delta": 3.043737179911335,
  "gamesfinished": 43957454,
  "gametime": 8817352789.893312,
  "inputs": 30711090604,
  "piecesplaced": 6819789023
}
