{
  "usercount": 837138,
  "usercount_delta": 0.060234613820832145,
  "anoncount": 567172,
  "rankedcount": 14121,
  "replaycount": 1446220,
  "gamesplayed": 44356322,
  "gamesplayed_delta": 1.4305720782447635,
  "gamesfinished": 31230374,
  "gametime": 6194839676.704498,
  "inputs": 22267966813,
  "piecesplaced": 4902391601
}
