{
  "usercount": 1000488,
  "usercount_delta": 0.08700569887327621,
  "anoncount": 692520,
  "rankedcount": 15018,
  "replaycount": 1694649,
  "gamesplayed": 51644890,
  "gamesplayed_delta": 3.43672510549441,
  "gamesfinished": 36848578,
  "gametime": 7346214504.090198,
  "inputs": 26001879706,
  "piecesplaced": 5753032383
}
