{
  "usercount": 5603578,
  "usercount_delta": 0.17151432859286786,
  "anoncount": 4441119,
  "rankedcount": 43510,
  "replaycount": 6552852,
  "gamesplayed": 248512369,
  "gamesplayed_delta": 5.188308439934253,
  "gamesfinished": 193740129,
  "gametime": 42248417843.6272,
  "inputs": 143081785368,
  "piecesplaced": 32268360321
}
