{
  "usercount": 1112089,
  "usercount_delta": 0.039081582804103565,
  "anoncount": 778722,
  "rankedcount": 16078,
  "replaycount": 1857313,
  "gamesplayed": 56631864,
  "gamesplayed_delta": 2.286272594040059,
  "gamesfinished": 40719056,
  "gametime": 8151525523.538195,
  "inputs": 28618622752,
  "piecesplaced": 6348776470
}
