{
  "usercount": 6051296,
  "usercount_delta": 0.31892331488893494,
  "anoncount": 4336450,
  "rankedcount": 43937,
  "replaycount": 10577306,
  "gamesplayed": 411529887,
  "gamesplayed_delta": 5.102773038222959,
  "gamesfinished": 319849941,
  "gametime": 70857621799.84216,
  "inputs": 245132061908,
  "piecesplaced": 55867360799
}
