{
  "usercount": 1118116,
  "usercount_delta": 0.09437078280564337,
  "anoncount": 783481,
  "rankedcount": 16121,
  "replaycount": 1866810,
  "gamesplayed": 56909953,
  "gamesplayed_delta": 3.2557920067946964,
  "gamesfinished": 40936047,
  "gametime": 8196348016.478281,
  "inputs": 28764359676,
  "piecesplaced": 6382009092
}
