{
  "usercount": 8143232,
  "usercount_delta": 0.05741846577859439,
  "anoncount": 6170274,
  "totalaccounts": 12093117,
  "rankedcount": 45210,
  "replaycount": 10826290,
  "gamesplayed": 489246428,
  "gamesplayed_delta": 3.947519522278365,
  "gamesfinished": 381366815,
  "gametime": 85190470252.9348,
  "inputs": 297276683185,
  "piecesplaced": 68003405128
}
