{
  "usercount": 865461,
  "usercount_delta": 0.10516510922147772,
  "anoncount": 589234,
  "rankedcount": 14083,
  "replaycount": 1491267,
  "gamesplayed": 45661924,
  "gamesplayed_delta": 3.320212733992368,
  "gamesfinished": 32230766,
  "gametime": 6399721783.004651,
  "inputs": 22933183037,
  "piecesplaced": 5053915896
}
