{
  "usercount": 7647670,
  "usercount_delta": 0.1770172591827703,
  "anoncount": 5736939,
  "totalaccounts": 11583867,
  "rankedcount": 55571,
  "replaycount": 10294489,
  "gamesplayed": 469389637,
  "gamesplayed_delta": 4.366425726508334,
  "gamesfinished": 366000653,
  "gametime": 81492181970.2262,
  "inputs": 283497910383,
  "piecesplaced": 64765547630
}
