{
  "usercount": 9316917,
  "usercount_delta": 0.2891891457673955,
  "anoncount": 6918861,
  "totalaccounts": 16182448,
  "rankedcount": 53582,
  "replaycount": 13399595,
  "gamesplayed": 621742927,
  "gamesplayed_delta": 4.803753032469515,
  "gamesfinished": 483521832,
  "gametime": 109459272172.10185,
  "inputs": 386272110654,
  "piecesplaced": 88770049305
}
