{
  "usercount": 800470,
  "usercount_delta": 0,
  "anoncount": 538739,
  "rankedcount": 13984,
  "replaycount": 1382595,
  "gamesplayed": 42602716,
  "gamesplayed_delta": 1.6263835554551616,
  "gamesfinished": 29895303,
  "gametime": 5917833072.920896,
  "inputs": 21367199122,
  "piecesplaced": 4696523248
}
