{
  "usercount": 5521909,
  "usercount_delta": 0.11364066820712905,
  "anoncount": 4371779,
  "rankedcount": 43626,
  "replaycount": 6469004,
  "gamesplayed": 245293129,
  "gamesplayed_delta": 5.852494412667146,
  "gamesfinished": 191239135,
  "gametime": 41680738589.50435,
  "inputs": 141104216501,
  "piecesplaced": 31816217864
}
