{
  "usercount": 816632,
  "usercount_delta": 0.03747704530974778,
  "anoncount": 551306,
  "rankedcount": 13961,
  "replaycount": 1412277,
  "gamesplayed": 43395611,
  "gamesplayed_delta": 2.529700558407975,
  "gamesfinished": 30495923,
  "gametime": 6043111229.489718,
  "inputs": 21774514267,
  "piecesplaced": 4789700451
}
