{
  "usercount": 7109099,
  "usercount_delta": 0.27905678805636946,
  "anoncount": 5717437,
  "rankedcount": 40800,
  "replaycount": 8234905,
  "gamesplayed": 314093335,
  "gamesplayed_delta": 4.464908608901911,
  "gamesfinished": 244064079,
  "gametime": 53827799957.43513,
  "inputs": 183982794473,
  "piecesplaced": 41689129556
}
