{
  "usercount": 895123,
  "usercount_delta": 0.11243113592924334,
  "anoncount": 612268,
  "rankedcount": 14218,
  "replaycount": 1536799,
  "gamesplayed": 47013909,
  "gamesplayed_delta": 1.855113742832515,
  "gamesfinished": 33276418,
  "gametime": 6613304508.765576,
  "inputs": 23621713014,
  "piecesplaced": 5210796267
}
