{
  "usercount": 8784118,
  "usercount_delta": 0.29919964096043083,
  "anoncount": 6480044,
  "totalaccounts": 15243094,
  "rankedcount": 50190,
  "replaycount": 12580097,
  "gamesplayed": 591313450,
  "gamesplayed_delta": 5.280873662951604,
  "gamesfinished": 460038965,
  "gametime": 103785178420.68527,
  "inputs": 365480912632,
  "piecesplaced": 83925285773
}
