{
  "usercount": 821246,
  "usercount_delta": 0,
  "anoncount": 554925,
  "rankedcount": 13975,
  "replaycount": 1420134,
  "gamesplayed": 43612629,
  "gamesplayed_delta": 2.270107298040259,
  "gamesfinished": 30661364,
  "gametime": 6077298227.042127,
  "inputs": 21885338255,
  "piecesplaced": 4815021137
}
