{
  "usercount": 1060358,
  "usercount_delta": 0.03787233236758886,
  "anoncount": 738759,
  "rankedcount": 15736,
  "replaycount": 1784413,
  "gamesplayed": 54381107,
  "gamesplayed_delta": 3.3706375807154085,
  "gamesfinished": 38959371,
  "gametime": 7785744016.130597,
  "inputs": 27436347869,
  "piecesplaced": 6079889473
}
