{
  "usercount": 994262,
  "usercount_delta": 0.04350221861314927,
  "anoncount": 687692,
  "rankedcount": 14777,
  "replaycount": 1684264,
  "gamesplayed": 51342637,
  "gamesplayed_delta": 3.045155302920449,
  "gamesfinished": 36619621,
  "gametime": 7299082414.646724,
  "inputs": 25849223469,
  "piecesplaced": 5718238723
}
