{
  "usercount": 967505,
  "usercount_delta": 0.08764625969586749,
  "anoncount": 667034,
  "rankedcount": 14553,
  "replaycount": 1643424,
  "gamesplayed": 50106778,
  "gamesplayed_delta": 3.4035964181895206,
  "gamesfinished": 35664640,
  "gametime": 7102602879.676624,
  "inputs": 25210598076,
  "piecesplaced": 5572595825
}
