{
  "usercount": 6841360,
  "usercount_delta": 0.13551767752815755,
  "anoncount": 5023736,
  "rankedcount": 55909,
  "replaycount": 9390110,
  "gamesplayed": 440271480,
  "gamesplayed_delta": 4.366680720351743,
  "gamesfinished": 342861642,
  "gametime": 76044639544.33604,
  "inputs": 263699499157,
  "piecesplaced": 60158448007
}
