{
  "usercount": 856067,
  "usercount_delta": 0.052698145025295115,
  "anoncount": 581925,
  "rankedcount": 14114,
  "replaycount": 1476598,
  "gamesplayed": 45233395,
  "gamesplayed_delta": 2.44168071950534,
  "gamesfinished": 31898324,
  "gametime": 6331884838.452989,
  "inputs": 22712702139,
  "piecesplaced": 5003731534
}
