{
  "usercount": 761669,
  "usercount_delta": 0.018425028558794267,
  "anoncount": 508105,
  "rankedcount": 13954,
  "replaycount": 1311260,
  "gamesplayed": 40774184,
  "gamesplayed_delta": 2.50580388399602,
  "gamesfinished": 28508812,
  "gametime": 5628392196.586659,
  "inputs": 20411474633,
  "piecesplaced": 4477406326
}
