{
  "usercount": 1165135,
  "usercount_delta": 0.07574323044877863,
  "anoncount": 819347,
  "rankedcount": 16313,
  "replaycount": 1924115,
  "gamesplayed": 58621442,
  "gamesplayed_delta": 3.124408256012119,
  "gamesfinished": 42299441,
  "gametime": 8476689810.502989,
  "inputs": 29648376616,
  "piecesplaced": 6581577499
}
