{
  "usercount": 1144393,
  "usercount_delta": 0.03535630314494317,
  "anoncount": 804056,
  "rankedcount": 16191,
  "replaycount": 1900540,
  "gamesplayed": 57939004,
  "gamesplayed_delta": 2.5633319780083794,
  "gamesfinished": 41750866,
  "gametime": 8362916441.923015,
  "inputs": 29291656146,
  "piecesplaced": 6501135328
}
