{
  "usercount": 892554,
  "usercount_delta": 0.11921319292668389,
  "anoncount": 610280,
  "rankedcount": 14333,
  "replaycount": 1532801,
  "gamesplayed": 46886758,
  "gamesplayed_delta": 2.5034770514603615,
  "gamesfinished": 33178569,
  "gametime": 6593074735.5536375,
  "inputs": 23555455881,
  "piecesplaced": 5195645884
}
