{
  "usercount": 7816099,
  "usercount_delta": 0.202275600505689,
  "anoncount": 5885782,
  "totalaccounts": 11756675,
  "rankedcount": 51675,
  "replaycount": 10465599,
  "gamesplayed": 475682386,
  "gamesplayed_delta": 5.377159713442899,
  "gamesfinished": 370906241,
  "gametime": 82671963155.40485,
  "inputs": 287885354962,
  "piecesplaced": 65792354633
}
