{
  "usercount": 7638007,
  "usercount_delta": 0.3858501049512285,
  "anoncount": 6182311,
  "rankedcount": 39474,
  "replaycount": 8680224,
  "gamesplayed": 333038904,
  "gamesplayed_delta": 3.380046919372762,
  "gamesfinished": 258459709,
  "gametime": 57094259237.326195,
  "inputs": 195747795804,
  "piecesplaced": 44425489526
}
