{
  "usercount": 5846011,
  "usercount_delta": 0.2510838452653956,
  "anoncount": 4169981,
  "rankedcount": 41795,
  "replaycount": 10300459,
  "gamesplayed": 400429684,
  "gamesplayed_delta": 4.335381061582498,
  "gamesfinished": 311007976,
  "gametime": 68932345336.78435,
  "inputs": 238294940388,
  "piecesplaced": 54280941112
}
