{
  "usercount": 1132354,
  "usercount_delta": 0.29885021312738885,
  "anoncount": 794681,
  "rankedcount": 16225,
  "replaycount": 1886078,
  "gamesplayed": 57492854,
  "gamesplayed_delta": 3.192978592887365,
  "gamesfinished": 41394579,
  "gametime": 8290181655.971911,
  "inputs": 29062368423,
  "piecesplaced": 6449441276
}
