{
  "usercount": 876444,
  "usercount_delta": 0,
  "anoncount": 597780,
  "rankedcount": 14305,
  "replaycount": 1507669,
  "gamesplayed": 46151733,
  "gamesplayed_delta": 1.9635102403508522,
  "gamesfinished": 32610839,
  "gametime": 6478128628.549345,
  "inputs": 23183762631,
  "piecesplaced": 5111075795
}
