{
  "usercount": 1110704,
  "usercount_delta": 0.04756016360696281,
  "anoncount": 777691,
  "rankedcount": 16016,
  "replaycount": 1855063,
  "gamesplayed": 56558681,
  "gamesplayed_delta": 2.7426361013348552,
  "gamesfinished": 40661930,
  "gametime": 8139571447.809997,
  "inputs": 28578621380,
  "piecesplaced": 6339598852
}
