{
  "usercount": 5960583,
  "usercount_delta": 0.20202700427623824,
  "anoncount": 4261242,
  "rankedcount": 42859,
  "replaycount": 10461652,
  "gamesplayed": 406920569,
  "gamesplayed_delta": 5.151688609044076,
  "gamesfinished": 316167034,
  "gametime": 70058961158.8195,
  "inputs": 242296380818,
  "piecesplaced": 55209673083
}
