{
  "usercount": 1141870,
  "usercount_delta": 0.11010271009956431,
  "anoncount": 802086,
  "rankedcount": 16104,
  "replaycount": 1897590,
  "gamesplayed": 57845257,
  "gamesplayed_delta": 4.954621954480394,
  "gamesfinished": 41674780,
  "gametime": 8347185002.493704,
  "inputs": 29241750285,
  "piecesplaced": 6489828807
}
