{
  "usercount": 1226746,
  "usercount_delta": 0.01572871118940514,
  "anoncount": 866650,
  "rankedcount": 17328,
  "replaycount": 2003870,
  "gamesplayed": 60930142,
  "gamesplayed_delta": 3.0199125483657867,
  "gamesfinished": 44157693,
  "gametime": 8858933978.290718,
  "inputs": 30843350839,
  "piecesplaced": 6849552666
}
