{
  "usercount": 757115,
  "usercount_delta": 0.014910907328710952,
  "anoncount": 504478,
  "rankedcount": 13937,
  "replaycount": 1302347,
  "gamesplayed": 40565157,
  "gamesplayed_delta": 1.6551107134869156,
  "gamesfinished": 28347974,
  "gametime": 5595149487.718994,
  "inputs": 20303555215,
  "piecesplaced": 4452787064
}
