{
  "usercount": 807508,
  "usercount_delta": 0.04736717454803821,
  "anoncount": 544156,
  "rankedcount": 13962,
  "replaycount": 1395667,
  "gamesplayed": 42956489,
  "gamesplayed_delta": 2.9051867056130103,
  "gamesfinished": 30163093,
  "gametime": 5974156453.21253,
  "inputs": 21549840619,
  "piecesplaced": 4738366711
}
