{
  "usercount": 7796525,
  "usercount_delta": 0.24303551356441958,
  "anoncount": 6322805,
  "rankedcount": 39197,
  "replaycount": 8813571,
  "gamesplayed": 338625582,
  "gamesplayed_delta": 4.90627943008172,
  "gamesfinished": 262726970,
  "gametime": 58061397875.891525,
  "inputs": 199240431981,
  "piecesplaced": 45238433384
}
