{
  "usercount": 8484306,
  "usercount_delta": 0.019683102056884165,
  "anoncount": 6319121,
  "totalaccounts": 14012389,
  "rankedcount": 51099,
  "replaycount": 11334762,
  "gamesplayed": 549473283,
  "gamesplayed_delta": 1.909260899517764,
  "gamesfinished": 428168172,
  "gametime": 96062777175.15465,
  "inputs": 337117312649,
  "piecesplaced": 77299476500
}
