{
  "usercount": 8128241,
  "usercount_delta": 0.23746925621236536,
  "anoncount": 6619207,
  "rankedcount": 40694,
  "replaycount": 9077997,
  "gamesplayed": 350057117,
  "gamesplayed_delta": 4.86811975235349,
  "gamesfinished": 271579901,
  "gametime": 60047218718.770195,
  "inputs": 206315018439,
  "piecesplaced": 46880190222
}
