{
  "usercount": 998879,
  "usercount_delta": 0.13704470702887075,
  "anoncount": 691228,
  "rankedcount": 14949,
  "replaycount": 1691681,
  "gamesplayed": 51559099,
  "gamesplayed_delta": 3.0606651236447804,
  "gamesfinished": 36784733,
  "gametime": 7332639575.626499,
  "inputs": 25958069002,
  "piecesplaced": 5743058439
}
