{
  "usercount": 6308429,
  "usercount_delta": 0.3533058183044533,
  "anoncount": 4554406,
  "rankedcount": 47914,
  "replaycount": 8628054,
  "gamesplayed": 422635593,
  "gamesplayed_delta": 5.46018082834155,
  "gamesfinished": 328702366,
  "gametime": 72832656948.9965,
  "inputs": 252197813271,
  "piecesplaced": 57504529952
}
