{
  "usercount": 8049153,
  "usercount_delta": 0.17376496550765436,
  "anoncount": 6548703,
  "rankedcount": 40282,
  "replaycount": 9013294,
  "gamesplayed": 347301472,
  "gamesplayed_delta": 4.396253627343655,
  "gamesfinished": 269441222,
  "gametime": 59566750498.27407,
  "inputs": 204598965090,
  "piecesplaced": 46482326119
}
