{
  "usercount": 988382,
  "usercount_delta": 0.015260186174271325,
  "anoncount": 683120,
  "rankedcount": 14755,
  "replaycount": 1674965,
  "gamesplayed": 51062495,
  "gamesplayed_delta": 2.472150160231955,
  "gamesfinished": 36404587,
  "gametime": 7254044981.8793545,
  "inputs": 25702795460,
  "piecesplaced": 5684845714
}
