{
  "usercount": 899948,
  "usercount_delta": 0.0764082031846939,
  "anoncount": 616064,
  "rankedcount": 14213,
  "replaycount": 1543686,
  "gamesplayed": 47219934,
  "gamesplayed_delta": 3.5453406277697974,
  "gamesfinished": 33437662,
  "gametime": 6646306179.126449,
  "inputs": 23727664685,
  "piecesplaced": 5234829361
}
