{
  "usercount": 983851,
  "usercount_delta": 0.05077946478444117,
  "anoncount": 679584,
  "rankedcount": 14759,
  "replaycount": 1667569,
  "gamesplayed": 50841299,
  "gamesplayed_delta": 3.0298413988049897,
  "gamesfinished": 36233548,
  "gametime": 7218525574.649912,
  "inputs": 25586677078,
  "piecesplaced": 5658276970
}
