{
  "usercount": 2390687,
  "usercount_delta": 0.11559357299734135,
  "anoncount": 1775654,
  "rankedcount": 31820,
  "replaycount": 3644662,
  "gamesplayed": 112908210,
  "gamesplayed_delta": 4.450352560397642,
  "gamesfinished": 86678677,
  "gametime": 18118256491.63116,
  "inputs": 60928075413,
  "piecesplaced": 13582077652
}
