{
  "usercount": 1007787,
  "usercount_delta": 0.043819929303847385,
  "anoncount": 698109,
  "rankedcount": 15058,
  "replaycount": 1707444,
  "gamesplayed": 52012051,
  "gamesplayed_delta": 3.1404282667757295,
  "gamesfinished": 37128645,
  "gametime": 7404834027.38631,
  "inputs": 26192726261,
  "piecesplaced": 5796650767
}
