{
  "usercount": 8471797,
  "usercount_delta": 0.3420663919769883,
  "anoncount": 6464546,
  "totalaccounts": 12429423,
  "rankedcount": 45214,
  "replaycount": 11101294,
  "gamesplayed": 499704407,
  "gamesplayed_delta": 4.633444764051932,
  "gamesfinished": 389519179,
  "gametime": 87072662652.13712,
  "inputs": 304211630957,
  "piecesplaced": 69626220352
}
