{
  "usercount": 1087830,
  "usercount_delta": 0.09437523593808984,
  "anoncount": 759890,
  "rankedcount": 15988,
  "replaycount": 1823062,
  "gamesplayed": 55585969,
  "gamesplayed_delta": 3.979489115389455,
  "gamesfinished": 39897344,
  "gametime": 7982190257.078942,
  "inputs": 28070087649,
  "piecesplaced": 6224125100
}
