{
  "usercount": 1007200,
  "usercount_delta": 0.1168531448102597,
  "anoncount": 697682,
  "rankedcount": 15028,
  "replaycount": 1706620,
  "gamesplayed": 51983554,
  "gamesplayed_delta": 3.3303146270924016,
  "gamesfinished": 37106353,
  "gametime": 7400260750.547196,
  "inputs": 26178171672,
  "piecesplaced": 5793352727
}
