{
  "usercount": 2991093,
  "usercount_delta": 0.19446740240167243,
  "anoncount": 2256930,
  "rankedcount": 30174,
  "replaycount": 4375728,
  "gamesplayed": 141264369,
  "gamesplayed_delta": 4.391722170904435,
  "gamesfinished": 109712210,
  "gametime": 23222287649.63596,
  "inputs": 77884752513,
  "piecesplaced": 17422338467
}
