{
  "usercount": 1027306,
  "usercount_delta": 0.03164106377256403,
  "anoncount": 713309,
  "rankedcount": 15386,
  "replaycount": 1738278,
  "gamesplayed": 52960566,
  "gamesplayed_delta": 3.5912607381860178,
  "gamesfinished": 37859411,
  "gametime": 7557206933.433754,
  "inputs": 26691997816,
  "piecesplaced": 5910283972
}
