{
  "usercount": 8314503,
  "usercount_delta": 0.24721878862793573,
  "anoncount": 6784082,
  "rankedcount": 41768,
  "replaycount": 9239186,
  "gamesplayed": 356689683,
  "gamesplayed_delta": 3.879433298469145,
  "gamesfinished": 276774207,
  "gametime": 61204041617.53055,
  "inputs": 210436467750,
  "piecesplaced": 47833433329
}
