{
  "usercount": 1245304,
  "usercount_delta": 0.03535630314494317,
  "anoncount": 881071,
  "rankedcount": 17546,
  "replaycount": 2029888,
  "gamesplayed": 61654963,
  "gamesplayed_delta": 3.3765269503420723,
  "gamesfinished": 44738473,
  "gametime": 8978737571.790113,
  "inputs": 31223194061,
  "piecesplaced": 6935082267
}
