{
  "usercount": 8017768,
  "usercount_delta": 0.23393180887771217,
  "anoncount": 6520478,
  "rankedcount": 40192,
  "replaycount": 8990250,
  "gamesplayed": 346303448,
  "gamesplayed_delta": 5.7703179523169,
  "gamesfinished": 268649769,
  "gametime": 59391704173.075714,
  "inputs": 203984821088,
  "piecesplaced": 46340733196
}
