{
  "usercount": 7543789,
  "usercount_delta": 0.19622533804274145,
  "anoncount": 5645703,
  "totalaccounts": 11477156,
  "rankedcount": 57936,
  "replaycount": 10177303,
  "gamesplayed": 465188011,
  "gamesplayed_delta": 3.4428627492953727,
  "gamesfinished": 362726144,
  "gametime": 80694325085.61978,
  "inputs": 280535066084,
  "piecesplaced": 64071205775
}
