{
  "usercount": 1130519,
  "usercount_delta": 0.05688174285660113,
  "anoncount": 793246,
  "rankedcount": 16161,
  "replaycount": 1883416,
  "gamesplayed": 57422562,
  "gamesplayed_delta": 2.9388900475910584,
  "gamesfinished": 41339432,
  "gametime": 8278791791.606252,
  "inputs": 29026596698,
  "piecesplaced": 6441382189
}
