{
  "usercount": 977494,
  "usercount_delta": 0.10150517676401496,
  "anoncount": 674689,
  "rankedcount": 14743,
  "replaycount": 1658141,
  "gamesplayed": 50550036,
  "gamesplayed_delta": 3.4076737913633592,
  "gamesfinished": 36007289,
  "gametime": 7172334489.031847,
  "inputs": 25435824521,
  "piecesplaced": 5623822801
}
