{
  "usercount": 917882,
  "usercount_delta": 0.075297802810114,
  "anoncount": 629271,
  "rankedcount": 14245,
  "replaycount": 1570656,
  "gamesplayed": 47951761,
  "gamesplayed_delta": 3.0119121124045596,
  "gamesfinished": 34003560,
  "gametime": 6762820681.926076,
  "inputs": 24107672996,
  "piecesplaced": 5321638379
}
