{
  "usercount": 2463174,
  "usercount_delta": 0.0611321677466683,
  "anoncount": 1833155,
  "rankedcount": 30953,
  "replaycount": 3743686,
  "gamesplayed": 116771808,
  "gamesplayed_delta": 5.501895097200147,
  "gamesfinished": 89803513,
  "gametime": 18812263023.418568,
  "inputs": 63252783853,
  "piecesplaced": 14110318210
}
