{
  "usercount": 1030979,
  "usercount_delta": 0.04755940962919514,
  "anoncount": 716191,
  "rankedcount": 15383,
  "replaycount": 1743762,
  "gamesplayed": 53139320,
  "gamesplayed_delta": 2.2669985256583014,
  "gamesfinished": 37996316,
  "gametime": 7585782702.186622,
  "inputs": 26785803060,
  "piecesplaced": 5931724877
}
