{
  "usercount": 5749020,
  "usercount_delta": 0.14451795234119083,
  "anoncount": 4113456,
  "rankedcount": 42022,
  "replaycount": 10009249,
  "gamesplayed": 388087506,
  "gamesplayed_delta": 3.741409210610829,
  "gamesfinished": 301370654,
  "gametime": 66795603604.78961,
  "inputs": 230591139292,
  "piecesplaced": 52487956949
}
