{
  "usercount": 2858235,
  "usercount_delta": 0.11343747974330719,
  "anoncount": 2147715,
  "rankedcount": 29748,
  "replaycount": 4232019,
  "gamesplayed": 135719625,
  "gamesplayed_delta": 3.6948207687820056,
  "gamesfinished": 105167376,
  "gametime": 22219167559.22271,
  "inputs": 74583286956,
  "piecesplaced": 16677041502
}
