{
  "usercount": 1047696,
  "usercount_delta": 0.03787089810834864,
  "anoncount": 728995,
  "rankedcount": 15683,
  "replaycount": 1766524,
  "gamesplayed": 53837016,
  "gamesplayed_delta": 3.9385734032682587,
  "gamesfinished": 38534484,
  "gametime": 7697529589.497355,
  "inputs": 27151409549,
  "piecesplaced": 6015238440
}
