{
  "usercount": 838844,
  "usercount_delta": 0.03973615195104506,
  "anoncount": 568479,
  "rankedcount": 14016,
  "replaycount": 1448877,
  "gamesplayed": 44439575,
  "gamesplayed_delta": 2.662322180720019,
  "gamesfinished": 31294456,
  "gametime": 6208050658.343145,
  "inputs": 22311161149,
  "piecesplaced": 4912323499
}
