{
  "usercount": 3107137,
  "usercount_delta": 0.17497534438329146,
  "anoncount": 2351854,
  "rankedcount": 30577,
  "replaycount": 4506827,
  "gamesplayed": 146223454,
  "gamesplayed_delta": 3.897178124900582,
  "gamesfinished": 113755008,
  "gametime": 24119096659.951374,
  "inputs": 80882897359,
  "piecesplaced": 18100428228
}
