{
  "usercount": 757758,
  "usercount_delta": 0.10836248800272455,
  "anoncount": 505009,
  "rankedcount": 13966,
  "replaycount": 1303740,
  "gamesplayed": 40595890,
  "gamesplayed_delta": 3.0960710857921296,
  "gamesfinished": 28371656,
  "gametime": 5599921166.099467,
  "inputs": 20319667920,
  "piecesplaced": 4456476171
}
