{
  "usercount": 1208998,
  "usercount_delta": 0.1893580761219466,
  "anoncount": 853091,
  "rankedcount": 17096,
  "replaycount": 1979699,
  "gamesplayed": 60193531,
  "gamesplayed_delta": 4.3741715584169665,
  "gamesfinished": 43563734,
  "gametime": 8735293148.348925,
  "inputs": 30451425588,
  "piecesplaced": 6761394273
}
