{
  "usercount": 965482,
  "usercount_delta": 0.016030522114105255,
  "anoncount": 665440,
  "rankedcount": 14674,
  "replaycount": 1640011,
  "gamesplayed": 50014335,
  "gamesplayed_delta": 3.0457992016799986,
  "gamesfinished": 35594798,
  "gametime": 7088140150.067336,
  "inputs": 25163500281,
  "piecesplaced": 5561910024
}
