{
  "usercount": 1066806,
  "usercount_delta": 0.07864231900470281,
  "anoncount": 743752,
  "rankedcount": 15804,
  "replaycount": 1793460,
  "gamesplayed": 54675910,
  "gamesplayed_delta": 2.941222730775885,
  "gamesfinished": 39189853,
  "gametime": 7834510073.4817295,
  "inputs": 27592861027,
  "piecesplaced": 6115732394
}
