{
  "usercount": 8057541,
  "usercount_delta": 0.12952249373974614,
  "anoncount": 6555836,
  "rankedcount": 40387,
  "replaycount": 9024195,
  "gamesplayed": 347731989,
  "gamesplayed_delta": 3.6266298247128916,
  "gamesfinished": 269767374,
  "gametime": 59643050321.13295,
  "inputs": 204879638204,
  "piecesplaced": 46548226578
}
