{
  "usercount": 756824,
  "usercount_delta": 0.10865038118175398,
  "anoncount": 504250,
  "rankedcount": 13923,
  "replaycount": 1301559,
  "gamesplayed": 40549115,
  "gamesplayed_delta": 2.028140448726074,
  "gamesfinished": 28335987,
  "gametime": 5592600671.968425,
  "inputs": 20295189211,
  "piecesplaced": 4450903001
}
