{
  "usercount": 1036508,
  "usercount_delta": 0.079266939344938,
  "anoncount": 720569,
  "rankedcount": 15438,
  "replaycount": 1751682,
  "gamesplayed": 53408975,
  "gamesplayed_delta": 2.71092932559688,
  "gamesfinished": 38202046,
  "gametime": 7628987467.782217,
  "inputs": 26929045220,
  "piecesplaced": 5964505967
}
