{
  "usercount": 1071828,
  "usercount_delta": 0.0992490157805935,
  "anoncount": 747665,
  "rankedcount": 15819,
  "replaycount": 1800875,
  "gamesplayed": 54926225,
  "gamesplayed_delta": 2.7458894365964204,
  "gamesfinished": 39381927,
  "gametime": 7874686377.958564,
  "inputs": 27725338566,
  "piecesplaced": 6145948179
}
