{
  "usercount": 767353,
  "usercount_delta": 0.01773489873372823,
  "anoncount": 512558,
  "rankedcount": 13884,
  "replaycount": 1323957,
  "gamesplayed": 41052737,
  "gamesplayed_delta": 1.9863086581775617,
  "gamesfinished": 28717963,
  "gametime": 5672354550.976281,
  "inputs": 20558087852,
  "piecesplaced": 4511055797
}
