{
  "usercount": 1141113,
  "usercount_delta": 0.14142271248762553,
  "anoncount": 801511,
  "rankedcount": 16078,
  "replaycount": 1896805,
  "gamesplayed": 57818506,
  "gamesplayed_delta": 3.2880780653372934,
  "gamesfinished": 41653420,
  "gametime": 8342905974.862766,
  "inputs": 29228634654,
  "piecesplaced": 6486883186
}
