{
  "usercount": 1063162,
  "usercount_delta": 0.03792116190440075,
  "anoncount": 740982,
  "rankedcount": 15662,
  "replaycount": 1788297,
  "gamesplayed": 54503529,
  "gamesplayed_delta": 2.2942302952162454,
  "gamesfinished": 39054159,
  "gametime": 7805660659.273349,
  "inputs": 27501948604,
  "piecesplaced": 6094906287
}
