{
  "usercount": 4640132,
  "usercount_delta": 0.08717483785480158,
  "anoncount": 3629894,
  "rankedcount": 41575,
  "replaycount": 5502757,
  "gamesplayed": 208800315,
  "gamesplayed_delta": 5.7535392984169045,
  "gamesfinished": 163082150,
  "gametime": 35274880522.72707,
  "inputs": 118935968352,
  "piecesplaced": 26750005084
}
