{
  "usercount": 997888,
  "usercount_delta": 0.01522742154071051,
  "anoncount": 690461,
  "rankedcount": 14908,
  "replaycount": 1690352,
  "gamesplayed": 51518525,
  "gamesplayed_delta": 2.7257084557871814,
  "gamesfinished": 36753836,
  "gametime": 7326389943.74612,
  "inputs": 25937548606,
  "piecesplaced": 5738368913
}
