{
  "usercount": 1170519,
  "usercount_delta": 0.0773799160427911,
  "anoncount": 823473,
  "rankedcount": 16478,
  "replaycount": 1930632,
  "gamesplayed": 58802787,
  "gamesplayed_delta": 1.8958079430483818,
  "gamesfinished": 42445321,
  "gametime": 8506325729.475047,
  "inputs": 29739609198,
  "piecesplaced": 6602006522
}
