{
  "usercount": 8821863,
  "usercount_delta": 0.0873164172327681,
  "anoncount": 6615057,
  "totalaccounts": 14358950,
  "rankedcount": 48829,
  "replaycount": 11701533,
  "gamesplayed": 561027434,
  "gamesplayed_delta": 4.505527129210835,
  "gamesfinished": 436947255,
  "gametime": 98199245149.43094,
  "inputs": 344981222474,
  "piecesplaced": 79140860848
}
