{
  "usercount": 8900867,
  "usercount_delta": 0.08914086038758445,
  "anoncount": 6684309,
  "totalaccounts": 14440112,
  "rankedcount": 49683,
  "replaycount": 11791090,
  "gamesplayed": 563936950,
  "gamesplayed_delta": 4.9740600096272125,
  "gamesfinished": 439158101,
  "gametime": 98737252588.10374,
  "inputs": 346957369131,
  "piecesplaced": 79602446278
}
