{
  "usercount": 9409389,
  "usercount_delta": 0.19938038710469005,
  "anoncount": 6993234,
  "totalaccounts": 16356481,
  "rankedcount": 54057,
  "replaycount": 13563139,
  "gamesplayed": 627847225,
  "gamesplayed_delta": 4.708444526241527,
  "gamesfinished": 488179276,
  "gametime": 110588224499.41476,
  "inputs": 390427299603,
  "piecesplaced": 89738099759
}
