{
  "usercount": 2735019,
  "usercount_delta": 0.13485916849689825,
  "anoncount": 2049060,
  "rankedcount": 28981,
  "replaycount": 4083628,
  "gamesplayed": 130180805,
  "gamesplayed_delta": 5.39436673987593,
  "gamesfinished": 100620941,
  "gametime": 21210587700.251575,
  "inputs": 71264580425,
  "piecesplaced": 15929036582
}
