{
  "usercount": 5711663,
  "usercount_delta": 0.11715089034676664,
  "anoncount": 4096770,
  "rankedcount": 42845,
  "replaycount": 9860813,
  "gamesplayed": 382161258,
  "gamesplayed_delta": 3.44130740393627,
  "gamesfinished": 296791890,
  "gametime": 65743699653.96618,
  "inputs": 226770085629,
  "piecesplaced": 51603643841
}
