{
  "usercount": 1167860,
  "usercount_delta": 0.11361269432504592,
  "anoncount": 821419,
  "rankedcount": 16390,
  "replaycount": 1927448,
  "gamesplayed": 58708328,
  "gamesplayed_delta": 3.503058075022249,
  "gamesfinished": 42368502,
  "gametime": 8490873254.106196,
  "inputs": 29691581626,
  "piecesplaced": 6591214439
}
