{
  "usercount": 860667,
  "usercount_delta": 0.07495549517474,
  "anoncount": 585497,
  "rankedcount": 14083,
  "replaycount": 1483770,
  "gamesplayed": 45440751,
  "gamesplayed_delta": 3.3167806614822446,
  "gamesfinished": 32056974,
  "gametime": 6364150481.222602,
  "inputs": 22817687707,
  "piecesplaced": 5027580297
}
