{
  "usercount": 6038262,
  "usercount_delta": 0.2794299628757335,
  "anoncount": 4325320,
  "rankedcount": 43837,
  "replaycount": 10564224,
  "gamesplayed": 410975825,
  "gamesplayed_delta": 4.550716538261946,
  "gamesfinished": 319401459,
  "gametime": 70761793400.85835,
  "inputs": 244794804443,
  "piecesplaced": 55789586213
}
