{
  "usercount": 972816,
  "usercount_delta": 0.01692677477233488,
  "anoncount": 671082,
  "rankedcount": 14740,
  "replaycount": 1651622,
  "gamesplayed": 50342929,
  "gamesplayed_delta": 2.674430414028911,
  "gamesfinished": 35844497,
  "gametime": 7139990684.88398,
  "inputs": 25331362263,
  "piecesplaced": 5600099719
}
