{
  "usercount": 1244602,
  "usercount_delta": 0,
  "anoncount": 880522,
  "rankedcount": 17514,
  "replaycount": 2028702,
  "gamesplayed": 61623658,
  "gamesplayed_delta": 3.3023292168203846,
  "gamesfinished": 44713167,
  "gametime": 8973368519.220402,
  "inputs": 31206046002,
  "piecesplaced": 6931231749
}
