{
  "usercount": 1260372,
  "usercount_delta": 0.16541502630098917,
  "anoncount": 892849,
  "rankedcount": 17724,
  "replaycount": 2050468,
  "gamesplayed": 62241927,
  "gamesplayed_delta": 4.350415191716015,
  "gamesfinished": 45210510,
  "gametime": 9075878205.605495,
  "inputs": 31530400694,
  "piecesplaced": 7004050723
}
