{
  "usercount": 740301,
  "usercount_delta": 2.078000301159464,
  "anoncount": 491383,
  "rankedcount": 13717,
  "replaycount": 1262013,
  "gamesplayed": 39763225,
  "gamesplayed_delta": 3.734377352808312,
  "gamesfinished": 27738350,
  "gametime": 5468402559.884569,
  "inputs": 19891411483,
  "piecesplaced": 4359243390
}
