{
  "usercount": 1098071,
  "usercount_delta": 0.019345353246150273,
  "anoncount": 767951,
  "rankedcount": 15929,
  "replaycount": 1837403,
  "gamesplayed": 56024026,
  "gamesplayed_delta": 2.4375145090149344,
  "gamesfinished": 40241252,
  "gametime": 8052361731.013846,
  "inputs": 28296026644,
  "piecesplaced": 6275316115
}
