{
  "usercount": 1703816,
  "usercount_delta": 0.1500525183814335,
  "anoncount": 1236429,
  "rankedcount": 24623,
  "replaycount": 2666966,
  "gamesplayed": 80751090,
  "gamesplayed_delta": 5.918738225045432,
  "gamesfinished": 60317232,
  "gametime": 12285542193.144583,
  "inputs": 41751609182,
  "piecesplaced": 9290786762
}
