{
  "usercount": 853727,
  "usercount_delta": 0.030562814223933744,
  "anoncount": 580127,
  "rankedcount": 14044,
  "replaycount": 1472990,
  "gamesplayed": 45137412,
  "gamesplayed_delta": 3.927321627775486,
  "gamesfinished": 31823920,
  "gametime": 6316448900.472531,
  "inputs": 22662746053,
  "piecesplaced": 4992407386
}
