{
  "usercount": 1180441,
  "usercount_delta": 0.09437226713643083,
  "anoncount": 831027,
  "rankedcount": 16588,
  "replaycount": 1943585,
  "gamesplayed": 59154221,
  "gamesplayed_delta": 3.853534241404259,
  "gamesfinished": 42728256,
  "gametime": 8564167363.405905,
  "inputs": 29919938025,
  "piecesplaced": 6642565792
}
