{
  "usercount": 811685,
  "usercount_delta": 0.0749512816669165,
  "anoncount": 547420,
  "rankedcount": 13947,
  "replaycount": 1403340,
  "gamesplayed": 43154826,
  "gamesplayed_delta": 2.3609653725078696,
  "gamesfinished": 30311741,
  "gametime": 6005126550.462825,
  "inputs": 21650401965,
  "piecesplaced": 4761345597
}
