{
  "usercount": 1023697,
  "usercount_delta": 0.04577985991362866,
  "anoncount": 710524,
  "rankedcount": 15399,
  "replaycount": 1732096,
  "gamesplayed": 52768525,
  "gamesplayed_delta": 2.563672155163205,
  "gamesfinished": 37711556,
  "gametime": 7526348436.023877,
  "inputs": 26590250897,
  "piecesplaced": 5887020577
}
