{
  "usercount": 1035573,
  "usercount_delta": 0.047185391402821686,
  "anoncount": 719814,
  "rankedcount": 15408,
  "replaycount": 1750161,
  "gamesplayed": 53363538,
  "gamesplayed_delta": 2.4693688167476684,
  "gamesfinished": 38168932,
  "gametime": 7622050997.921808,
  "inputs": 26905208648,
  "piecesplaced": 5958985161
}
