{
  "usercount": 887511,
  "usercount_delta": 0.09368910208364563,
  "anoncount": 606357,
  "rankedcount": 14326,
  "replaycount": 1525088,
  "gamesplayed": 46654149,
  "gamesplayed_delta": 2.4546544745915155,
  "gamesfinished": 32998839,
  "gametime": 6556690212.661581,
  "inputs": 23438131967,
  "piecesplaced": 5169051944
}
