{
  "usercount": 7380624,
  "usercount_delta": 0.228118200322875,
  "anoncount": 5500902,
  "totalaccounts": 11309856,
  "rankedcount": 59102,
  "replaycount": 9998972,
  "gamesplayed": 459115467,
  "gamesplayed_delta": 4.421983575489577,
  "gamesfinished": 357958222,
  "gametime": 79558805942.62093,
  "inputs": 276360728745,
  "piecesplaced": 63093458937
}
