{
  "usercount": 947851,
  "usercount_delta": 0.015281407111966872,
  "anoncount": 652080,
  "rankedcount": 14281,
  "replaycount": 1615347,
  "gamesplayed": 49227298,
  "gamesplayed_delta": 2.1852412170112627,
  "gamesfinished": 34992260,
  "gametime": 6965015643.0266075,
  "inputs": 24759575589,
  "piecesplaced": 5469590122
}
