{
  "usercount": 734884,
  "usercount_delta": 0.1162655505173817,
  "anoncount": 487022,
  "rankedcount": 13557,
  "replaycount": 1249615,
  "gamesplayed": 39567925,
  "gamesplayed_delta": 2.5578421113823975,
  "gamesfinished": 27590380,
  "gametime": 5437846745.235709,
  "inputs": 19791498070,
  "piecesplaced": 4336497717
}
