{
  "usercount": 1244941,
  "usercount_delta": 0.11097195580145532,
  "anoncount": 880783,
  "rankedcount": 17533,
  "replaycount": 2029309,
  "gamesplayed": 61639811,
  "gamesplayed_delta": 5.4851852439005055,
  "gamesfinished": 44725989,
  "gametime": 8976137236.437658,
  "inputs": 31214864941,
  "piecesplaced": 6933216312
}
