{
  "usercount": 1187954,
  "usercount_delta": 0.03908081913396905,
  "anoncount": 836825,
  "rankedcount": 16676,
  "replaycount": 1953077,
  "gamesplayed": 59439678,
  "gamesplayed_delta": 2.540253243707988,
  "gamesfinished": 42956342,
  "gametime": 8611426688.199045,
  "inputs": 30067411862,
  "piecesplaced": 6675649878
}
