{
  "usercount": 989645,
  "usercount_delta": 0.03385354954466976,
  "anoncount": 684115,
  "rankedcount": 14809,
  "replaycount": 1677200,
  "gamesplayed": 51129529,
  "gamesplayed_delta": 3.0129659094756085,
  "gamesfinished": 36456990,
  "gametime": 7264956264.886563,
  "inputs": 25738934438,
  "piecesplaced": 5693131983
}
