{
  "usercount": 951598,
  "usercount_delta": 0.06372267890142101,
  "anoncount": 654831,
  "rankedcount": 14351,
  "replaycount": 1618760,
  "gamesplayed": 49381511,
  "gamesplayed_delta": 4.237558146944497,
  "gamesfinished": 35110349,
  "gametime": 6989298797.950505,
  "inputs": 24839461478,
  "piecesplaced": 5487918858
}
