{
  "usercount": 1169072,
  "usercount_delta": 0.24813485302145538,
  "anoncount": 822329,
  "rankedcount": 16431,
  "replaycount": 1928808,
  "gamesplayed": 58746818,
  "gamesplayed_delta": 2.8287373244445915,
  "gamesfinished": 42399987,
  "gametime": 8497281842.869983,
  "inputs": 29710815760,
  "piecesplaced": 6595510163
}
