{
  "usercount": 781344,
  "usercount_delta": 0.03157761778451434,
  "anoncount": 523581,
  "rankedcount": 13941,
  "replaycount": 1351682,
  "gamesplayed": 41766049,
  "gamesplayed_delta": 3.2524946318049768,
  "gamesfinished": 29257453,
  "gametime": 5785330859.376256,
  "inputs": 20933550668,
  "piecesplaced": 4596967694
}
