{
  "usercount": 915636,
  "usercount_delta": 0.10129488629649014,
  "anoncount": 627582,
  "rankedcount": 14376,
  "replaycount": 1567387,
  "gamesplayed": 47860254,
  "gamesplayed_delta": 2.160957574325123,
  "gamesfinished": 33932888,
  "gametime": 6748033440.101935,
  "inputs": 24060167250,
  "piecesplaced": 5310780818
}
