{
  "usercount": 1017596,
  "usercount_delta": 0.10225098233979461,
  "anoncount": 705819,
  "rankedcount": 15294,
  "replaycount": 1723292,
  "gamesplayed": 52488429,
  "gamesplayed_delta": 2.7169546736002568,
  "gamesfinished": 37495688,
  "gametime": 7480543936.600565,
  "inputs": 26440516191,
  "piecesplaced": 5852896964
}
