{
  "usercount": 1119081,
  "usercount_delta": 0.0390800554936788,
  "anoncount": 784222,
  "rankedcount": 16162,
  "replaycount": 1868221,
  "gamesplayed": 56957152,
  "gamesplayed_delta": 2.3252633018738886,
  "gamesfinished": 40972600,
  "gametime": 8203986482.655861,
  "inputs": 28787933726,
  "piecesplaced": 6387355598
}
