{
  "usercount": 2303946,
  "usercount_delta": 0.06362739795756052,
  "anoncount": 1706945,
  "rankedcount": 32849,
  "replaycount": 3529052,
  "gamesplayed": 108382183,
  "gamesplayed_delta": 3.992619221836923,
  "gamesfinished": 83019122,
  "gametime": 17298460927.09274,
  "inputs": 58172010941,
  "piecesplaced": 12954955524
}
