{
  "usercount": 864155,
  "usercount_delta": 0.060239149423210146,
  "anoncount": 588195,
  "rankedcount": 14028,
  "replaycount": 1489094,
  "gamesplayed": 45596433,
  "gamesplayed_delta": 3.102316195295322,
  "gamesfinished": 32179754,
  "gametime": 6389214814.787293,
  "inputs": 22897899981,
  "piecesplaced": 5045815085
}
