{
  "usercount": 8443596,
  "usercount_delta": 0.05365190643107519,
  "anoncount": 6887022,
  "rankedcount": 42806,
  "replaycount": 9430064,
  "gamesplayed": 364206527,
  "gamesplayed_delta": 3.79140138779598,
  "gamesfinished": 282692003,
  "gametime": 62528566025.06565,
  "inputs": 215158137999,
  "piecesplaced": 48922037377
}
