{
  "usercount": 1122969,
  "usercount_delta": 0.01654177625593436,
  "anoncount": 787338,
  "rankedcount": 16116,
  "replaycount": 1873135,
  "gamesplayed": 57112753,
  "gamesplayed_delta": 2.597058872181695,
  "gamesfinished": 41096478,
  "gametime": 8229350047.501989,
  "inputs": 28869268852,
  "piecesplaced": 6405803728
}
