{
  "usercount": 1167545,
  "usercount_delta": 0.1547598320855822,
  "anoncount": 821187,
  "rankedcount": 16376,
  "replaycount": 1927012,
  "gamesplayed": 58698007,
  "gamesplayed_delta": 3.598166095989786,
  "gamesfinished": 42360123,
  "gametime": 8489153093.014745,
  "inputs": 29686440690,
  "piecesplaced": 6590080291
}
