{
  "usercount": 872796,
  "usercount_delta": 0.06112562844786749,
  "anoncount": 594948,
  "rankedcount": 14178,
  "replaycount": 1502346,
  "gamesplayed": 45986985,
  "gamesplayed_delta": 2.6589648374822357,
  "gamesfinished": 32482619,
  "gametime": 6451988030.124658,
  "inputs": 23099360207,
  "piecesplaced": 5091901584
}
