{
  "usercount": 1094634,
  "usercount_delta": 0.0195400277468394,
  "anoncount": 765212,
  "rankedcount": 16035,
  "replaycount": 1833072,
  "gamesplayed": 55877263,
  "gamesplayed_delta": 2.7551439123043555,
  "gamesfinished": 40124923,
  "gametime": 8029112470.911751,
  "inputs": 28220851893,
  "piecesplaced": 6258264743
}
