{
  "usercount": 1140721,
  "usercount_delta": 0.09511881925839027,
  "anoncount": 801234,
  "rankedcount": 16280,
  "replaycount": 1896137,
  "gamesplayed": 57802052,
  "gamesplayed_delta": 2.806005168122513,
  "gamesfinished": 41640543,
  "gametime": 8340376404.9669895,
  "inputs": 29220745170,
  "piecesplaced": 6485103673
}
