{
  "usercount": 1205956,
  "usercount_delta": 0.06291583434260818,
  "anoncount": 850788,
  "rankedcount": 17003,
  "replaycount": 1975819,
  "gamesplayed": 60087170,
  "gamesplayed_delta": 3.586202557528666,
  "gamesfinished": 43477834,
  "gametime": 8717589019.469103,
  "inputs": 30396492858,
  "piecesplaced": 6749164424
}
