{
  "usercount": 862781,
  "usercount_delta": 0.061123760333735726,
  "anoncount": 587143,
  "rankedcount": 14174,
  "replaycount": 1487177,
  "gamesplayed": 45537393,
  "gamesplayed_delta": 2.506074173683165,
  "gamesfinished": 32132850,
  "gametime": 6379337491.48347,
  "inputs": 22866335523,
  "piecesplaced": 5038551126
}
