{
  "usercount": 4767514,
  "usercount_delta": 0.1553277415346381,
  "anoncount": 3735329,
  "rankedcount": 41561,
  "replaycount": 5664299,
  "gamesplayed": 214730031,
  "gamesplayed_delta": 4.7374961168064615,
  "gamesfinished": 167668061,
  "gametime": 36323669253.88307,
  "inputs": 122575331157,
  "piecesplaced": 27583456229
}
