{
  "usercount": 1094399,
  "usercount_delta": 0.0773799160427911,
  "anoncount": 765032,
  "rankedcount": 16029,
  "replaycount": 1832600,
  "gamesplayed": 55864322,
  "gamesplayed_delta": 4.081790571257231,
  "gamesfinished": 40115128,
  "gametime": 8027128857.042764,
  "inputs": 28214501643,
  "piecesplaced": 6256829839
}
