{
  "usercount": 1183198,
  "usercount_delta": 0.13254814337922025,
  "anoncount": 833100,
  "rankedcount": 16513,
  "replaycount": 1947704,
  "gamesplayed": 59261508,
  "gamesplayed_delta": 3.3515744825888545,
  "gamesfinished": 42813887,
  "gametime": 8581876880.826593,
  "inputs": 29974837053,
  "piecesplaced": 6654836542
}
