{
  "usercount": 778951,
  "usercount_delta": 0.05345402063325197,
  "anoncount": 521684,
  "rankedcount": 13840,
  "replaycount": 1347143,
  "gamesplayed": 41644282,
  "gamesplayed_delta": 2.013434777185824,
  "gamesfinished": 29164807,
  "gametime": 5766214494.510658,
  "inputs": 20870529929,
  "piecesplaced": 4582614993
}
