{
  "usercount": 8508258,
  "usercount_delta": 0.10697284672573945,
  "anoncount": 6266908,
  "totalaccounts": 14642919,
  "rankedcount": 49440,
  "replaycount": 12017427,
  "gamesplayed": 571391329,
  "gamesplayed_delta": 4.332400292392448,
  "gamesfinished": 444814250,
  "gametime": 100113522149.61234,
  "inputs": 352013434429,
  "piecesplaced": 80781976137
}
