{
  "usercount": 5792629,
  "usercount_delta": 0.09783618960653546,
  "anoncount": 4130710,
  "rankedcount": 41690,
  "replaycount": 10198413,
  "gamesplayed": 396135140,
  "gamesplayed_delta": 4.647219006310435,
  "gamesfinished": 307643514,
  "gametime": 68194426691.67559,
  "inputs": 235656150844,
  "piecesplaced": 53666513816
}
