{
  "usercount": 8386455,
  "usercount_delta": 0.14322030863976512,
  "anoncount": 6231129,
  "totalaccounts": 13912445,
  "rankedcount": 51817,
  "replaycount": 11232609,
  "gamesplayed": 546232947,
  "gamesplayed_delta": 5.102223495291633,
  "gamesfinished": 425660440,
  "gametime": 95461374563.81425,
  "inputs": 334909275233,
  "piecesplaced": 76783820287
}
