{
  "usercount": 9369577,
  "usercount_delta": 0.29893578859261033,
  "anoncount": 6961404,
  "totalaccounts": 16280758,
  "rankedcount": 53968,
  "replaycount": 13490936,
  "gamesplayed": 625147707,
  "gamesplayed_delta": 5.276216668659572,
  "gamesfinished": 486122559,
  "gametime": 110087817339.2313,
  "inputs": 388580943973,
  "piecesplaced": 89307063952
}
