{
  "usercount": 1196106,
  "usercount_delta": 0.0786435559470257,
  "anoncount": 843110,
  "rankedcount": 16731,
  "replaycount": 1963716,
  "gamesplayed": 59736786,
  "gamesplayed_delta": 2.7997105917141147,
  "gamesfinished": 43195041,
  "gametime": 8660691561.589333,
  "inputs": 30219915941,
  "piecesplaced": 6709719584
}
