{
  "usercount": 5885382,
  "usercount_delta": 0.21086780210867803,
  "anoncount": 4679607,
  "rankedcount": 43947,
  "replaycount": 6848804,
  "gamesplayed": 259895295,
  "gamesplayed_delta": 4.071370640713707,
  "gamesfinished": 202606254,
  "gametime": 44253977270.47314,
  "inputs": 150077270889,
  "piecesplaced": 33868210745
}
