{
  "usercount": 930947,
  "usercount_delta": 0.05732958780026371,
  "anoncount": 639227,
  "rankedcount": 14321,
  "replaycount": 1591738,
  "gamesplayed": 48542330,
  "gamesplayed_delta": 2.8521469930631196,
  "gamesfinished": 34460737,
  "gametime": 6855340723.131515,
  "inputs": 24406821170,
  "piecesplaced": 5389557907
}
