{
  "usercount": 1181903,
  "usercount_delta": 0.0586200832405182,
  "anoncount": 832158,
  "rankedcount": 16646,
  "replaycount": 1945747,
  "gamesplayed": 59210255,
  "gamesplayed_delta": 4.787306797975653,
  "gamesfinished": 42773087,
  "gametime": 8573514473.11122,
  "inputs": 29948937001,
  "piecesplaced": 6649029398
}
