{
  "usercount": 1025596,
  "usercount_delta": 0.15260186174271326,
  "anoncount": 711993,
  "rankedcount": 15299,
  "replaycount": 1734781,
  "gamesplayed": 52857812,
  "gamesplayed_delta": 2.3195482984892415,
  "gamesfinished": 37781838,
  "gametime": 7540898256.423721,
  "inputs": 26637188148,
  "piecesplaced": 5897740384
}
