{
  "usercount": 768096,
  "usercount_delta": 0.0602382422480912,
  "anoncount": 513131,
  "rankedcount": 13913,
  "replaycount": 1325513,
  "gamesplayed": 41088374,
  "gamesplayed_delta": 1.1595861632757556,
  "gamesfinished": 28744834,
  "gametime": 5677872793.979971,
  "inputs": 20576472572,
  "piecesplaced": 4515235411
}
