{
  "usercount": 877019,
  "usercount_delta": 0.06112562844786749,
  "anoncount": 598246,
  "rankedcount": 14320,
  "replaycount": 1508609,
  "gamesplayed": 46177440,
  "gamesplayed_delta": 2.368618102354865,
  "gamesfinished": 32630185,
  "gametime": 6482173862.819998,
  "inputs": 23196850832,
  "piecesplaced": 5114072279
}
