{
  "usercount": 1078796,
  "usercount_delta": 0.09924737407989413,
  "anoncount": 753011,
  "rankedcount": 15869,
  "replaycount": 1810946,
  "gamesplayed": 55235902,
  "gamesplayed_delta": 3.1262922835166655,
  "gamesfinished": 39622342,
  "gametime": 7925122244.445604,
  "inputs": 27888295376,
  "piecesplaced": 6182972206
}
