{
  "usercount": 6571494,
  "usercount_delta": 0.2882062950322336,
  "anoncount": 4785820,
  "rankedcount": 53666,
  "replaycount": 9060460,
  "gamesplayed": 431164796,
  "gamesplayed_delta": 5.384907091391733,
  "gamesfinished": 335546745,
  "gametime": 74377586344.04865,
  "inputs": 257693434632,
  "piecesplaced": 58771649358
}
