{
  "usercount": 4094226,
  "usercount_delta": 0.22142509189141316,
  "anoncount": 3170827,
  "rankedcount": 39036,
  "replaycount": 4846419,
  "gamesplayed": 185578313,
  "gamesplayed_delta": 7.587499815479091,
  "gamesfinished": 145123016,
  "gametime": 31159362721.209393,
  "inputs": 104681551860,
  "piecesplaced": 23492066109
}
