{
  "usercount": 2837711,
  "usercount_delta": 0.14800927524791552,
  "anoncount": 2131154,
  "rankedcount": 29740,
  "replaycount": 4208415,
  "gamesplayed": 134818257,
  "gamesplayed_delta": 5.015869883401582,
  "gamesfinished": 104428789,
  "gametime": 22055933148.94242,
  "inputs": 74042611997,
  "piecesplaced": 16554738959
}
