{
  "usercount": 9359355,
  "usercount_delta": 0.25042482783293085,
  "anoncount": 6952988,
  "totalaccounts": 16261469,
  "rankedcount": 53866,
  "replaycount": 13474247,
  "gamesplayed": 624543577,
  "gamesplayed_delta": 6.350058134335033,
  "gamesfinished": 485656832,
  "gametime": 109976865207.12263,
  "inputs": 388178416610,
  "piecesplaced": 89213649868
}
