{
  "usercount": 1070088,
  "usercount_delta": 0.05680849855138329,
  "anoncount": 746256,
  "rankedcount": 15751,
  "replaycount": 1798250,
  "gamesplayed": 54840218,
  "gamesplayed_delta": 3.8440417353102694,
  "gamesfinished": 39315679,
  "gametime": 7861126177.668948,
  "inputs": 27680850509,
  "piecesplaced": 6135775558
}
