{
  "usercount": 6587767,
  "usercount_delta": 0.01919864841515157,
  "anoncount": 5275148,
  "rankedcount": 48092,
  "replaycount": 7646604,
  "gamesplayed": 289106437,
  "gamesplayed_delta": 5.0876418300151665,
  "gamesfinished": 225287597,
  "gametime": 49420329478.86223,
  "inputs": 168100516333,
  "piecesplaced": 37987574940
}
