{
  "usercount": 9600865,
  "usercount_delta": 0.08976123511459519,
  "anoncount": 7129908,
  "totalaccounts": 16892243,
  "rankedcount": 50884,
  "replaycount": 14053395,
  "gamesplayed": 648120752,
  "gamesplayed_delta": 4.78726587277841,
  "gamesfinished": 503493966,
  "gametime": 114367771858.1681,
  "inputs": 404561393836,
  "piecesplaced": 93064805261
}
