{
  "usercount": 9399902,
  "usercount_delta": 0.048196642300586394,
  "anoncount": 6986512,
  "totalaccounts": 16330266,
  "rankedcount": 54183,
  "replaycount": 13536776,
  "gamesplayed": 626826878,
  "gamesplayed_delta": 4.000321310948671,
  "gamesfinished": 487410232,
  "gametime": 110397897473.58366,
  "inputs": 389716803636,
  "piecesplaced": 89571431138
}
