{
  "usercount": 804654,
  "usercount_delta": 0.09386880270342152,
  "anoncount": 541945,
  "rankedcount": 13990,
  "replaycount": 1390634,
  "gamesplayed": 42816086,
  "gamesplayed_delta": 1.8147968522661495,
  "gamesfinished": 30057110,
  "gametime": 5952098467.085042,
  "inputs": 21478983244,
  "piecesplaced": 4722153084
}
