{
  "usercount": 779912,
  "usercount_delta": 0.05527610414018019,
  "anoncount": 522431,
  "rankedcount": 13885,
  "replaycount": 1348957,
  "gamesplayed": 41691440,
  "gamesplayed_delta": 3.629797505205166,
  "gamesfinished": 29200201,
  "gametime": 5773609412.667545,
  "inputs": 20895167736,
  "piecesplaced": 4588258979
}
