{
  "usercount": 1090460,
  "usercount_delta": 0.07738290998432995,
  "anoncount": 761962,
  "rankedcount": 15873,
  "replaycount": 1826753,
  "gamesplayed": 55698675,
  "gamesplayed_delta": 2.3795244820181463,
  "gamesfinished": 39987232,
  "gametime": 8000372015.03315,
  "inputs": 28127880260,
  "piecesplaced": 6237249586
}
