{
  "usercount": 934035,
  "usercount_delta": 0.11818135773496986,
  "anoncount": 641541,
  "rankedcount": 14223,
  "replaycount": 1596380,
  "gamesplayed": 48658795,
  "gamesplayed_delta": 3.1740136077391905,
  "gamesfinished": 34549275,
  "gametime": 6873449631.689544,
  "inputs": 24464611833,
  "piecesplaced": 5402654574
}
