{
  "usercount": 805375,
  "usercount_delta": 0.015491386788945344,
  "anoncount": 542506,
  "rankedcount": 13858,
  "replaycount": 1391811,
  "gamesplayed": 42850594,
  "gamesplayed_delta": 2.6180443673317635,
  "gamesfinished": 30083201,
  "gametime": 5957702213.548855,
  "inputs": 21496579547,
  "piecesplaced": 4726156298
}
