{
  "usercount": 1163196,
  "usercount_delta": 0.06616819956328988,
  "anoncount": 817973,
  "rankedcount": 16265,
  "replaycount": 1921873,
  "gamesplayed": 58563537,
  "gamesplayed_delta": 2.6963541322040627,
  "gamesfinished": 42252400,
  "gametime": 8466744296.159605,
  "inputs": 29618548571,
  "piecesplaced": 6574909542
}
