{
  "usercount": 9245676,
  "usercount_delta": 0.24721063994594328,
  "anoncount": 6859859,
  "totalaccounts": 16063484,
  "rankedcount": 53111,
  "replaycount": 13290996,
  "gamesplayed": 617712321,
  "gamesplayed_delta": 5.735286846745884,
  "gamesfinished": 480422828,
  "gametime": 108715294606.63959,
  "inputs": 383558096812,
  "piecesplaced": 88139444297
}
