{
  "usercount": 1018564,
  "usercount_delta": 0.11600423415454665,
  "anoncount": 706576,
  "rankedcount": 15179,
  "replaycount": 1724574,
  "gamesplayed": 52534612,
  "gamesplayed_delta": 3.378623319751171,
  "gamesfinished": 37531916,
  "gametime": 7488075925.209456,
  "inputs": 26464653751,
  "piecesplaced": 5858388037
}
