{
  "usercount": 1042197,
  "usercount_delta": 0.0195400277468394,
  "anoncount": 724787,
  "rankedcount": 15493,
  "replaycount": 1759260,
  "gamesplayed": 53629176,
  "gamesplayed_delta": 1.2505617757977217,
  "gamesfinished": 38373852,
  "gametime": 7664580160.747262,
  "inputs": 27044371558,
  "piecesplaced": 5990792335
}
