{
  "usercount": 4715930,
  "usercount_delta": 0.10714996402822637,
  "anoncount": 3692729,
  "rankedcount": 41765,
  "replaycount": 5598080,
  "gamesplayed": 212291739,
  "gamesplayed_delta": 4.882976932143459,
  "gamesfinished": 165795318,
  "gametime": 35894427805.75494,
  "inputs": 121085811019,
  "piecesplaced": 27242084841
}
