{
  "usercount": 825827,
  "usercount_delta": 0.03056328127387756,
  "anoncount": 558506,
  "rankedcount": 13982,
  "replaycount": 1427692,
  "gamesplayed": 43827761,
  "gamesplayed_delta": 2.2464011736300007,
  "gamesfinished": 30825988,
  "gametime": 6110784103.350437,
  "inputs": 21994597111,
  "piecesplaced": 4839970517
}
