{
  "usercount": 7249191,
  "usercount_delta": 0.20244964065188784,
  "anoncount": 5384094,
  "totalaccounts": 11175186,
  "rankedcount": 59850,
  "replaycount": 9860096,
  "gamesplayed": 454528547,
  "gamesplayed_delta": 4.97688699935891,
  "gamesfinished": 354303957,
  "gametime": 78698728217.15042,
  "inputs": 273240106514,
  "piecesplaced": 62367510958
}
