{
  "usercount": 737418,
  "usercount_delta": 0.07482089747666523,
  "anoncount": 489007,
  "rankedcount": 13637,
  "replaycount": 1256503,
  "gamesplayed": 39680790,
  "gamesplayed_delta": 2.3755634948841213,
  "gamesfinished": 27676917,
  "gametime": 5455621401.598408,
  "inputs": 19848467403,
  "piecesplaced": 4349456145
}
