{
  "usercount": 756174,
  "usercount_delta": 0.03747704530974778,
  "anoncount": 503743,
  "rankedcount": 13902,
  "replaycount": 1300353,
  "gamesplayed": 40518787,
  "gamesplayed_delta": 3.5415807817711653,
  "gamesfinished": 28312476,
  "gametime": 5587944028.500655,
  "inputs": 20279907476,
  "piecesplaced": 4447437101
}
