{
  "usercount": 807176,
  "usercount_delta": 0.07822155473162185,
  "anoncount": 543897,
  "rankedcount": 13943,
  "replaycount": 1395007,
  "gamesplayed": 42938465,
  "gamesplayed_delta": 2.5656669951971964,
  "gamesfinished": 30149003,
  "gametime": 5971299715.231754,
  "inputs": 21540384568,
  "piecesplaced": 4736204282
}
