{
  "usercount": 728513,
  "usercount_delta": 0.060282725984869036,
  "anoncount": 481952,
  "rankedcount": 13353,
  "replaycount": 1232247,
  "gamesplayed": 39329186,
  "gamesplayed_delta": 1.8989058685233746,
  "gamesfinished": 27405891,
  "gametime": 5400327299.764239,
  "inputs": 19671058512,
  "piecesplaced": 4309299633
}
