{
  "usercount": 8487075,
  "usercount_delta": 0.1314643485119879,
  "anoncount": 6901988,
  "rankedcount": 43777,
  "replaycount": 9648646,
  "gamesplayed": 373011859,
  "gamesplayed_delta": 4.190426108819614,
  "gamesfinished": 289622070,
  "gametime": 64101102609.53514,
  "inputs": 220805935046,
  "piecesplaced": 50224002510
}
