{
  "usercount": 7829231,
  "usercount_delta": 0.2319026722323308,
  "anoncount": 5896947,
  "totalaccounts": 11770190,
  "rankedcount": 51490,
  "replaycount": 10479675,
  "gamesplayed": 476142538,
  "gamesplayed_delta": 7.224660173391844,
  "gamesfinished": 371262914,
  "gametime": 82756319618.58716,
  "inputs": 288195554962,
  "piecesplaced": 65864909764
}
