{
  "usercount": 1146187,
  "usercount_delta": 0.04962532876780308,
  "anoncount": 805444,
  "rankedcount": 16249,
  "replaycount": 1903004,
  "gamesplayed": 58011061,
  "gamesplayed_delta": 4.284320050287,
  "gamesfinished": 41807510,
  "gametime": 8374371443.734154,
  "inputs": 29328989445,
  "piecesplaced": 6509557991
}
