{
  "usercount": 899560,
  "usercount_delta": 0.056216621381054994,
  "anoncount": 615769,
  "rankedcount": 14195,
  "replaycount": 1543226,
  "gamesplayed": 47202447,
  "gamesplayed_delta": 3.1668696711327646,
  "gamesfinished": 33423820,
  "gametime": 6643457927.426079,
  "inputs": 23718440574,
  "piecesplaced": 5232702431
}
