{
  "usercount": 1046397,
  "usercount_delta": 0.06291286568103177,
  "anoncount": 727975,
  "rankedcount": 15634,
  "replaycount": 1764516,
  "gamesplayed": 53780224,
  "gamesplayed_delta": 3.3658383139351997,
  "gamesfinished": 38489712,
  "gametime": 7688435479.709276,
  "inputs": 27121988038,
  "piecesplaced": 6008528997
}
