{
  "usercount": 9641909,
  "usercount_delta": 0.1534736195900549,
  "anoncount": 7151923,
  "totalaccounts": 17080382,
  "rankedcount": 48565,
  "replaycount": 14217840,
  "gamesplayed": 655457348,
  "gamesplayed_delta": 2.6431567818287234,
  "gamesfinished": 509014517,
  "gametime": 115728865534.88991,
  "inputs": 409752052107,
  "piecesplaced": 94294903205
}
