{
  "usercount": 762036,
  "usercount_delta": 0.01842604706012419,
  "anoncount": 508397,
  "rankedcount": 13983,
  "replaycount": 1312298,
  "gamesplayed": 40795847,
  "gamesplayed_delta": 2.1374214589744063,
  "gamesfinished": 28525498,
  "gametime": 5631889890.409112,
  "inputs": 20423284898,
  "piecesplaced": 4480116057
}
