{
  "usercount": 6872913,
  "usercount_delta": 0.03471559250837514,
  "anoncount": 5516976,
  "rankedcount": 44550,
  "replaycount": 7973212,
  "gamesplayed": 302478109,
  "gamesplayed_delta": 3.054972140737012,
  "gamesfinished": 235401059,
  "gametime": 51795500384.462456,
  "inputs": 176594437771,
  "piecesplaced": 39959186993
}
