{
  "usercount": 7362802,
  "usercount_delta": 0.35474201387041276,
  "anoncount": 5484801,
  "totalaccounts": 11291657,
  "rankedcount": 59281,
  "replaycount": 9982510,
  "gamesplayed": 458534416,
  "gamesplayed_delta": 5.959665833022934,
  "gamesfinished": 357491515,
  "gametime": 79450469524.11789,
  "inputs": 275967953823,
  "piecesplaced": 63002200665
}
