{
  "usercount": 7091357,
  "usercount_delta": 0.13866847449270447,
  "anoncount": 5702475,
  "rankedcount": 41105,
  "replaycount": 8216391,
  "gamesplayed": 313275127,
  "gamesplayed_delta": 4.699320524474985,
  "gamesfinished": 243455510,
  "gametime": 53686356675.489876,
  "inputs": 183467064755,
  "piecesplaced": 41568511562
}
