{
  "usercount": 6451844,
  "usercount_delta": 0.21964282697213916,
  "anoncount": 5158637,
  "rankedcount": 48191,
  "replaycount": 7493922,
  "gamesplayed": 283072489,
  "gamesplayed_delta": 5.541757480527819,
  "gamesfinished": 220645392,
  "gametime": 48345832765.8862,
  "inputs": 164316174535,
  "piecesplaced": 37117473157
}
