{
  "usercount": 839934,
  "usercount_delta": 0.04517936206740761,
  "anoncount": 569347,
  "rankedcount": 14057,
  "replaycount": 1450554,
  "gamesplayed": 44493766,
  "gamesplayed_delta": 2.213788741302973,
  "gamesfinished": 31335987,
  "gametime": 6216517017.723778,
  "inputs": 22339066389,
  "piecesplaced": 4918682002
}
