{
  "usercount": 1108619,
  "usercount_delta": 0.094801107276933,
  "anoncount": 776087,
  "rankedcount": 15936,
  "replaycount": 1852310,
  "gamesplayed": 56466781,
  "gamesplayed_delta": 3.261158090326495,
  "gamesfinished": 40589141,
  "gametime": 8124430638.902343,
  "inputs": 28530106078,
  "piecesplaced": 6328557970
}
