{
  "usercount": 3201007,
  "usercount_delta": 0.14759421430679917,
  "anoncount": 2428205,
  "rankedcount": 31194,
  "replaycount": 3726016,
  "gamesplayed": 150480433,
  "gamesplayed_delta": 5.674177572239168,
  "gamesfinished": 117192544,
  "gametime": 24875584819.206142,
  "inputs": 83419924144,
  "piecesplaced": 18675813652
}
