{
  "usercount": 834365,
  "usercount_delta": 0.05064744314824507,
  "anoncount": 565041,
  "rankedcount": 14003,
  "replaycount": 1441350,
  "gamesplayed": 44219005,
  "gamesplayed_delta": 3.4609086151300796,
  "gamesfinished": 31125045,
  "gametime": 6172663866.728716,
  "inputs": 22194667601,
  "piecesplaced": 4885662899
}
