{
  "usercount": 6925122,
  "usercount_delta": 0.10609704342905645,
  "anoncount": 5560963,
  "rankedcount": 44649,
  "replaycount": 8035072,
  "gamesplayed": 305079528,
  "gamesplayed_delta": 3.2713255057292403,
  "gamesfinished": 237348904,
  "gametime": 52254304743.831856,
  "inputs": 178252095320,
  "piecesplaced": 40345922771
}
