{
  "usercount": 9430147,
  "usercount_delta": 0.29919964096043083,
  "anoncount": 7010551,
  "totalaccounts": 16394657,
  "rankedcount": 54129,
  "replaycount": 13592202,
  "gamesplayed": 628997458,
  "gamesplayed_delta": 4.517914578502506,
  "gamesfinished": 489069675,
  "gametime": 110800727061.07047,
  "inputs": 391196425068,
  "piecesplaced": 89917192583
}
