{
  "usercount": 732199,
  "usercount_delta": 0.04982809307887787,
  "anoncount": 484920,
  "rankedcount": 13460,
  "replaycount": 1241957,
  "gamesplayed": 39458959,
  "gamesplayed_delta": 2.225654824189878,
  "gamesfinished": 27506945,
  "gametime": 5420921154.383638,
  "inputs": 19736793251,
  "piecesplaced": 4324135673
}
