{
  "usercount": 5905276,
  "usercount_delta": 0.2219427387733965,
  "anoncount": 4216440,
  "rankedcount": 42144,
  "replaycount": 10386121,
  "gamesplayed": 403890837,
  "gamesplayed_delta": 4.346378634312347,
  "gamesfinished": 313752558,
  "gametime": 69533963283.00444,
  "inputs": 240426902628,
  "piecesplaced": 54775804097
}
