{
  "usercount": 2359423,
  "usercount_delta": 0.0963298333493883,
  "anoncount": 1750958,
  "rankedcount": 32275,
  "replaycount": 3603546,
  "gamesplayed": 111281563,
  "gamesplayed_delta": 4.720161834120026,
  "gamesfinished": 85364598,
  "gametime": 17824043843.672684,
  "inputs": 59940546691,
  "piecesplaced": 13357641840
}
