{
  "usercount": 6672108,
  "usercount_delta": 0.25755052282756136,
  "anoncount": 4874229,
  "rankedcount": 54919,
  "replaycount": 9195553,
  "gamesplayed": 434711494,
  "gamesplayed_delta": 5.889321955323569,
  "gamesfinished": 338377879,
  "gametime": 75029817555.96553,
  "inputs": 260051976500,
  "piecesplaced": 59317169986
}
