{
  "usercount": 2351157,
  "usercount_delta": 0,
  "anoncount": 1744443,
  "rankedcount": 32335,
  "replaycount": 3592836,
  "gamesplayed": 110864428,
  "gamesplayed_delta": 3.7166162347059597,
  "gamesfinished": 85029906,
  "gametime": 17748900761.173885,
  "inputs": 59687412360,
  "piecesplaced": 13300051867
}
