{
  "usercount": 912118,
  "usercount_delta": 0.015059333775073791,
  "anoncount": 624881,
  "rankedcount": 14254,
  "replaycount": 1561023,
  "gamesplayed": 47699730,
  "gamesplayed_delta": 3.17751942654057,
  "gamesfinished": 33808904,
  "gametime": 6723289146.525007,
  "inputs": 23979165647,
  "piecesplaced": 5292436049
}
