{
  "usercount": 5830334,
  "usercount_delta": 0.10366684438125703,
  "anoncount": 4160216,
  "rankedcount": 41834,
  "replaycount": 10257687,
  "gamesplayed": 398569022,
  "gamesplayed_delta": 3.480244061370772,
  "gamesfinished": 309554930,
  "gametime": 68612433865.211975,
  "inputs": 237148590657,
  "piecesplaced": 54014110833
}
