{
  "usercount": 2326819,
  "usercount_delta": 0.033842092795018444,
  "anoncount": 1725090,
  "rankedcount": 32611,
  "replaycount": 3559991,
  "gamesplayed": 109604544,
  "gamesplayed_delta": 4.314866831364852,
  "gamesfinished": 84006026,
  "gametime": 17520449452.376644,
  "inputs": 58919242236,
  "piecesplaced": 13125349638
}
