{
  "usercount": 842202,
  "usercount_delta": 0.03376667229444538,
  "anoncount": 571112,
  "rankedcount": 14137,
  "replaycount": 1454321,
  "gamesplayed": 44602477,
  "gamesplayed_delta": 2.667567111261185,
  "gamesfinished": 31417461,
  "gametime": 6232885622.422093,
  "inputs": 22392213325,
  "piecesplaced": 4930750885
}
