{
  "usercount": 1152060,
  "usercount_delta": 0.015728958585652045,
  "anoncount": 809894,
  "rankedcount": 16200,
  "replaycount": 1910184,
  "gamesplayed": 58240494,
  "gamesplayed_delta": 2.548091290875631,
  "gamesfinished": 41994496,
  "gametime": 8412403820.630409,
  "inputs": 29447803839,
  "piecesplaced": 6536288512
}
