{
  "usercount": 802456,
  "usercount_delta": 0.030983733539891558,
  "anoncount": 540260,
  "rankedcount": 13894,
  "replaycount": 1386514,
  "gamesplayed": 42702742,
  "gamesplayed_delta": 3.0518977536793184,
  "gamesfinished": 29970701,
  "gametime": 5933739281.467283,
  "inputs": 21419016583,
  "piecesplaced": 4708413839
}
