{
  "usercount": 776303,
  "usercount_delta": 0.04517936206740761,
  "anoncount": 519610,
  "rankedcount": 13913,
  "replaycount": 1341558,
  "gamesplayed": 41504771,
  "gamesplayed_delta": 2.5451040631306285,
  "gamesfinished": 29059642,
  "gametime": 5744392255.661818,
  "inputs": 20798297206,
  "piecesplaced": 4566128469
}
