{
  "usercount": 1013898,
  "usercount_delta": 0.04578055852281398,
  "anoncount": 702878,
  "rankedcount": 15123,
  "replaycount": 1717155,
  "gamesplayed": 52314996,
  "gamesplayed_delta": 2.578971463451854,
  "gamesfinished": 37362290,
  "gametime": 7452872450.264879,
  "inputs": 26350203857,
  "piecesplaced": 5832453665
}
