{
  "usercount": 6443146,
  "usercount_delta": 0.19862049041204724,
  "anoncount": 4673207,
  "rankedcount": 51094,
  "replaycount": 8875194,
  "gamesplayed": 426889899,
  "gamesplayed_delta": 5.850276263045755,
  "gamesfinished": 332106037,
  "gametime": 73591402970.30597,
  "inputs": 254889699105,
  "piecesplaced": 58124871326
}
