{
  "usercount": 1063769,
  "usercount_delta": 0.0773799160427911,
  "anoncount": 741436,
  "rankedcount": 15695,
  "replaycount": 1789391,
  "gamesplayed": 54536173,
  "gamesplayed_delta": 2.824366935561875,
  "gamesfinished": 39079319,
  "gametime": 7810977042.137724,
  "inputs": 27519399808,
  "piecesplaced": 6098885414
}
