{
  "usercount": 1111451,
  "usercount_delta": 0.01767783906095319,
  "anoncount": 778245,
  "rankedcount": 16052,
  "replaycount": 1856392,
  "gamesplayed": 56600198,
  "gamesplayed_delta": 2.9521991231791826,
  "gamesfinished": 40693908,
  "gametime": 8146195694.03936,
  "inputs": 28601242804,
  "piecesplaced": 6344827313
}
