{
  "usercount": 929462,
  "usercount_delta": 0.08441383036196651,
  "anoncount": 638044,
  "rankedcount": 14247,
  "replaycount": 1589094,
  "gamesplayed": 48474679,
  "gamesplayed_delta": 2.3298217179902756,
  "gamesfinished": 34408747,
  "gametime": 6844895963.543523,
  "inputs": 24372157499,
  "piecesplaced": 5381688109
}
