{
  "usercount": 786054,
  "usercount_delta": 0.017817371937639197,
  "anoncount": 527254,
  "rankedcount": 13985,
  "replaycount": 1360417,
  "gamesplayed": 42004732,
  "gamesplayed_delta": 2.1202672605790647,
  "gamesfinished": 29438519,
  "gametime": 5823180957.395878,
  "inputs": 21058556997,
  "piecesplaced": 4625652127
}
