{
  "usercount": 3415606,
  "usercount_delta": 0.1443991191653731,
  "anoncount": 2604404,
  "rankedcount": 32104,
  "replaycount": 3914496,
  "gamesplayed": 159791710,
  "gamesplayed_delta": 5.902313995884625,
  "gamesfinished": 124671113,
  "gametime": 26546636452.552296,
  "inputs": 89048996095,
  "piecesplaced": 19952712244
}
