{
  "usercount": 762562,
  "usercount_delta": 0,
  "anoncount": 508806,
  "rankedcount": 13835,
  "replaycount": 1313718,
  "gamesplayed": 40825085,
  "gamesplayed_delta": 2.5148329970183414,
  "gamesfinished": 28547141,
  "gametime": 5636416640.599904,
  "inputs": 20438591755,
  "piecesplaced": 4483636033
}
