{
  "usercount": 9320370,
  "usercount_delta": 0.2395747548102119,
  "anoncount": 7226198,
  "totalaccounts": 13297841,
  "rankedcount": 47578,
  "replaycount": 11812575,
  "gamesplayed": 526641993,
  "gamesplayed_delta": 5.585086471513065,
  "gamesfinished": 410525335,
  "gametime": 91920502209.08183,
  "inputs": 321923383274,
  "piecesplaced": 73751828886
}
