{
  "usercount": 4531071,
  "usercount_delta": 0.08118069198421847,
  "anoncount": 3539644,
  "rankedcount": 40643,
  "replaycount": 5366179,
  "gamesplayed": 203874816,
  "gamesplayed_delta": 6.169732590800604,
  "gamesfinished": 159260316,
  "gametime": 34400737987.18212,
  "inputs": 115931468567,
  "piecesplaced": 26064836117
}
