{
  "usercount": 5532531,
  "usercount_delta": 0.14292656433124662,
  "anoncount": 4380441,
  "rankedcount": 43619,
  "replaycount": 6483035,
  "gamesplayed": 245807569,
  "gamesplayed_delta": 4.65940599719864,
  "gamesfinished": 191631060,
  "gametime": 41771756407.602135,
  "inputs": 141427896825,
  "piecesplaced": 31890928119
}
