{
  "usercount": 831063,
  "usercount_delta": 0.06009525097279187,
  "anoncount": 562507,
  "rankedcount": 14049,
  "replaycount": 1435970,
  "gamesplayed": 44063249,
  "gamesplayed_delta": 2.5840957918300504,
  "gamesfinished": 31007546,
  "gametime": 6148258376.430128,
  "inputs": 22114898003,
  "piecesplaced": 4867351937
}
