{
  "usercount": 735071,
  "usercount_delta": 0.0183864087666397,
  "anoncount": 487158,
  "rankedcount": 13565,
  "replaycount": 1250128,
  "gamesplayed": 39576384,
  "gamesplayed_delta": 2.224755460763404,
  "gamesfinished": 27596779,
  "gametime": 5439092918.5373745,
  "inputs": 19795624563,
  "piecesplaced": 4337430389
}
