{
  "usercount": 796268,
  "usercount_delta": 0.04736717454803821,
  "anoncount": 535439,
  "rankedcount": 14044,
  "replaycount": 1375317,
  "gamesplayed": 42405942,
  "gamesplayed_delta": 2.4157259019499486,
  "gamesfinished": 29743127,
  "gametime": 5886209821.308881,
  "inputs": 21263824162,
  "piecesplaced": 4672695210
}
