{
  "usercount": 5802008,
  "usercount_delta": 0.1141422212076247,
  "anoncount": 4154000,
  "rankedcount": 41672,
  "replaycount": 10095394,
  "gamesplayed": 391673941,
  "gamesplayed_delta": 4.109119963474489,
  "gamesfinished": 304176640,
  "gametime": 67426534176.48518,
  "inputs": 232872971873,
  "piecesplaced": 53015573968
}
