{
  "usercount": 989097,
  "usercount_delta": 0.06091061367443277,
  "anoncount": 683681,
  "rankedcount": 14788,
  "replaycount": 1676320,
  "gamesplayed": 51099983,
  "gamesplayed_delta": 2.6191563880006092,
  "gamesfinished": 36433960,
  "gametime": 7260314297.761398,
  "inputs": 25723695614,
  "piecesplaced": 5689642678
}
