{
  "usercount": 1000263,
  "usercount_delta": 0.07304175066467994,
  "anoncount": 692346,
  "rankedcount": 15004,
  "replaycount": 1694240,
  "gamesplayed": 51630848,
  "gamesplayed_delta": 4.061121336956204,
  "gamesfinished": 36838212,
  "gametime": 7344032464.89108,
  "inputs": 25994800242,
  "piecesplaced": 5751391131
}
