{
  "usercount": 919387,
  "usercount_delta": 0.07026419336706015,
  "anoncount": 630423,
  "rankedcount": 14303,
  "replaycount": 1572954,
  "gamesplayed": 48014655,
  "gamesplayed_delta": 3.3726812816188874,
  "gamesfinished": 34052687,
  "gametime": 6772830793.412418,
  "inputs": 24140334837,
  "piecesplaced": 5329036873
}
