{
  "usercount": 5214664,
  "usercount_delta": 0.19246499542895637,
  "anoncount": 4111337,
  "rankedcount": 42394,
  "replaycount": 6137770,
  "gamesplayed": 233307254,
  "gamesplayed_delta": 5.116361128486424,
  "gamesfinished": 181903281,
  "gametime": 39570221900.69935,
  "inputs": 133781106042,
  "piecesplaced": 30146630780
}
