{
  "usercount": 2911970,
  "usercount_delta": 0.08460666362082678,
  "anoncount": 2191616,
  "rankedcount": 29885,
  "replaycount": 4292355,
  "gamesplayed": 138002012,
  "gamesplayed_delta": 6.616241095148654,
  "gamesfinished": 107043375,
  "gametime": 22632441244.048958,
  "inputs": 75943503755,
  "piecesplaced": 16983945498
}
