{
  "usercount": 1079808,
  "usercount_delta": 0.09672489505348887,
  "anoncount": 753803,
  "rankedcount": 15898,
  "replaycount": 1812682,
  "gamesplayed": 55282990,
  "gamesplayed_delta": 3.0371617046795505,
  "gamesfinished": 39658581,
  "gametime": 7932754107.601076,
  "inputs": 27912612164,
  "piecesplaced": 6188473549
}
