{
  "usercount": 1136771,
  "usercount_delta": 0.06291682395872657,
  "anoncount": 798193,
  "rankedcount": 16186,
  "replaycount": 1891545,
  "gamesplayed": 57665159,
  "gamesplayed_delta": 2.2492764565244747,
  "gamesfinished": 41532463,
  "gametime": 8318423416.506273,
  "inputs": 29152501797,
  "piecesplaced": 6469793343
}
