{
  "usercount": 946771,
  "usercount_delta": 0.09168844267180123,
  "anoncount": 651250,
  "rankedcount": 14234,
  "replaycount": 1613817,
  "gamesplayed": 49177281,
  "gamesplayed_delta": 4.385763841134493,
  "gamesfinished": 34952575,
  "gametime": 6956862348.561253,
  "inputs": 24733016332,
  "piecesplaced": 5463554135
}
