{
  "usercount": 759240,
  "usercount_delta": 0.018738171529222178,
  "anoncount": 506167,
  "rankedcount": 13882,
  "replaycount": 1306758,
  "gamesplayed": 40668792,
  "gamesplayed_delta": 1.7051736091592182,
  "gamesfinished": 28427170,
  "gametime": 5611664142.216341,
  "inputs": 20357352678,
  "piecesplaced": 4465069660
}
