{
  "usercount": 7888797,
  "usercount_delta": 0.10883422992008458,
  "anoncount": 5948054,
  "totalaccounts": 11831540,
  "rankedcount": 49872,
  "replaycount": 10550413,
  "gamesplayed": 478639134,
  "gamesplayed_delta": 4.2289872197518585,
  "gamesfinished": 373194189,
  "gametime": 83228547416.42778,
  "inputs": 289955821591,
  "piecesplaced": 66278968756
}
