{
  "usercount": 821593,
  "usercount_delta": 0.03747774758737,
  "anoncount": 555177,
  "rankedcount": 13990,
  "replaycount": 1420676,
  "gamesplayed": 43627153,
  "gamesplayed_delta": 2.2486648552422,
  "gamesfinished": 30672730,
  "gametime": 6079625110.29424,
  "inputs": 21893213337,
  "piecesplaced": 4816824738
}
