{
  "usercount": 9068783,
  "usercount_delta": 0.09202595131827175,
  "anoncount": 6715420,
  "totalaccounts": 15744544,
  "rankedcount": 51688,
  "replaycount": 13005540,
  "gamesplayed": 607200706,
  "gamesplayed_delta": 4.049141858003957,
  "gamesfinished": 472288667,
  "gametime": 106748196703.36824,
  "inputs": 376355140810,
  "piecesplaced": 86464598447
}
