{
  "usercount": 923891,
  "usercount_delta": 0.0506482982171799,
  "anoncount": 633821,
  "rankedcount": 14284,
  "replaycount": 1580233,
  "gamesplayed": 48211819,
  "gamesplayed_delta": 3.798622366288493,
  "gamesfinished": 34205480,
  "gametime": 6804103138.714522,
  "inputs": 24239893662,
  "piecesplaced": 5351639939
}
