{
  "usercount": 1582149,
  "usercount_delta": 0.16672780019340425,
  "anoncount": 1140473,
  "rankedcount": 22280,
  "replaycount": 2503204,
  "gamesplayed": 75422190,
  "gamesplayed_delta": 4.184867784854447,
  "gamesfinished": 55884514,
  "gametime": 11325611188.524197,
  "inputs": 38656419942,
  "piecesplaced": 8602774291
}
