{
  "usercount": 9524705,
  "usercount_delta": 0.2249212775528565,
  "anoncount": 7084117,
  "totalaccounts": 16598979,
  "rankedcount": 54215,
  "replaycount": 13778276,
  "gamesplayed": 636375117,
  "gamesplayed_delta": 4.643017800912538,
  "gamesfinished": 494683080,
  "gametime": 112169352242.54832,
  "inputs": 396250114813,
  "piecesplaced": 91099659340
}
