{
  "usercount": 828677,
  "usercount_delta": 0.15023812743197967,
  "anoncount": 560725,
  "rankedcount": 13939,
  "replaycount": 1432474,
  "gamesplayed": 43957973,
  "gamesplayed_delta": 2.73433391926203,
  "gamesfinished": 30925544,
  "gametime": 6131309759.991383,
  "inputs": 22061090110,
  "piecesplaced": 4855086822
}
