{
  "usercount": 1048386,
  "usercount_delta": 0.019540409566984523,
  "anoncount": 729530,
  "rankedcount": 15708,
  "replaycount": 1767620,
  "gamesplayed": 53870729,
  "gamesplayed_delta": 2.950601844614663,
  "gamesfinished": 38560883,
  "gametime": 7702960100.581048,
  "inputs": 27169376385,
  "piecesplaced": 6019332784
}
