{
  "usercount": 8344463,
  "usercount_delta": 0.16996107891292894,
  "anoncount": 6804389,
  "rankedcount": 42027,
  "replaycount": 9307209,
  "gamesplayed": 359390723,
  "gamesplayed_delta": 5.234801230518211,
  "gamesfinished": 278894090,
  "gametime": 61677334685.335884,
  "inputs": 212119554955,
  "piecesplaced": 48223101021
}
