{
  "usercount": 2043973,
  "usercount_delta": 0.23885350318471338,
  "anoncount": 1500403,
  "rankedcount": 30808,
  "replaycount": 3159791,
  "gamesplayed": 95057640,
  "gamesplayed_delta": 7.046178343949045,
  "gamesfinished": 72173111,
  "gametime": 14889558689.870863,
  "inputs": 50165118976,
  "piecesplaced": 11151659679
}
