{
  "usercount": 1015056,
  "usercount_delta": 0.0949231913176921,
  "anoncount": 703812,
  "rankedcount": 15182,
  "replaycount": 1719178,
  "gamesplayed": 52372771,
  "gamesplayed_delta": 1.9617459538989699,
  "gamesfinished": 37406350,
  "gametime": 7462101668.69721,
  "inputs": 26381021576,
  "piecesplaced": 5839480104
}
