{
  "usercount": 769842,
  "usercount_delta": 0.055279159756771695,
  "anoncount": 514516,
  "rankedcount": 13996,
  "replaycount": 1329414,
  "gamesplayed": 41181716,
  "gamesplayed_delta": 2.0637552975861433,
  "gamesfinished": 28815063,
  "gametime": 5692395108.631694,
  "inputs": 20625291978,
  "piecesplaced": 4526449459
}
