{
  "usercount": 1059064,
  "usercount_delta": 0.05688497857332474,
  "anoncount": 737745,
  "rankedcount": 15696,
  "replaycount": 1782668,
  "gamesplayed": 54322583,
  "gamesplayed_delta": 2.8252872691417954,
  "gamesfinished": 38913113,
  "gametime": 7775997140.86471,
  "inputs": 27405043795,
  "piecesplaced": 6072742375
}
