{
  "usercount": 787071,
  "usercount_delta": 0.030984213543199735,
  "anoncount": 528025,
  "rankedcount": 13892,
  "replaycount": 1362451,
  "gamesplayed": 42060785,
  "gamesplayed_delta": 1.4562580365303877,
  "gamesfinished": 29480841,
  "gametime": 5831912467.880365,
  "inputs": 21087277948,
  "piecesplaced": 4632253653
}
