{
  "usercount": 1213272,
  "usercount_delta": 0.09437078280564337,
  "anoncount": 856287,
  "rankedcount": 16997,
  "replaycount": 1984474,
  "gamesplayed": 60340150,
  "gamesplayed_delta": 4.545526038471823,
  "gamesfinished": 43683517,
  "gametime": 8759532719.874674,
  "inputs": 30526327466,
  "piecesplaced": 6778106255
}
