{
  "usercount": 768729,
  "usercount_delta": 0.07495409061949555,
  "anoncount": 513651,
  "rankedcount": 13943,
  "replaycount": 1326778,
  "gamesplayed": 41117431,
  "gamesplayed_delta": 2.585916126372597,
  "gamesfinished": 28766725,
  "gametime": 5682495587.3390875,
  "inputs": 20592053282,
  "piecesplaced": 4518814736
}
