{
  "usercount": 3741748,
  "usercount_delta": 0.15018961438816505,
  "anoncount": 2877137,
  "rankedcount": 35091,
  "replaycount": 4374899,
  "gamesplayed": 171785680,
  "gamesplayed_delta": 7.11523298163932,
  "gamesfinished": 134236952,
  "gametime": 28694192995.108425,
  "inputs": 96310137715,
  "piecesplaced": 21597539226
}
