{
  "usercount": 828453,
  "usercount_delta": 0.0458428202503018,
  "anoncount": 560549,
  "rankedcount": 13928,
  "replaycount": 1432108,
  "gamesplayed": 43947668,
  "gamesplayed_delta": 2.506074173683165,
  "gamesfinished": 30917623,
  "gametime": 6129734754.202578,
  "inputs": 22055990176,
  "piecesplaced": 4853927149
}
