{
  "usercount": 887253,
  "usercount_delta": 0.08599438170039557,
  "anoncount": 606155,
  "rankedcount": 14316,
  "replaycount": 1524728,
  "gamesplayed": 46644335,
  "gamesplayed_delta": 2.2501863211603506,
  "gamesfinished": 32991297,
  "gametime": 6555159077.930034,
  "inputs": 23433319984,
  "piecesplaced": 5167950769
}
