{
  "usercount": 761808,
  "usercount_delta": 0.01842604706012419,
  "anoncount": 508220,
  "rankedcount": 13973,
  "replaycount": 1311672,
  "gamesplayed": 40782372,
  "gamesplayed_delta": 1.0134325883068305,
  "gamesfinished": 28515253,
  "gametime": 5629745168.273445,
  "inputs": 20415957659,
  "piecesplaced": 4478430732
}
