{
  "usercount": 8208903,
  "usercount_delta": 0.09225375934069313,
  "anoncount": 6229220,
  "totalaccounts": 12160301,
  "rankedcount": 44809,
  "replaycount": 10880652,
  "gamesplayed": 491400083,
  "gamesplayed_delta": 4.07454103754728,
  "gamesfinished": 383047754,
  "gametime": 85578508643.5403,
  "inputs": 298705929643,
  "piecesplaced": 68337647364
}
