{
  "usercount": 1230784,
  "usercount_delta": 0.03535630314494317,
  "anoncount": 869800,
  "rankedcount": 17268,
  "replaycount": 2010027,
  "gamesplayed": 61102589,
  "gamesplayed_delta": 3.9952622553785777,
  "gamesfinished": 44292798,
  "gametime": 8886914741.451006,
  "inputs": 30933483110,
  "piecesplaced": 6869943016
}
