{
  "usercount": 731240,
  "usercount_delta": 0.14600884813619705,
  "anoncount": 484116,
  "rankedcount": 13434,
  "replaycount": 1239255,
  "gamesplayed": 39423474,
  "gamesplayed_delta": 3.504212355268729,
  "gamesfinished": 27479476,
  "gametime": 5415486543.153724,
  "inputs": 19719388461,
  "piecesplaced": 4320204541
}
