{
  "usercount": 1107537,
  "usercount_delta": 0.09672115291614276,
  "anoncount": 775256,
  "rankedcount": 16064,
  "replaycount": 1850555,
  "gamesplayed": 56418573,
  "gamesplayed_delta": 2.80491343456814,
  "gamesfinished": 40550998,
  "gametime": 8116620258.123186,
  "inputs": 28504996820,
  "piecesplaced": 6322879138
}
