{
  "usercount": 3368262,
  "usercount_delta": 0.1126422107911238,
  "anoncount": 2565261,
  "rankedcount": 31865,
  "replaycount": 3827465,
  "gamesplayed": 157898264,
  "gamesplayed_delta": 3.660871850711523,
  "gamesfinished": 123156597,
  "gametime": 26204420758.487656,
  "inputs": 87893655271,
  "piecesplaced": 19690138590
}
