{
  "usercount": 738404,
  "usercount_delta": 0.01838674683288286,
  "anoncount": 489769,
  "rankedcount": 13689,
  "replaycount": 1259761,
  "gamesplayed": 39729123,
  "gamesplayed_delta": 2.427050581940537,
  "gamesfinished": 27712838,
  "gametime": 5462917658.95106,
  "inputs": 19873221985,
  "piecesplaced": 4355082819
}
