{
  "usercount": 1591624,
  "usercount_delta": 0.13104442405975625,
  "anoncount": 1147991,
  "rankedcount": 22407,
  "replaycount": 2516383,
  "gamesplayed": 75839280,
  "gamesplayed_delta": 4.586554842091469,
  "gamesfinished": 56229855,
  "gametime": 11400612536.018373,
  "inputs": 38899333633,
  "piecesplaced": 8656812572
}
