{
  "usercount": 1018384,
  "usercount_delta": 0.13146938954380122,
  "anoncount": 706430,
  "rankedcount": 15165,
  "replaycount": 1724334,
  "gamesplayed": 52526086,
  "gamesplayed_delta": 3.0384036694567396,
  "gamesfinished": 37525265,
  "gametime": 7486686554.538107,
  "inputs": 26460095164,
  "piecesplaced": 5857342997
}
