{
  "usercount": 920378,
  "usercount_delta": 0.1012965964343598,
  "anoncount": 631162,
  "rankedcount": 14348,
  "replaycount": 1574983,
  "gamesplayed": 48061989,
  "gamesplayed_delta": 3.2246083198271207,
  "gamesfinished": 34089213,
  "gametime": 6780313093.292151,
  "inputs": 24164007932,
  "piecesplaced": 5334344937
}
