{
  "usercount": 924973,
  "usercount_delta": 0.030561880166867863,
  "anoncount": 634680,
  "rankedcount": 14325,
  "replaycount": 1582363,
  "gamesplayed": 48268720,
  "gamesplayed_delta": 3.6827065601075777,
  "gamesfinished": 34249520,
  "gametime": 6812747044.936856,
  "inputs": 24268519708,
  "piecesplaced": 5358172500
}
