{
  "usercount": 2640710,
  "usercount_delta": 0.12964493493444829,
  "anoncount": 1974410,
  "rankedcount": 29108,
  "replaycount": 3970175,
  "gamesplayed": 125771109,
  "gamesplayed_delta": 3.257328990228013,
  "gamesfinished": 97046425,
  "gametime": 20423189859.45496,
  "inputs": 68653902949,
  "piecesplaced": 15338838516
}
