{
  "usercount": 1072558,
  "usercount_delta": 0.1172401664810364,
  "anoncount": 748192,
  "rankedcount": 15844,
  "replaycount": 1801910,
  "gamesplayed": 54955097,
  "gamesplayed_delta": 3.165484494987983,
  "gamesfinished": 39404185,
  "gametime": 7879525906.7197075,
  "inputs": 27740890446,
  "piecesplaced": 6149491607
}
