{
  "usercount": 1261837,
  "usercount_delta": 0.09672676623075137,
  "anoncount": 893943,
  "rankedcount": 17788,
  "replaycount": 2052225,
  "gamesplayed": 62297492,
  "gamesplayed_delta": 3.5401996440455004,
  "gamesfinished": 45255533,
  "gametime": 9085344858.30866,
  "inputs": 31559687169,
  "piecesplaced": 7010586271
}
