{
  "usercount": 9091480,
  "usercount_delta": 0.1782848992690319,
  "anoncount": 6733419,
  "totalaccounts": 15791374,
  "rankedcount": 51704,
  "replaycount": 13047883,
  "gamesplayed": 608752971,
  "gamesplayed_delta": 4.564093421287216,
  "gamesfinished": 473492835,
  "gametime": 107042033094.79715,
  "inputs": 377434060944,
  "piecesplaced": 86715788862
}
