{
  "usercount": 1025888,
  "usercount_delta": 0,
  "anoncount": 712214,
  "rankedcount": 15315,
  "replaycount": 1735411,
  "gamesplayed": 52876972,
  "gamesplayed_delta": 2.623650089711906,
  "gamesfinished": 37796561,
  "gametime": 7543998696.576613,
  "inputs": 26647751563,
  "piecesplaced": 5900155385
}
