{
  "usercount": 2954875,
  "usercount_delta": 0.20109519537171675,
  "anoncount": 2226675,
  "rankedcount": 29993,
  "replaycount": 4337128,
  "gamesplayed": 139848731,
  "gamesplayed_delta": 4.130185935711413,
  "gamesfinished": 108554460,
  "gametime": 22967001967.917393,
  "inputs": 77043892579,
  "piecesplaced": 17232810675
}
