{
  "usercount": 965056,
  "usercount_delta": 0,
  "anoncount": 665118,
  "rankedcount": 14649,
  "replaycount": 1639343,
  "gamesplayed": 49994142,
  "gamesplayed_delta": 2.8963550485696463,
  "gamesfinished": 35579860,
  "gametime": 7085148550.576994,
  "inputs": 25153490439,
  "piecesplaced": 5559603015
}
