{
  "usercount": 1068869,
  "usercount_delta": 0,
  "anoncount": 745364,
  "rankedcount": 15888,
  "replaycount": 1796513,
  "gamesplayed": 54780961,
  "gamesplayed_delta": 2.1884831076460127,
  "gamesfinished": 39269687,
  "gametime": 7851545121.697421,
  "inputs": 27649723786,
  "piecesplaced": 6128678305
}
