{
  "usercount": 5278693,
  "usercount_delta": 0.198068074473596,
  "anoncount": 4165053,
  "rankedcount": 42312,
  "replaycount": 6213166,
  "gamesplayed": 235938877,
  "gamesplayed_delta": 6.76478654355974,
  "gamesfinished": 183945537,
  "gametime": 40033849270.65281,
  "inputs": 135400056948,
  "piecesplaced": 30516205682
}
