{
  "usercount": 2237848,
  "usercount_delta": 0.10379134973236659,
  "anoncount": 1654291,
  "rankedcount": 32190,
  "replaycount": 3440448,
  "gamesplayed": 105023577,
  "gamesplayed_delta": 4.996812122829649,
  "gamesfinished": 80305598,
  "gametime": 16692493728.287483,
  "inputs": 56140657539,
  "piecesplaced": 12493748127
}
