{
  "usercount": 5027355,
  "usercount_delta": 0.2655212807497071,
  "anoncount": 3954268,
  "rankedcount": 42529,
  "replaycount": 5975659,
  "gamesplayed": 225829259,
  "gamesplayed_delta": 5.232331120655993,
  "gamesfinished": 176223609,
  "gametime": 38278754153.86503,
  "inputs": 129328369433,
  "piecesplaced": 29128801363
}
