{
  "usercount": 958331,
  "usercount_delta": 0.01951371814385513,
  "anoncount": 659915,
  "rankedcount": 14591,
  "replaycount": 1629214,
  "gamesplayed": 49693181,
  "gamesplayed_delta": 3.902743628771026,
  "gamesfinished": 35349617,
  "gametime": 7038024290.30185,
  "inputs": 24999312903,
  "piecesplaced": 5524463681
}
