{
  "usercount": 8610470,
  "usercount_delta": 0.147237457209114,
  "anoncount": 6430720,
  "totalaccounts": 14141540,
  "rankedcount": 49996,
  "replaycount": 11470919,
  "gamesplayed": 553925385,
  "gamesplayed_delta": 4.067434755401774,
  "gamesfinished": 431561483,
  "gametime": 96893488833.46791,
  "inputs": 340204845701,
  "piecesplaced": 78025207383
}
