{
  "usercount": 1051878,
  "usercount_delta": 0.09770204783492262,
  "anoncount": 732217,
  "rankedcount": 15651,
  "replaycount": 1772866,
  "gamesplayed": 54017323,
  "gamesplayed_delta": 3.478192902923245,
  "gamesfinished": 38674689,
  "gametime": 7726571981.035459,
  "inputs": 27245888438,
  "piecesplaced": 6036639925
}
