{
  "usercount": 882319,
  "usercount_delta": 0.04584492191081634,
  "anoncount": 602314,
  "rankedcount": 14323,
  "replaycount": 1516725,
  "gamesplayed": 46410571,
  "gamesplayed_delta": 2.429780861273266,
  "gamesfinished": 32810747,
  "gametime": 6519086790.530607,
  "inputs": 23316049858,
  "piecesplaced": 5141285408
}
