{
  "usercount": 772878,
  "usercount_delta": 0.04517800132522137,
  "anoncount": 516908,
  "rankedcount": 13932,
  "replaycount": 1335151,
  "gamesplayed": 41332137,
  "gamesplayed_delta": 3.011866755014758,
  "gamesfinished": 28928594,
  "gametime": 5716500436.636627,
  "inputs": 20704899505,
  "piecesplaced": 4544626031
}
