{
  "usercount": 4587828,
  "usercount_delta": 0.09218289085545722,
  "anoncount": 3586284,
  "rankedcount": 41401,
  "replaycount": 5441203,
  "gamesplayed": 206555779,
  "gamesplayed_delta": 5.125368731563421,
  "gamesfinished": 161335894,
  "gametime": 34877275506.88967,
  "inputs": 117574232669,
  "piecesplaced": 26439745167
}
