{
  "usercount": 902634,
  "usercount_delta": 0.04299657460622304,
  "anoncount": 618190,
  "rankedcount": 14336,
  "replaycount": 1548450,
  "gamesplayed": 47363112,
  "gamesplayed_delta": 3.1674143293250974,
  "gamesfinished": 33547641,
  "gametime": 6669200834.355402,
  "inputs": 23803160544,
  "piecesplaced": 5252174373
}
