{
  "usercount": 990050,
  "usercount_delta": 0.019172881875874764,
  "anoncount": 684399,
  "rankedcount": 14822,
  "replaycount": 1677854,
  "gamesplayed": 51147882,
  "gamesplayed_delta": 2.1473627700979736,
  "gamesfinished": 36470782,
  "gametime": 7267859348.404704,
  "inputs": 25748406736,
  "piecesplaced": 5695313180
}
