{
  "usercount": 1112416,
  "usercount_delta": 0,
  "anoncount": 778973,
  "rankedcount": 16087,
  "replaycount": 1858030,
  "gamesplayed": 56647915,
  "gamesplayed_delta": 2.12137818869659,
  "gamesfinished": 40731389,
  "gametime": 8154143607.492514,
  "inputs": 28627266100,
  "piecesplaced": 6350742766
}
