{
  "usercount": 802917,
  "usercount_delta": 0.017734584212673134,
  "anoncount": 540639,
  "rankedcount": 13910,
  "replaycount": 1387417,
  "gamesplayed": 42727609,
  "gamesplayed_delta": 3.1922251582811643,
  "gamesfinished": 29989330,
  "gametime": 5937567502.530291,
  "inputs": 21431371727,
  "piecesplaced": 4711247472
}
