{
  "usercount": 1105754,
  "usercount_delta": 0.09672676623075137,
  "anoncount": 773848,
  "rankedcount": 15987,
  "replaycount": 1847455,
  "gamesplayed": 56333562,
  "gamesplayed_delta": 3.2887100518455465,
  "gamesfinished": 40485043,
  "gametime": 8102700569.45456,
  "inputs": 28459268440,
  "piecesplaced": 6312451240
}
