{
  "usercount": 770655,
  "usercount_delta": 0.06196842708639947,
  "anoncount": 515165,
  "rankedcount": 13851,
  "replaycount": 1330879,
  "gamesplayed": 41218147,
  "gamesplayed_delta": 2.0294659870795826,
  "gamesfinished": 28843308,
  "gametime": 5698450467.847193,
  "inputs": 20645092710,
  "piecesplaced": 4530956605
}
