{
  "usercount": 1048586,
  "usercount_delta": 0.11724474841231071,
  "anoncount": 729674,
  "rankedcount": 15715,
  "replaycount": 1767911,
  "gamesplayed": 53879788,
  "gamesplayed_delta": 2.9506595017098194,
  "gamesfinished": 38567925,
  "gametime": 7704384591.509825,
  "inputs": 27174123486,
  "piecesplaced": 6020419362
}
