{
  "usercount": 1046682,
  "usercount_delta": 0.0786460299484082,
  "anoncount": 728200,
  "rankedcount": 15646,
  "replaycount": 1764958,
  "gamesplayed": 53791551,
  "gamesplayed_delta": 2.4222977224109727,
  "gamesfinished": 38498641,
  "gametime": 7690261413.7408495,
  "inputs": 27127760643,
  "piecesplaced": 6009831488
}
