{
  "usercount": 889000,
  "usercount_delta": 0.13521228328475707,
  "anoncount": 607482,
  "rankedcount": 14206,
  "replaycount": 1527058,
  "gamesplayed": 46722263,
  "gamesplayed_delta": 3.185000450707611,
  "gamesfinished": 33052474,
  "gametime": 6567649645.749828,
  "inputs": 23473698815,
  "piecesplaced": 5177200147
}
