{
  "usercount": 831187,
  "usercount_delta": 0.015059787355802537,
  "anoncount": 562602,
  "rankedcount": 14058,
  "replaycount": 1436265,
  "gamesplayed": 44072140,
  "gamesplayed_delta": 2.5601638504864312,
  "gamesfinished": 31014235,
  "gametime": 6149692606.612682,
  "inputs": 22119542724,
  "piecesplaced": 4868415175
}
