{
  "usercount": 946038,
  "usercount_delta": 0.06753334458889076,
  "anoncount": 650714,
  "rankedcount": 14208,
  "replaycount": 1612871,
  "gamesplayed": 49145415,
  "gamesplayed_delta": 2.903933817322303,
  "gamesfinished": 34927476,
  "gametime": 6951841056.394997,
  "inputs": 24717265010,
  "piecesplaced": 5459966103
}
