{
  "usercount": 869461,
  "usercount_delta": 0.11243113592924334,
  "anoncount": 592389,
  "rankedcount": 14223,
  "replaycount": 1496465,
  "gamesplayed": 45822378,
  "gamesplayed_delta": 3.110594760709066,
  "gamesfinished": 32356253,
  "gametime": 6426160845.613405,
  "inputs": 23014612049,
  "piecesplaced": 5072577109
}
