{
  "usercount": 1047122,
  "usercount_delta": 0.09511881925839027,
  "anoncount": 728552,
  "rankedcount": 15665,
  "replaycount": 1765669,
  "gamesplayed": 53810920,
  "gamesplayed_delta": 5.136416239953075,
  "gamesfinished": 38513931,
  "gametime": 7693382471.957563,
  "inputs": 27137854152,
  "piecesplaced": 6012140046
}
