{
  "usercount": 2177558,
  "usercount_delta": 0.13870694305309392,
  "anoncount": 1606382,
  "rankedcount": 32231,
  "replaycount": 3353521,
  "gamesplayed": 101850679,
  "gamesplayed_delta": 5.455806426755028,
  "gamesfinished": 77726763,
  "gametime": 16122523376.04312,
  "inputs": 54231253858,
  "piecesplaced": 12062803981
}
