{
  "usercount": 9623857,
  "usercount_delta": 0.2607361963190184,
  "anoncount": 7143684,
  "totalaccounts": 16988180,
  "rankedcount": 49560,
  "replaycount": 14134440,
  "gamesplayed": 651764567,
  "gamesplayed_delta": 5.460122699386503,
  "gamesfinished": 506231207,
  "gametime": 115041131444.54237,
  "inputs": 407134328715,
  "piecesplaced": 93674645782
}
