{
  "usercount": 823877,
  "usercount_delta": 0.05621451458766654,
  "anoncount": 556966,
  "rankedcount": 13909,
  "replaycount": 1424777,
  "gamesplayed": 43736672,
  "gamesplayed_delta": 2.192366068918995,
  "gamesfinished": 30754639,
  "gametime": 6096366581.637974,
  "inputs": 21947159562,
  "piecesplaced": 4829138073
}
