{
  "usercount": 1029836,
  "usercount_delta": 0.05862122870095357,
  "anoncount": 715257,
  "rankedcount": 15319,
  "replaycount": 1741840,
  "gamesplayed": 53083519,
  "gamesplayed_delta": 3.439112083789276,
  "gamesfinished": 37954279,
  "gametime": 7576972185.281784,
  "inputs": 26755936815,
  "piecesplaced": 5924907791
}
