{
  "usercount": 9579135,
  "usercount_delta": 0.09765625,
  "anoncount": 7119123,
  "totalaccounts": 16792956,
  "rankedcount": 52434,
  "replaycount": 13954137,
  "gamesplayed": 643693517,
  "gamesplayed_delta": 5.240885416666667,
  "gamesfinished": 500200079,
  "gametime": 113529746137.37296,
  "inputs": 401327723756,
  "piecesplaced": 92294021863
}
