{
  "usercount": 809061,
  "usercount_delta": 0.09035736337213679,
  "anoncount": 545364,
  "rankedcount": 13866,
  "replaycount": 1398825,
  "gamesplayed": 43035366,
  "gamesplayed_delta": 1.4607773745162116,
  "gamesfinished": 30221582,
  "gametime": 5986276198.963084,
  "inputs": 21590109694,
  "piecesplaced": 4747586159
}
