{
  "usercount": 1147819,
  "usercount_delta": 0.05688282138794084,
  "anoncount": 806682,
  "rankedcount": 16291,
  "replaycount": 1905322,
  "gamesplayed": 58076683,
  "gamesplayed_delta": 3.3750474023511563,
  "gamesfinished": 41860017,
  "gametime": 8384988239.687862,
  "inputs": 29361995231,
  "piecesplaced": 6516954316
}
