{
  "usercount": 963121,
  "usercount_delta": 0.16030265140585426,
  "anoncount": 663641,
  "rankedcount": 14572,
  "replaycount": 1636734,
  "gamesplayed": 49908359,
  "gamesplayed_delta": 3.9594754897246003,
  "gamesfinished": 35513642,
  "gametime": 7071798914.007863,
  "inputs": 25109543156,
  "piecesplaced": 5549560409
}
