{
  "usercount": 1180736,
  "usercount_delta": 0.07815552950371239,
  "anoncount": 831253,
  "rankedcount": 16601,
  "replaycount": 1944097,
  "gamesplayed": 59166902,
  "gamesplayed_delta": 3.008987885892927,
  "gamesfinished": 42738534,
  "gametime": 8566273650.967205,
  "inputs": 29926657563,
  "piecesplaced": 6644078461
}
