{
  "usercount": 5424569,
  "usercount_delta": 0.13169591413426399,
  "anoncount": 4289274,
  "rankedcount": 43089,
  "replaycount": 6364011,
  "gamesplayed": 241484055,
  "gamesplayed_delta": 4.806900865900635,
  "gamesfinished": 188281042,
  "gametime": 41010091847.39803,
  "inputs": 138762488731,
  "piecesplaced": 31281566719
}
