{
  "usercount": 7616737,
  "usercount_delta": 0.014354204346453077,
  "anoncount": 5709810,
  "totalaccounts": 11552111,
  "rankedcount": 56445,
  "replaycount": 10258673,
  "gamesplayed": 468050804,
  "gamesplayed_delta": 3.7320931300778,
  "gamesfinished": 364962250,
  "gametime": 81238685107.75517,
  "inputs": 282548053514,
  "piecesplaced": 64542735795
}
