{
  "usercount": 922275,
  "usercount_delta": 0.04299534217126478,
  "anoncount": 632559,
  "rankedcount": 14216,
  "replaycount": 1577955,
  "gamesplayed": 48138535,
  "gamesplayed_delta": 2.88068792547474,
  "gamesfinished": 34147464,
  "gametime": 6792349135.715971,
  "inputs": 24201861690,
  "piecesplaced": 5342976117
}
