{
  "usercount": 1033723,
  "usercount_delta": 0.01572871118940514,
  "anoncount": 718363,
  "rankedcount": 15321,
  "replaycount": 1747809,
  "gamesplayed": 53277928,
  "gamesplayed_delta": 3.303029349775079,
  "gamesfinished": 38102239,
  "gametime": 7608062198.606651,
  "inputs": 26859465295,
  "piecesplaced": 5948584864
}
