{
  "usercount": 844984,
  "usercount_delta": 0.01986807597552253,
  "anoncount": 573301,
  "rankedcount": 14047,
  "replaycount": 1458722,
  "gamesplayed": 44724331,
  "gamesplayed_delta": 1.768258761821505,
  "gamesfinished": 31510741,
  "gametime": 6252217657.2687025,
  "inputs": 22454979111,
  "piecesplaced": 4945099909
}
