{
  "usercount": 766923,
  "usercount_delta": 0.046476320314799605,
  "anoncount": 512210,
  "rankedcount": 13868,
  "replaycount": 1323110,
  "gamesplayed": 41033710,
  "gamesplayed_delta": 2.4167686563695794,
  "gamesfinished": 28703787,
  "gametime": 5669388847.032152,
  "inputs": 20548463856,
  "piecesplaced": 4508840596
}
