{
  "usercount": 1215191,
  "usercount_delta": 0.097700138734197,
  "anoncount": 857775,
  "rankedcount": 17080,
  "replaycount": 1987252,
  "gamesplayed": 60431568,
  "gamesplayed_delta": 3.0091642730132677,
  "gamesfinished": 43755913,
  "gametime": 8774919385.58947,
  "inputs": 30575985938,
  "piecesplaced": 6789393043
}
