{
  "usercount": 939764,
  "usercount_delta": 0.08441383036196651,
  "anoncount": 645952,
  "rankedcount": 14215,
  "replaycount": 1604155,
  "gamesplayed": 48889013,
  "gamesplayed_delta": 2.2116423554835225,
  "gamesfinished": 34728238,
  "gametime": 6910287805.543706,
  "inputs": 24582675983,
  "piecesplaced": 5429323368
}
