{
  "usercount": 8493321,
  "usercount_delta": 0.14711507341042163,
  "anoncount": 6327212,
  "totalaccounts": 14021592,
  "rankedcount": 51495,
  "replaycount": 11345966,
  "gamesplayed": 549823219,
  "gamesplayed_delta": 4.531144261040986,
  "gamesfinished": 428429948,
  "gametime": 96127095674.06015,
  "inputs": 337361094175,
  "piecesplaced": 77357259584
}
