{
  "usercount": 925218,
  "usercount_delta": 0.11921082434285032,
  "anoncount": 634852,
  "rankedcount": 14335,
  "replaycount": 1582748,
  "gamesplayed": 48279845,
  "gamesplayed_delta": 3.0994814329141085,
  "gamesfinished": 34258038,
  "gametime": 6814366055.606864,
  "inputs": 24273841081,
  "piecesplaced": 5359382194
}
