{
  "usercount": 964262,
  "usercount_delta": 0.10080499992799642,
  "anoncount": 664483,
  "rankedcount": 14610,
  "replaycount": 1638120,
  "gamesplayed": 49956457,
  "gamesplayed_delta": 2.4769228553736267,
  "gamesfinished": 35551276,
  "gametime": 7079319859.402701,
  "inputs": 25133843129,
  "piecesplaced": 5555107224
}
