{
  "usercount": 916669,
  "usercount_delta": 0.05621451458766654,
  "anoncount": 628362,
  "rankedcount": 14197,
  "replaycount": 1568860,
  "gamesplayed": 47900252,
  "gamesplayed_delta": 3.316656360672326,
  "gamesfinished": 33963132,
  "gametime": 6754300364.4235,
  "inputs": 24080393144,
  "piecesplaced": 5315431022
}
