{
  "usercount": 783953,
  "usercount_delta": 0.04517664066500015,
  "anoncount": 525594,
  "rankedcount": 13901,
  "replaycount": 1356683,
  "gamesplayed": 41905657,
  "gamesplayed_delta": 3.0870704454416766,
  "gamesfinished": 29362351,
  "gametime": 5807230030.833902,
  "inputs": 21006036727,
  "piecesplaced": 4613654852
}
