{
  "usercount": 8316012,
  "usercount_delta": 0.2933949462720505,
  "anoncount": 6781308,
  "rankedcount": 42076,
  "replaycount": 9271661,
  "gamesplayed": 357962660,
  "gamesplayed_delta": 3.190670040708549,
  "gamesfinished": 277765273,
  "gametime": 61428230829.02055,
  "inputs": 211247250346,
  "piecesplaced": 48022368322
}
