{
  "usercount": 8915724,
  "usercount_delta": 0.11937447773665989,
  "anoncount": 6697347,
  "totalaccounts": 14455366,
  "rankedcount": 49740,
  "replaycount": 11806991,
  "gamesplayed": 564452029,
  "gamesplayed_delta": 5.320691007691127,
  "gamesfinished": 439555208,
  "gametime": 98833105707.7868,
  "inputs": 347306075422,
  "piecesplaced": 79683461868
}
