{
  "usercount": 793683,
  "usercount_delta": 0.03157761778451434,
  "anoncount": 533384,
  "rankedcount": 13932,
  "replaycount": 1370331,
  "gamesplayed": 42276881,
  "gamesplayed_delta": 1.8472906403940887,
  "gamesfinished": 29645524,
  "gametime": 5865907688.866736,
  "inputs": 21196745978,
  "piecesplaced": 4657275503
}
