{
  "usercount": 2745308,
  "usercount_delta": 0.09867122747006973,
  "anoncount": 2057243,
  "rankedcount": 29005,
  "replaycount": 4096024,
  "gamesplayed": 130643259,
  "gamesplayed_delta": 5.657150374950664,
  "gamesfinished": 100997916,
  "gametime": 21294165234.591175,
  "inputs": 71538297559,
  "piecesplaced": 15990624971
}
