{
  "usercount": 9007140,
  "usercount_delta": 0.21158854166666669,
  "anoncount": 6777415,
  "totalaccounts": 14549280,
  "rankedcount": 49553,
  "replaycount": 11911080,
  "gamesplayed": 567914976,
  "gamesplayed_delta": 3.5970052083333335,
  "gamesfinished": 442179942,
  "gametime": 99473252339.42767,
  "inputs": 349660720481,
  "piecesplaced": 80232893608
}
