{
  "usercount": 7624279,
  "usercount_delta": 0.08708070639869031,
  "anoncount": 5716212,
  "totalaccounts": 11559899,
  "rankedcount": 56127,
  "replaycount": 10270063,
  "gamesplayed": 468468277,
  "gamesplayed_delta": 4.40628374377373,
  "gamesfinished": 365279397,
  "gametime": 81317581984.59059,
  "inputs": 282849025597,
  "piecesplaced": 64613694473
}
