{
  "usercount": 1084553,
  "usercount_delta": 0.04755790174537499,
  "anoncount": 757427,
  "rankedcount": 15892,
  "replaycount": 1818813,
  "gamesplayed": 55463797,
  "gamesplayed_delta": 2.6632424977409994,
  "gamesfinished": 39801545,
  "gametime": 7962024288.82875,
  "inputs": 28005902264,
  "piecesplaced": 6209623420
}
