{
  "usercount": 1012989,
  "usercount_delta": 0.031642565579217165,
  "anoncount": 702170,
  "rankedcount": 15084,
  "replaycount": 1715816,
  "gamesplayed": 52268949,
  "gamesplayed_delta": 3.132613992342499,
  "gamesfinished": 37326099,
  "gametime": 7445475019.886306,
  "inputs": 26326109603,
  "piecesplaced": 5826925941
}
