{
  "usercount": 2382310,
  "usercount_delta": 0.061131233475463446,
  "anoncount": 1769019,
  "rankedcount": 31925,
  "replaycount": 3633352,
  "gamesplayed": 112477171,
  "gamesplayed_delta": 4.676539360872954,
  "gamesfinished": 86328630,
  "gametime": 18040886329.648518,
  "inputs": 60670775180,
  "piecesplaced": 13523767820
}
