{
  "usercount": 1000756,
  "usercount_delta": 0.0145009498122127,
  "anoncount": 692721,
  "rankedcount": 15030,
  "replaycount": 1695084,
  "gamesplayed": 51657177,
  "gamesplayed_delta": 3.9007554994852165,
  "gamesfinished": 36857992,
  "gametime": 7348132078.126311,
  "inputs": 26008155285,
  "piecesplaced": 5754488536
}
