{
  "usercount": 777801,
  "usercount_delta": 0,
  "anoncount": 520802,
  "rankedcount": 13976,
  "replaycount": 1344758,
  "gamesplayed": 41584184,
  "gamesplayed_delta": 1.7195705721057768,
  "gamesfinished": 29120479,
  "gametime": 5756812334.340736,
  "inputs": 20839364766,
  "piecesplaced": 4575458632
}
