{
  "usercount": 812199,
  "usercount_delta": 0.06112562844786749,
  "anoncount": 547811,
  "rankedcount": 13970,
  "replaycount": 1404247,
  "gamesplayed": 43179743,
  "gamesplayed_delta": 2.399180916578799,
  "gamesfinished": 30331522,
  "gametime": 6009390648.379521,
  "inputs": 21664487244,
  "piecesplaced": 4764546461
}
