{
  "usercount": 980887,
  "usercount_delta": 0.09586440937937382,
  "anoncount": 677277,
  "rankedcount": 14855,
  "replaycount": 1663150,
  "gamesplayed": 50702638,
  "gamesplayed_delta": 3.6811933201679548,
  "gamesfinished": 36125796,
  "gametime": 7196240789.116586,
  "inputs": 25512953868,
  "piecesplaced": 5641391716
}
