{
  "usercount": 814519,
  "usercount_delta": 0.05621556796462167,
  "anoncount": 549640,
  "rankedcount": 13878,
  "replaycount": 1408261,
  "gamesplayed": 43289915,
  "gamesplayed_delta": 3.0169021474346964,
  "gamesfinished": 30414515,
  "gametime": 6026234281.945337,
  "inputs": 21719912164,
  "piecesplaced": 4777174173
}
