{
  "usercount": 1123902,
  "usercount_delta": 0.01767783906095319,
  "anoncount": 788084,
  "rankedcount": 16135,
  "replaycount": 1874344,
  "gamesplayed": 57151095,
  "gamesplayed_delta": 3.8537689152877954,
  "gamesfinished": 41126870,
  "gametime": 8235389324.111038,
  "inputs": 28888257631,
  "piecesplaced": 6410107076
}
