{
  "usercount": 1009685,
  "usercount_delta": 0.07304068366079906,
  "anoncount": 699602,
  "rankedcount": 15157,
  "replaycount": 1710786,
  "gamesplayed": 52111910,
  "gamesplayed_delta": 2.3665181506098896,
  "gamesfinished": 37204816,
  "gametime": 7420497028.964015,
  "inputs": 26244496229,
  "piecesplaced": 5808411343
}
