{
  "usercount": 928125,
  "usercount_delta": 0.0751201923076923,
  "anoncount": 636999,
  "rankedcount": 14203,
  "replaycount": 1587174,
  "gamesplayed": 48409751,
  "gamesplayed_delta": 3.6658653846153846,
  "gamesfinished": 34358149,
  "gametime": 6834669001.632739,
  "inputs": 24339252708,
  "piecesplaced": 5374177742
}
