{
  "usercount": 1090676,
  "usercount_delta": 0.05803605973845082,
  "anoncount": 762138,
  "rankedcount": 15883,
  "replaycount": 1827055,
  "gamesplayed": 55708944,
  "gamesplayed_delta": 2.456859862261085,
  "gamesfinished": 39995119,
  "gametime": 8002057011.728063,
  "inputs": 28133446215,
  "piecesplaced": 6238521005
}
