{
  "usercount": 5773009,
  "usercount_delta": 0.32441200324412006,
  "anoncount": 4585105,
  "rankedcount": 43502,
  "replaycount": 6731007,
  "gamesplayed": 255459987,
  "gamesplayed_delta": 6.942416869424169,
  "gamesfinished": 199132643,
  "gametime": 43472120954.095505,
  "inputs": 147356001311,
  "piecesplaced": 33247091896
}
