{
  "usercount": 6889022,
  "usercount_delta": 0.15622016628768812,
  "anoncount": 5530348,
  "rankedcount": 44836,
  "replaycount": 7993725,
  "gamesplayed": 303331136,
  "gamesplayed_delta": 4.56510041485133,
  "gamesfinished": 236031139,
  "gametime": 51944831443.46801,
  "inputs": 177136475374,
  "piecesplaced": 40085742625
}
