{
  "usercount": 7031882,
  "usercount_delta": 0.12395962457942271,
  "anoncount": 5651437,
  "rankedcount": 42534,
  "replaycount": 8154582,
  "gamesplayed": 310421990,
  "gamesplayed_delta": 5.418806445900478,
  "gamesfinished": 241343420,
  "gametime": 53193304802.42293,
  "inputs": 181674705906,
  "piecesplaced": 41147828838
}
