{
  "usercount": 733983,
  "usercount_delta": 0,
  "anoncount": 486307,
  "rankedcount": 13532,
  "replaycount": 1247103,
  "gamesplayed": 39530758,
  "gamesplayed_delta": 3.692428261393778,
  "gamesfinished": 27561166,
  "gametime": 5431864376.3969555,
  "inputs": 19772252428,
  "piecesplaced": 4332144297
}
