{
  "usercount": 1258071,
  "usercount_delta": 0.03308355251186872,
  "anoncount": 891020,
  "rankedcount": 17619,
  "replaycount": 2047310,
  "gamesplayed": 62155285,
  "gamesplayed_delta": 3.242188146163135,
  "gamesfinished": 45141249,
  "gametime": 9061420006.885626,
  "inputs": 31482839488,
  "piecesplaced": 6993315814
}
