{
  "usercount": 731442,
  "usercount_delta": 0.03188419659795622,
  "anoncount": 484274,
  "rankedcount": 13443,
  "replaycount": 1239973,
  "gamesplayed": 39432697,
  "gamesplayed_delta": 2.136241172063067,
  "gamesfinished": 27486915,
  "gametime": 5416975386.641643,
  "inputs": 19724238298,
  "piecesplaced": 4321290940
}
