{
  "usercount": 902097,
  "usercount_delta": 0.05064915331498708,
  "anoncount": 617763,
  "rankedcount": 14309,
  "replaycount": 1547353,
  "gamesplayed": 47332772,
  "gamesplayed_delta": 2.836352585639277,
  "gamesfinished": 33524799,
  "gametime": 6664519673.644398,
  "inputs": 23788011219,
  "piecesplaced": 5248717073
}
