{
  "usercount": 806144,
  "usercount_delta": 0.03129009042836134,
  "anoncount": 543098,
  "rankedcount": 13899,
  "replaycount": 1393262,
  "gamesplayed": 42888950,
  "gamesplayed_delta": 2.2528865108420164,
  "gamesfinished": 30110883,
  "gametime": 5963500532.650403,
  "inputs": 21515721963,
  "piecesplaced": 4730602904
}
