{
  "usercount": 5119090,
  "usercount_delta": 0.2655337227827934,
  "anoncount": 4031480,
  "rankedcount": 42344,
  "replaycount": 6099416,
  "gamesplayed": 229555915,
  "gamesplayed_delta": 5.013901471369216,
  "gamesfinished": 179000980,
  "gametime": 38914879564.33463,
  "inputs": 131511284055,
  "piecesplaced": 29628415113
}
