{
  "usercount": 1249014,
  "usercount_delta": 0.0781616382679381,
  "anoncount": 883910,
  "rankedcount": 17451,
  "replaycount": 2034610,
  "gamesplayed": 61795031,
  "gamesplayed_delta": 6.17476942316711,
  "gamesfinished": 44852601,
  "gametime": 9001732519.619581,
  "inputs": 31293875550,
  "piecesplaced": 6950836808
}
