{
  "usercount": 747933,
  "usercount_delta": 0.05916197068524352,
  "anoncount": 497279,
  "rankedcount": 13716,
  "replaycount": 1282287,
  "gamesplayed": 40135349,
  "gamesplayed_delta": 2.4108503054236734,
  "gamesfinished": 28021228,
  "gametime": 5526939305.515714,
  "inputs": 20081803688,
  "piecesplaced": 4402386852
}
