{
  "usercount": 961529,
  "usercount_delta": 0.08147037737078798,
  "anoncount": 662445,
  "rankedcount": 14500,
  "replaycount": 1634143,
  "gamesplayed": 49839372,
  "gamesplayed_delta": 2.91663950987421,
  "gamesfinished": 35460007,
  "gametime": 7060827788.804182,
  "inputs": 25074448900,
  "piecesplaced": 5541544352
}
