{
  "usercount": 1134621,
  "usercount_delta": 0.05680849855138329,
  "anoncount": 796447,
  "rankedcount": 16110,
  "replaycount": 1888663,
  "gamesplayed": 57578688,
  "gamesplayed_delta": 3.559999242553353,
  "gamesfinished": 41463831,
  "gametime": 8304365052.768476,
  "inputs": 29106814844,
  "piecesplaced": 6459487297
}
