{
  "usercount": 6002255,
  "usercount_delta": 0.06488871585231329,
  "anoncount": 4295883,
  "rankedcount": 43184,
  "replaycount": 10515247,
  "gamesplayed": 408976149,
  "gamesplayed_delta": 3.649990266692622,
  "gamesfinished": 317809726,
  "gametime": 70413212050.71977,
  "inputs": 243555021654,
  "piecesplaced": 55501452879
}
