{
  "usercount": 2816012,
  "usercount_delta": 0.1458505518012543,
  "anoncount": 2113682,
  "rankedcount": 29682,
  "replaycount": 4183543,
  "gamesplayed": 133904409,
  "gamesplayed_delta": 4.926507527509035,
  "gamesfinished": 103672704,
  "gametime": 21890113407.320583,
  "inputs": 73496419722,
  "piecesplaced": 16431535474
}
