{
  "usercount": 774187,
  "usercount_delta": 0.0602382422480912,
  "anoncount": 517928,
  "rankedcount": 13837,
  "replaycount": 1337880,
  "gamesplayed": 41406767,
  "gamesplayed_delta": 2.8763760673463548,
  "gamesfinished": 28985852,
  "gametime": 5728419419.618322,
  "inputs": 20744259245,
  "piecesplaced": 4553634250
}
