{
  "usercount": 1114979,
  "usercount_delta": 0.19850131507121233,
  "anoncount": 780957,
  "rankedcount": 15991,
  "replaycount": 1862019,
  "gamesplayed": 56773782,
  "gamesplayed_delta": 3.4737730137462157,
  "gamesfinished": 40829503,
  "gametime": 8174288807.742273,
  "inputs": 28692319239,
  "piecesplaced": 6365589879
}
