{
  "usercount": 1219744,
  "usercount_delta": 0.11376348571320226,
  "anoncount": 861259,
  "rankedcount": 17055,
  "replaycount": 1993926,
  "gamesplayed": 60618185,
  "gamesplayed_delta": 5.119356857094101,
  "gamesfinished": 43906896,
  "gametime": 8806687119.116533,
  "inputs": 30676488962,
  "piecesplaced": 6811978874
}
