{
  "usercount": 816795,
  "usercount_delta": 0,
  "anoncount": 551440,
  "rankedcount": 13973,
  "replaycount": 1412565,
  "gamesplayed": 43403043,
  "gamesplayed_delta": 1.7614871448916873,
  "gamesfinished": 30501439,
  "gametime": 6044265627.804594,
  "inputs": 21778335011,
  "piecesplaced": 4790572360
}
