{
  "usercount": 807858,
  "usercount_delta": 0.017735527809307605,
  "anoncount": 544437,
  "rankedcount": 13978,
  "replaycount": 1396379,
  "gamesplayed": 42974042,
  "gamesplayed_delta": 2.2169409761634506,
  "gamesfinished": 30176515,
  "gametime": 5976953343.829356,
  "inputs": 21559220428,
  "piecesplaced": 4740508812
}
