{
  "usercount": 1143911,
  "usercount_delta": 0.038690706492300546,
  "anoncount": 803666,
  "rankedcount": 16169,
  "replaycount": 1899934,
  "gamesplayed": 57920875,
  "gamesplayed_delta": 2.611622688230287,
  "gamesfinished": 41736455,
  "gametime": 8359984640.362338,
  "inputs": 29281801992,
  "piecesplaced": 6498880875
}
