{
  "usercount": 962268,
  "usercount_delta": 0.04320089857869044,
  "anoncount": 662997,
  "rankedcount": 14541,
  "replaycount": 1635386,
  "gamesplayed": 49874578,
  "gamesplayed_delta": 3.139265296718172,
  "gamesfinished": 35486557,
  "gametime": 7066340014.588501,
  "inputs": 25092325291,
  "piecesplaced": 5545637137
}
