{
  "usercount": 8435904,
  "usercount_delta": 0.2373868456035956,
  "anoncount": 6882555,
  "rankedcount": 42711,
  "replaycount": 9405825,
  "gamesplayed": 363256995,
  "gamesplayed_delta": 4.8268658606064445,
  "gamesfinished": 281944122,
  "gametime": 62359936159.257454,
  "inputs": 214551362149,
  "piecesplaced": 48782247443
}
