{
  "usercount": 1160762,
  "usercount_delta": 0.079266939344938,
  "anoncount": 816194,
  "rankedcount": 16200,
  "replaycount": 1918758,
  "gamesplayed": 58481490,
  "gamesplayed_delta": 2.71092932559688,
  "gamesfinished": 42186357,
  "gametime": 8452968270.881059,
  "inputs": 29573359174,
  "piecesplaced": 6564563059
}
