{
  "usercount": 7047430,
  "usercount_delta": 0.10785491972512404,
  "anoncount": 5664620,
  "rankedcount": 42108,
  "replaycount": 8172734,
  "gamesplayed": 311228414,
  "gamesplayed_delta": 3.5900280422791284,
  "gamesfinished": 241940186,
  "gametime": 53334277380.43029,
  "inputs": 182189162995,
  "piecesplaced": 41268650135
}
