{
  "usercount": 992679,
  "usercount_delta": 0.058431693350473296,
  "anoncount": 686443,
  "rankedcount": 14715,
  "replaycount": 1681960,
  "gamesplayed": 51270201,
  "gamesplayed_delta": 2.3372677340189316,
  "gamesfinished": 36564366,
  "gametime": 7287700628.3962345,
  "inputs": 25812430323,
  "piecesplaced": 5709866708
}
