{
  "usercount": 8925626,
  "usercount_delta": 0.11968522785075253,
  "anoncount": 6705819,
  "totalaccounts": 14465558,
  "rankedcount": 49669,
  "replaycount": 11821452,
  "gamesplayed": 564907970,
  "gamesplayed_delta": 4.188982974776338,
  "gamesfinished": 439894289,
  "gametime": 98917222889.38382,
  "inputs": 347620784300,
  "piecesplaced": 79757420233
}
