{
  "usercount": 841699,
  "usercount_delta": 0.05732794450654972,
  "anoncount": 570731,
  "rankedcount": 14121,
  "replaycount": 1453470,
  "gamesplayed": 44577293,
  "gamesplayed_delta": 2.7517413363143866,
  "gamesfinished": 31398541,
  "gametime": 6228977361.230186,
  "inputs": 22379374887,
  "piecesplaced": 4927821338
}
