{
  "usercount": 1052429,
  "usercount_delta": 0.11361484567316796,
  "anoncount": 732644,
  "rankedcount": 15678,
  "replaycount": 1773731,
  "gamesplayed": 54042495,
  "gamesplayed_delta": 4.4877864040901345,
  "gamesfinished": 38694578,
  "gametime": 7730606174.030087,
  "inputs": 27258923091,
  "piecesplaced": 6039606606
}
