{
  "usercount": 8747674,
  "usercount_delta": 0.11937651352365361,
  "anoncount": 6550030,
  "totalaccounts": 14282680,
  "rankedcount": 48986,
  "replaycount": 11621261,
  "gamesplayed": 558553564,
  "gamesplayed_delta": 4.672737815068727,
  "gamesfinished": 435061916,
  "gametime": 97744663311.5768,
  "inputs": 343326914156,
  "piecesplaced": 78754923338
}
