{
  "usercount": 856884,
  "usercount_delta": 0.0458428202503018,
  "anoncount": 582565,
  "rankedcount": 14143,
  "replaycount": 1477884,
  "gamesplayed": 45269905,
  "gamesplayed_delta": 3.4687733989395024,
  "gamesfinished": 31925727,
  "gametime": 6337554447.854323,
  "inputs": 22730965631,
  "piecesplaced": 5007867591
}
