{
  "usercount": 941379,
  "usercount_delta": 0.07511793515819837,
  "anoncount": 647187,
  "rankedcount": 14277,
  "replaycount": 1606185,
  "gamesplayed": 48950920,
  "gamesplayed_delta": 2.6141041435053034,
  "gamesfinished": 34775947,
  "gametime": 6920513731.453326,
  "inputs": 24615412833,
  "piecesplaced": 5436802563
}
