{
  "usercount": 5970819,
  "usercount_delta": 0.2616339914881741,
  "anoncount": 4269552,
  "rankedcount": 43003,
  "replaycount": 10475724,
  "gamesplayed": 407453750,
  "gamesplayed_delta": 4.936161306076886,
  "gamesfinished": 316598946,
  "gametime": 70149868901.55794,
  "inputs": 242615421600,
  "piecesplaced": 55283309867
}
