{
  "usercount": 895551,
  "usercount_delta": 0.11921082434285032,
  "anoncount": 612633,
  "rankedcount": 14234,
  "replaycount": 1537351,
  "gamesplayed": 47031678,
  "gamesplayed_delta": 1.6292145993522877,
  "gamesfinished": 33290223,
  "gametime": 6616255458.546011,
  "inputs": 23631077947,
  "piecesplaced": 5212923171
}
