{
  "usercount": 923640,
  "usercount_delta": 0.0794754619511226,
  "anoncount": 633626,
  "rankedcount": 14269,
  "replaycount": 1579955,
  "gamesplayed": 48201734,
  "gamesplayed_delta": 2.2849195310947747,
  "gamesfinished": 34197157,
  "gametime": 6802395511.949632,
  "inputs": 24234361401,
  "piecesplaced": 5350403407
}
