{
  "usercount": 9149215,
  "usercount_delta": 0.4184498335710889,
  "anoncount": 7072666,
  "totalaccounts": 13122705,
  "rankedcount": 47982,
  "replaycount": 11662305,
  "gamesplayed": 520785872,
  "gamesplayed_delta": 4.85021398002853,
  "gamesfinished": 405998273,
  "gametime": 90864661455.58684,
  "inputs": 318040729100,
  "piecesplaced": 72845670812
}
