{
  "usercount": 1201236,
  "usercount_delta": 0.1157943492357573,
  "anoncount": 847038,
  "rankedcount": 16857,
  "replaycount": 1970161,
  "gamesplayed": 59912895,
  "gamesplayed_delta": 4.118970422814796,
  "gamesfinished": 43335666,
  "gametime": 8688732177.425684,
  "inputs": 30305981464,
  "piecesplaced": 6728867120
}
