{
  "usercount": 9612979,
  "usercount_delta": 0.15348147137570559,
  "anoncount": 7137278,
  "totalaccounts": 16944666,
  "rankedcount": 50159,
  "replaycount": 14095982,
  "gamesplayed": 650000510,
  "gamesplayed_delta": 5.661760944081584,
  "gamesfinished": 504915117,
  "gametime": 114713574301.33107,
  "inputs": 405873671998,
  "piecesplaced": 93375256313
}
