{
  "usercount": 9357380,
  "usercount_delta": 0.34148340390657017,
  "anoncount": 7260093,
  "totalaccounts": 13335548,
  "rankedcount": 48287,
  "replaycount": 10470599,
  "gamesplayed": 527645022,
  "gamesplayed_delta": 4.35391339980877,
  "gamesfinished": 411313645,
  "gametime": 92092401995.43639,
  "inputs": 322538863774,
  "piecesplaced": 73895299213
}
