{
  "usercount": 5756703,
  "usercount_delta": 0.20731007208011737,
  "anoncount": 4103632,
  "rankedcount": 41963,
  "replaycount": 10134295,
  "gamesplayed": 393385159,
  "gamesplayed_delta": 3.81131594054985,
  "gamesfinished": 305498182,
  "gametime": 67721769833.369484,
  "inputs": 233949182481,
  "piecesplaced": 53267284359
}
