{
  "usercount": 969481,
  "usercount_delta": 0.07303321550641231,
  "anoncount": 668473,
  "rankedcount": 14623,
  "replaycount": 1646464,
  "gamesplayed": 50190063,
  "gamesplayed_delta": 3.1988548391808593,
  "gamesfinished": 35728728,
  "gametime": 7115710848.301495,
  "inputs": 25252743247,
  "piecesplaced": 5582215707
}
