{
  "usercount": 980463,
  "usercount_delta": 0.06090968616284204,
  "anoncount": 676969,
  "rankedcount": 14838,
  "replaycount": 1662547,
  "gamesplayed": 50682766,
  "gamesplayed_delta": 2.9236649358164177,
  "gamesfinished": 36110329,
  "gametime": 7193132232.948828,
  "inputs": 25502984152,
  "piecesplaced": 5639110047
}
