{
  "usercount": 846190,
  "usercount_delta": 0.093694368968425,
  "anoncount": 574259,
  "rankedcount": 14103,
  "replaycount": 1461147,
  "gamesplayed": 44784617,
  "gamesplayed_delta": 2.192448233861145,
  "gamesfinished": 31555179,
  "gametime": 6261343006.96575,
  "inputs": 22485361111,
  "piecesplaced": 4952057929
}
