{
  "usercount": 5634660,
  "usercount_delta": 0.07962163797633645,
  "anoncount": 4466894,
  "rankedcount": 43465,
  "replaycount": 6592500,
  "gamesplayed": 250007706,
  "gamesplayed_delta": 5.0480118476997315,
  "gamesfinished": 194887840,
  "gametime": 42512923879.74099,
  "inputs": 144019046050,
  "piecesplaced": 32484228102
}
