{
  "usercount": 750483,
  "usercount_delta": 0.0367147630062048,
  "anoncount": 499270,
  "rankedcount": 13678,
  "replaycount": 1288307,
  "gamesplayed": 40254109,
  "gamesplayed_delta": 3.3410434335646366,
  "gamesfinished": 28110438,
  "gametime": 5545598955.082755,
  "inputs": 20142305331,
  "piecesplaced": 4416153624
}
