{
  "usercount": 803739,
  "usercount_delta": 0,
  "anoncount": 541272,
  "rankedcount": 13942,
  "replaycount": 1388785,
  "gamesplayed": 42763859,
  "gamesplayed_delta": 2.346793497817482,
  "gamesfinished": 30017350,
  "gametime": 5943647225.517398,
  "inputs": 21451069271,
  "piecesplaced": 4715757620
}
