{
  "usercount": 3080282,
  "usercount_delta": 0.13536837118007378,
  "anoncount": 2329990,
  "rankedcount": 30552,
  "replaycount": 4474798,
  "gamesplayed": 144952867,
  "gamesplayed_delta": 5.177840197637822,
  "gamesfinished": 112725396,
  "gametime": 23891457101.116894,
  "inputs": 80112958827,
  "piecesplaced": 17925517065
}
