{
  "usercount": 3660457,
  "usercount_delta": 0.16819914779098452,
  "anoncount": 2809474,
  "rankedcount": 34193,
  "replaycount": 4268788,
  "gamesplayed": 169022945,
  "gamesplayed_delta": 7.531584062196306,
  "gamesfinished": 132029557,
  "gametime": 28202062215.699055,
  "inputs": 94661046794,
  "piecesplaced": 21226000605
}
