{
  "usercount": 942036,
  "usercount_delta": 0.03056328127387756,
  "anoncount": 647706,
  "rankedcount": 14298,
  "replaycount": 1607040,
  "gamesplayed": 48981047,
  "gamesplayed_delta": 2.521470705094899,
  "gamesfinished": 34799433,
  "gametime": 6925373108.57406,
  "inputs": 24631403681,
  "piecesplaced": 5440445906
}
