{
  "usercount": 3056764,
  "usercount_delta": 0.11135148892848054,
  "anoncount": 2310508,
  "rankedcount": 30476,
  "replaycount": 4449100,
  "gamesplayed": 144024803,
  "gamesplayed_delta": 5.647111224230084,
  "gamesfinished": 111964312,
  "gametime": 23724382993.72696,
  "inputs": 79560717992,
  "piecesplaced": 17800881359
}
