{
  "usercount": 3168572,
  "usercount_delta": 0.07201886894366324,
  "anoncount": 2401826,
  "rankedcount": 30751,
  "replaycount": 3664328,
  "gamesplayed": 149056622,
  "gamesplayed_delta": 5.599467060369817,
  "gamesfinished": 116041354,
  "gametime": 24623205277.870216,
  "inputs": 82574095667,
  "piecesplaced": 18484469644
}
