{
  "usercount": 1713436,
  "usercount_delta": 0.06361323155216285,
  "anoncount": 1243838,
  "rankedcount": 24704,
  "replaycount": 2680540,
  "gamesplayed": 81184890,
  "gamesplayed_delta": 5.152671755725191,
  "gamesfinished": 60672535,
  "gametime": 12362400766.720026,
  "inputs": 42003304492,
  "piecesplaced": 9346973230
}
