{
  "usercount": 1231306,
  "usercount_delta": 0.0317067757379752,
  "anoncount": 870211,
  "rankedcount": 17286,
  "replaycount": 2010615,
  "gamesplayed": 61125310,
  "gamesplayed_delta": 3.1548241859285326,
  "gamesfinished": 44311276,
  "gametime": 8890556753.411688,
  "inputs": 30944977182,
  "piecesplaced": 6872514129
}
