{
  "usercount": 8579758,
  "usercount_delta": 0.0894358387292956,
  "anoncount": 6316703,
  "totalaccounts": 14833014,
  "rankedcount": 48977,
  "replaycount": 12215186,
  "gamesplayed": 578170524,
  "gamesplayed_delta": 4.489679104210639,
  "gamesfinished": 449943850,
  "gametime": 101365401520.94437,
  "inputs": 356612288193,
  "piecesplaced": 81856555734
}
