{
  "usercount": 860276,
  "usercount_delta": 0.014331780723754925,
  "anoncount": 585183,
  "rankedcount": 14070,
  "replaycount": 1483091,
  "gamesplayed": 45420457,
  "gamesplayed_delta": 2.508061626657112,
  "gamesfinished": 32042128,
  "gametime": 6361233047.523875,
  "inputs": 22808146350,
  "piecesplaced": 5025408535
}
