{
  "usercount": 733170,
  "usercount_delta": 0.06196554715578138,
  "anoncount": 485681,
  "rankedcount": 13499,
  "replaycount": 1244827,
  "gamesplayed": 39496005,
  "gamesplayed_delta": 3.516544801090593,
  "gamesfinished": 27534903,
  "gametime": 5426523012.407605,
  "inputs": 19755137447,
  "piecesplaced": 4328309790
}
