{
  "usercount": 887743,
  "usercount_delta": 0.07026419336706015,
  "anoncount": 606522,
  "rankedcount": 14339,
  "replaycount": 1525387,
  "gamesplayed": 46665280,
  "gamesplayed_delta": 2.6876053962900506,
  "gamesfinished": 33007485,
  "gametime": 6558382019.799355,
  "inputs": 23443453729,
  "piecesplaced": 5170262936
}
