{
  "usercount": 780247,
  "usercount_delta": 0.03547105561861521,
  "anoncount": 522712,
  "rankedcount": 13898,
  "replaycount": 1349533,
  "gamesplayed": 41705805,
  "gamesplayed_delta": 3.3874858115777524,
  "gamesfinished": 29211377,
  "gametime": 5775809704.913544,
  "inputs": 20902402310,
  "piecesplaced": 4589894579
}
