{
  "usercount": 8585317,
  "usercount_delta": 0.14044204132507065,
  "anoncount": 6319648,
  "totalaccounts": 14851605,
  "rankedcount": 48983,
  "replaycount": 12240909,
  "gamesplayed": 579069794,
  "gamesplayed_delta": 4.687253129224233,
  "gamesfinished": 450616196,
  "gametime": 101535042304.19087,
  "inputs": 357250650805,
  "piecesplaced": 82006424026
}
