{
  "usercount": 915457,
  "usercount_delta": 0.02866438307081536,
  "anoncount": 627447,
  "rankedcount": 14370,
  "replaycount": 1567115,
  "gamesplayed": 47851768,
  "gamesplayed_delta": 3.0527567970418357,
  "gamesfinished": 33926400,
  "gametime": 6746681218.2830305,
  "inputs": 24055799423,
  "piecesplaced": 5309788338
}
