{
  "usercount": 3223758,
  "usercount_delta": 0.06138170211459964,
  "anoncount": 2446947,
  "rankedcount": 31331,
  "replaycount": 3764018,
  "gamesplayed": 151461566,
  "gamesplayed_delta": 4.772427339410122,
  "gamesfinished": 117989559,
  "gametime": 25050399865.49591,
  "inputs": 84000077092,
  "piecesplaced": 18806759928
}
