{
  "usercount": 2440561,
  "usercount_delta": 0.1222643354933366,
  "anoncount": 1815293,
  "rankedcount": 31198,
  "replaycount": 3710538,
  "gamesplayed": 115492210,
  "gamesplayed_delta": 4.523780413253454,
  "gamesfinished": 88770658,
  "gametime": 18582020826.678192,
  "inputs": 62479220936,
  "piecesplaced": 13934400375
}
