{
  "usercount": 791307,
  "usercount_delta": 0.09473434909607642,
  "anoncount": 531509,
  "rankedcount": 13988,
  "replaycount": 1366155,
  "gamesplayed": 42162425,
  "gamesplayed_delta": 2.510460251046025,
  "gamesfinished": 29559294,
  "gametime": 5848280366.185613,
  "inputs": 21139347619,
  "piecesplaced": 4644195996
}
