{
  "usercount": 8217463,
  "usercount_delta": 0.3177788927914367,
  "anoncount": 6080126,
  "totalaccounts": 13739455,
  "rankedcount": 50833,
  "replaycount": 11037132,
  "gamesplayed": 540463302,
  "gamesplayed_delta": 4.649606957685232,
  "gamesfinished": 421233864,
  "gametime": 94412827654.43651,
  "inputs": 331046684605,
  "piecesplaced": 75881225761
}
