{
  "usercount": 817044,
  "usercount_delta": 0,
  "anoncount": 551619,
  "rankedcount": 13979,
  "replaycount": 1413039,
  "gamesplayed": 43416317,
  "gamesplayed_delta": 2.002921554749032,
  "gamesfinished": 30511359,
  "gametime": 6046307423.603702,
  "inputs": 21785045028,
  "piecesplaced": 4792100570
}
