{
  "usercount": 841384,
  "usercount_delta": 0.04518072289156626,
  "anoncount": 570485,
  "rankedcount": 14113,
  "replaycount": 1452994,
  "gamesplayed": 44563155,
  "gamesplayed_delta": 2.7861445783132526,
  "gamesfinished": 31387727,
  "gametime": 6226830177.443731,
  "inputs": 22372509949,
  "piecesplaced": 4926267209
}
