{
  "usercount": 1242468,
  "usercount_delta": 0.03787233236758886,
  "anoncount": 878829,
  "rankedcount": 17445,
  "replaycount": 2025240,
  "gamesplayed": 61537597,
  "gamesplayed_delta": 2.234467609687743,
  "gamesfinished": 44645096,
  "gametime": 8959296201.782389,
  "inputs": 31160099410,
  "piecesplaced": 6920796723
}
