{
  "usercount": 744180,
  "usercount_delta": 0.03741184833236686,
  "anoncount": 494371,
  "rankedcount": 13711,
  "replaycount": 1271989,
  "gamesplayed": 39942406,
  "gamesplayed_delta": 2.188593127443461,
  "gamesfinished": 27875858,
  "gametime": 5496588729.404907,
  "inputs": 19982421646,
  "piecesplaced": 4379833266
}
