{
  "usercount": 955240,
  "usercount_delta": 0.03206104422821051,
  "anoncount": 657640,
  "rankedcount": 14486,
  "replaycount": 1624480,
  "gamesplayed": 49553500,
  "gamesplayed_delta": 3.879386351613472,
  "gamesfinished": 35241772,
  "gametime": 7015976932.303809,
  "inputs": 24928024861,
  "piecesplaced": 5508183676
}
