{
  "usercount": 8788663,
  "usercount_delta": 0.2158295563160978,
  "anoncount": 6749045,
  "totalaccounts": 12753872,
  "rankedcount": 47024,
  "replaycount": 11366793,
  "gamesplayed": 509514189,
  "gamesplayed_delta": 4.609502667036661,
  "gamesfinished": 397180964,
  "gametime": 88827497973.4664,
  "inputs": 310601787134,
  "piecesplaced": 71113411704
}
