{
  "usercount": 1116238,
  "usercount_delta": 0.1237426859233856,
  "anoncount": 781982,
  "rankedcount": 16047,
  "replaycount": 1863985,
  "gamesplayed": 56830638,
  "gamesplayed_delta": 2.36878855910481,
  "gamesfinished": 40873782,
  "gametime": 8183607072.474253,
  "inputs": 28723702173,
  "piecesplaced": 6372799640
}
