{
  "usercount": 1109719,
  "usercount_delta": 0.12374487342667233,
  "anoncount": 776917,
  "rankedcount": 15969,
  "replaycount": 1853652,
  "gamesplayed": 56512229,
  "gamesplayed_delta": 4.649271673030689,
  "gamesfinished": 40625192,
  "gametime": 8131772225.150307,
  "inputs": 28553405106,
  "piecesplaced": 6333847097
}
