{
  "usercount": 811485,
  "usercount_delta": 0.11242692250037475,
  "anoncount": 547261,
  "rankedcount": 13939,
  "replaycount": 1402997,
  "gamesplayed": 43146131,
  "gamesplayed_delta": 2.510867935841703,
  "gamesfinished": 30305132,
  "gametime": 6003708588.066922,
  "inputs": 21645714874,
  "piecesplaced": 4760266692
}
