{
  "usercount": 2521034,
  "usercount_delta": 0.13156163662675963,
  "anoncount": 1878765,
  "rankedcount": 30313,
  "replaycount": 3818820,
  "gamesplayed": 119635254,
  "gamesplayed_delta": 4.341534008683068,
  "gamesfinished": 92114033,
  "gametime": 19327662413.7519,
  "inputs": 64978188380,
  "piecesplaced": 14502819589
}
