{
  "usercount": 832781,
  "usercount_delta": 0,
  "anoncount": 563842,
  "rankedcount": 13969,
  "replaycount": 1439187,
  "gamesplayed": 44156910,
  "gamesplayed_delta": 3.085927108273477,
  "gamesfinished": 31077472,
  "gametime": 6162978031.344986,
  "inputs": 22163153423,
  "piecesplaced": 4878424275
}
