{
  "usercount": 1206749,
  "usercount_delta": 0.12583166868521636,
  "anoncount": 851381,
  "rankedcount": 17023,
  "replaycount": 1976764,
  "gamesplayed": 60112426,
  "gamesplayed_delta": 4.561397989839093,
  "gamesfinished": 43497871,
  "gametime": 8721601775.906769,
  "inputs": 30409301796,
  "piecesplaced": 6752030677
}
