{
  "usercount": 7694649,
  "usercount_delta": 0.05854543857851676,
  "anoncount": 5778802,
  "totalaccounts": 11632048,
  "rankedcount": 54452,
  "replaycount": 10344115,
  "gamesplayed": 471177028,
  "gamesplayed_delta": 4.566544209124307,
  "gamesfinished": 367398755,
  "gametime": 81830116451.98999,
  "inputs": 284757239500,
  "piecesplaced": 65060513801
}
