{
  "usercount": 930393,
  "usercount_delta": 0.13753266400770184,
  "anoncount": 638785,
  "rankedcount": 14290,
  "replaycount": 1590643,
  "gamesplayed": 48516585,
  "gamesplayed_delta": 3.423035193080579,
  "gamesfinished": 34440597,
  "gametime": 6851343052.2260475,
  "inputs": 24393956853,
  "piecesplaced": 5386677531
}
