{
  "usercount": 8143397,
  "usercount_delta": 0.08987794574967195,
  "anoncount": 6632723,
  "rankedcount": 40804,
  "replaycount": 9089858,
  "gamesplayed": 350552728,
  "gamesplayed_delta": 4.70960435728281,
  "gamesfinished": 271972832,
  "gametime": 60134244488.55972,
  "inputs": 206623958599,
  "piecesplaced": 46951285548
}
