{
  "usercount": 1186244,
  "usercount_delta": 0.03908081913396905,
  "anoncount": 835440,
  "rankedcount": 16616,
  "replaycount": 1950963,
  "gamesplayed": 59373452,
  "gamesplayed_delta": 3.204627168985462,
  "gamesfinished": 42903416,
  "gametime": 8600431888.469595,
  "inputs": 30032434906,
  "piecesplaced": 6667776777
}
