{
  "usercount": 854116,
  "usercount_delta": 0.05960422792656759,
  "anoncount": 580438,
  "rankedcount": 14059,
  "replaycount": 1473593,
  "gamesplayed": 45155286,
  "gamesplayed_delta": 1.8278629897480727,
  "gamesfinished": 31837994,
  "gametime": 6319368615.034727,
  "inputs": 22672318466,
  "piecesplaced": 4994581801
}
