{
  "usercount": 840082,
  "usercount_delta": 0.016883051104995696,
  "anoncount": 569468,
  "rankedcount": 14062,
  "replaycount": 1450779,
  "gamesplayed": 44500730,
  "gamesplayed_delta": 1.603889854974591,
  "gamesfinished": 31341218,
  "gametime": 6217589027.995198,
  "inputs": 22342613425,
  "piecesplaced": 4919491452
}
