{
  "usercount": 985034,
  "usercount_delta": 0.03045577060713579,
  "anoncount": 680522,
  "rankedcount": 14801,
  "replaycount": 1669654,
  "gamesplayed": 50900433,
  "gamesplayed_delta": 2.862842437070764,
  "gamesfinished": 36278958,
  "gametime": 7227907017.545923,
  "inputs": 25617395465,
  "piecesplaced": 5665282320
}
