{
  "usercount": 9639526,
  "usercount_delta": 0.06985435367259264,
  "anoncount": 7153930,
  "totalaccounts": 17043522,
  "rankedcount": 49140,
  "replaycount": 14178116,
  "gamesplayed": 653724789,
  "gamesplayed_delta": 3.0037372079214837,
  "gamesfinished": 507734157,
  "gametime": 115405926403.03279,
  "inputs": 408500948937,
  "piecesplaced": 93996951309
}
