{
  "usercount": 7789413,
  "usercount_delta": 0.12185648352652664,
  "anoncount": 6316741,
  "rankedcount": 39271,
  "replaycount": 8805069,
  "gamesplayed": 338236564,
  "gamesplayed_delta": 3.061644148603982,
  "gamesfinished": 262437262,
  "gametime": 57993139601.76401,
  "inputs": 198985599471,
  "piecesplaced": 45178530016
}
