{
  "usercount": 770010,
  "usercount_delta": 0.01873852265487389,
  "anoncount": 514648,
  "rankedcount": 14001,
  "replaycount": 1329702,
  "gamesplayed": 41188863,
  "gamesplayed_delta": 1.7614211295581457,
  "gamesfinished": 28820568,
  "gametime": 5693572924.982809,
  "inputs": 20629244470,
  "piecesplaced": 4527348425
}
