{
  "usercount": 9016572,
  "usercount_delta": 0.07463689152274186,
  "anoncount": 6785423,
  "totalaccounts": 14559025,
  "rankedcount": 49425,
  "replaycount": 11924384,
  "gamesplayed": 568364106,
  "gamesplayed_delta": 4.045319520532609,
  "gamesfinished": 442510309,
  "gametime": 99556050241.96173,
  "inputs": 349974619458,
  "piecesplaced": 80306917210
}
