{
  "usercount": 8631230,
  "usercount_delta": 0.12480387961774354,
  "anoncount": 6355752,
  "totalaccounts": 14945939,
  "rankedcount": 49616,
  "replaycount": 12328575,
  "gamesplayed": 582178905,
  "gamesplayed_delta": 3.619312508914563,
  "gamesfinished": 453011172,
  "gametime": 102107678450.70995,
  "inputs": 359333611020,
  "piecesplaced": 82491501199
}
