{
  "usercount": 960917,
  "usercount_delta": 0.04779048650715264,
  "anoncount": 661978,
  "rankedcount": 14471,
  "replaycount": 1633164,
  "gamesplayed": 49808395,
  "gamesplayed_delta": 3.313473731162583,
  "gamesfinished": 35436284,
  "gametime": 7055854967.276333,
  "inputs": 25058372195,
  "piecesplaced": 5537921963
}
