{
  "usercount": 6744276,
  "usercount_delta": 0.10918222513374823,
  "anoncount": 5406963,
  "rankedcount": 45351,
  "replaycount": 7830495,
  "gamesplayed": 296573197,
  "gamesplayed_delta": 4.9859882811078355,
  "gamesfinished": 230941220,
  "gametime": 50755947668.99655,
  "inputs": 172879348395,
  "piecesplaced": 39096155877
}
