{
  "usercount": 800268,
  "usercount_delta": 0.01564528998544988,
  "anoncount": 538594,
  "rankedcount": 13974,
  "replaycount": 1382102,
  "gamesplayed": 42588991,
  "gamesplayed_delta": 2.096468858050284,
  "gamesfinished": 29885644,
  "gametime": 5915796292.98591,
  "inputs": 21360392818,
  "piecesplaced": 4694942071
}
