{
  "usercount": 5708403,
  "usercount_delta": 0.03870568199411674,
  "anoncount": 4530111,
  "rankedcount": 43467,
  "replaycount": 6660981,
  "gamesplayed": 252781587,
  "gamesplayed_delta": 5.34138411518811,
  "gamesfinished": 197061783,
  "gametime": 43000507202.53741,
  "inputs": 145706025573,
  "piecesplaced": 32869145642
}
