{
  "usercount": 769585,
  "usercount_delta": 0.053205639797818574,
  "anoncount": 514320,
  "rankedcount": 13982,
  "replaycount": 1328820,
  "gamesplayed": 41165889,
  "gamesplayed_delta": 1.7735213265939525,
  "gamesfinished": 28803554,
  "gametime": 5690056793.854998,
  "inputs": 20617365412,
  "piecesplaced": 4524613569
}
