{
  "usercount": 8401649,
  "usercount_delta": 0.29819357471318486,
  "anoncount": 6244949,
  "totalaccounts": 13927943,
  "rankedcount": 51738,
  "replaycount": 11247533,
  "gamesplayed": 546738727,
  "gamesplayed_delta": 4.363042830013968,
  "gamesfinished": 426050252,
  "gametime": 95553739936.98248,
  "inputs": 335248891864,
  "piecesplaced": 76863079877
}
