{
  "usercount": 1215931,
  "usercount_delta": 0.05303351718285957,
  "anoncount": 858340,
  "rankedcount": 17116,
  "replaycount": 1988580,
  "gamesplayed": 60465644,
  "gamesplayed_delta": 2.88148776693537,
  "gamesfinished": 43782874,
  "gametime": 8780808323.713364,
  "inputs": 30595418147,
  "piecesplaced": 6793831215
}
