{
  "usercount": 949812,
  "usercount_delta": 0.05979967110180894,
  "anoncount": 653496,
  "rankedcount": 14318,
  "replaycount": 1616818,
  "gamesplayed": 49311390,
  "gamesplayed_delta": 3.8421288682912245,
  "gamesfinished": 35056482,
  "gametime": 6978223512.734441,
  "inputs": 24803757323,
  "piecesplaced": 5479740654
}
