{
  "usercount": 1153544,
  "usercount_delta": 0.13254563356812846,
  "anoncount": 811023,
  "rankedcount": 16257,
  "replaycount": 1912420,
  "gamesplayed": 58301019,
  "gamesplayed_delta": 3.7302128304173294,
  "gamesfinished": 42042198,
  "gametime": 8422467250.011796,
  "inputs": 29481484545,
  "piecesplaced": 6544011430
}
