{
  "usercount": 1213942,
  "usercount_delta": 0.07816316560820713,
  "anoncount": 856789,
  "rankedcount": 17025,
  "replaycount": 1985292,
  "gamesplayed": 60368896,
  "gamesplayed_delta": 2.8334147532975087,
  "gamesfinished": 43707541,
  "gametime": 8764580897.074724,
  "inputs": 30541854629,
  "piecesplaced": 6781607628
}
