{
  "usercount": 9265512,
  "usercount_delta": 0.032961418659459105,
  "anoncount": 6876235,
  "totalaccounts": 16094200,
  "rankedcount": 53295,
  "replaycount": 13322232,
  "gamesplayed": 618834737,
  "gamesplayed_delta": 6.3615538012756065,
  "gamesfinished": 481286352,
  "gametime": 108923264534.78146,
  "inputs": 384322387651,
  "piecesplaced": 88317174305
}
