{
  "usercount": 989470,
  "usercount_delta": 0.03834649896464453,
  "anoncount": 683975,
  "rankedcount": 14800,
  "replaycount": 1676860,
  "gamesplayed": 51119766,
  "gamesplayed_delta": 2.7801211749367285,
  "gamesfinished": 36449267,
  "gametime": 7263424772.211329,
  "inputs": 25733898341,
  "piecesplaced": 5691981417
}
