{
  "usercount": 8001023,
  "usercount_delta": 0.17572890886991666,
  "anoncount": 6396779,
  "rankedcount": 43278,
  "replaycount": 9785274,
  "gamesplayed": 379064854,
  "gamesplayed_delta": 4.539663479139514,
  "gamesfinished": 294374181,
  "gametime": 65188220056.10093,
  "inputs": 224754766624,
  "piecesplaced": 51138774799
}
