{
  "usercount": 4802171,
  "usercount_delta": 0.09024863498939578,
  "anoncount": 3764106,
  "rankedcount": 42524,
  "replaycount": 5705756,
  "gamesplayed": 216241819,
  "gamesplayed_delta": 3.8957327437089178,
  "gamesfinished": 168849670,
  "gametime": 36591832182.89098,
  "inputs": 123506288491,
  "piecesplaced": 27796178256
}
