{
  "usercount": 795429,
  "usercount_delta": 0.060237335100295164,
  "anoncount": 534767,
  "rankedcount": 13999,
  "replaycount": 1373442,
  "gamesplayed": 42359901,
  "gamesplayed_delta": 2.6353834106379135,
  "gamesfinished": 29707963,
  "gametime": 5878813034.126662,
  "inputs": 21239001480,
  "piecesplaced": 4666977871
}
