{
  "usercount": 2513034,
  "usercount_delta": 0.19088219387268157,
  "anoncount": 1872511,
  "rankedcount": 30377,
  "replaycount": 3807533,
  "gamesplayed": 119216528,
  "gamesplayed_delta": 4.994750739668501,
  "gamesfinished": 91776806,
  "gametime": 19253162207.34521,
  "inputs": 64728104113,
  "piecesplaced": 14446058282
}
