{
  "usercount": 953114,
  "usercount_delta": 0.047791247829480826,
  "anoncount": 656004,
  "rankedcount": 14403,
  "replaycount": 1620900,
  "gamesplayed": 49452432,
  "gamesplayed_delta": 2.88340528571201,
  "gamesfinished": 35164536,
  "gametime": 7000194177.352292,
  "inputs": 24875461064,
  "piecesplaced": 5496190623
}
