{
  "usercount": 918924,
  "usercount_delta": 0.030047625486395935,
  "anoncount": 630064,
  "rankedcount": 14279,
  "replaycount": 1572190,
  "gamesplayed": 47995716,
  "gamesplayed_delta": 2.238548098736497,
  "gamesfinished": 34037968,
  "gametime": 6769897955.878315,
  "inputs": 24130655569,
  "piecesplaced": 5326844957
}
