{
  "usercount": 1062766,
  "usercount_delta": 0.03535567812190638,
  "anoncount": 740673,
  "rankedcount": 15647,
  "replaycount": 1787695,
  "gamesplayed": 54485032,
  "gamesplayed_delta": 2.598642341960119,
  "gamesfinished": 39039480,
  "gametime": 7802519919.336214,
  "inputs": 27491912892,
  "piecesplaced": 6092622404
}
