{
  "usercount": 7571321,
  "usercount_delta": 0.2786679671171799,
  "anoncount": 5670062,
  "totalaccounts": 11505395,
  "rankedcount": 57404,
  "replaycount": 10205400,
  "gamesplayed": 466187433,
  "gamesplayed_delta": 3.5530165807440435,
  "gamesfinished": 363506555,
  "gametime": 80882878561.81392,
  "inputs": 281224323947,
  "piecesplaced": 64232907459
}
