{
  "usercount": 937338,
  "usercount_delta": 0.07165890361877462,
  "anoncount": 644155,
  "rankedcount": 14330,
  "replaycount": 1600970,
  "gamesplayed": 48796879,
  "gamesplayed_delta": 4.184879971336438,
  "gamesfinished": 34656535,
  "gametime": 6895438724.727964,
  "inputs": 24535659951,
  "piecesplaced": 5418728753
}
