{
  "usercount": 1049462,
  "usercount_delta": 0.11724474841231071,
  "anoncount": 730349,
  "rankedcount": 15546,
  "replaycount": 1769151,
  "gamesplayed": 53914818,
  "gamesplayed_delta": 2.227650219833903,
  "gamesfinished": 38594536,
  "gametime": 7709867251.343073,
  "inputs": 27192430609,
  "piecesplaced": 6024584278
}
