{
  "usercount": 7337572,
  "usercount_delta": 0.029852974102544963,
  "anoncount": 5916259,
  "rankedcount": 39448,
  "replaycount": 8440026,
  "gamesplayed": 323012072,
  "gamesplayed_delta": 3.433092021792671,
  "gamesfinished": 250797331,
  "gametime": 55365233747.584015,
  "inputs": 189525093715,
  "piecesplaced": 42980454197
}
