{
  "usercount": 2542905,
  "usercount_delta": 0.12375088945951798,
  "anoncount": 1896101,
  "rankedcount": 30016,
  "replaycount": 3847797,
  "gamesplayed": 120810643,
  "gamesplayed_delta": 4.594251771184605,
  "gamesfinished": 93058885,
  "gametime": 19539748934.707466,
  "inputs": 65692487551,
  "piecesplaced": 14665570659
}
