{
  "usercount": 7608907,
  "usercount_delta": 0.07203469190762271,
  "anoncount": 6157122,
  "rankedcount": 39561,
  "replaycount": 8649948,
  "gamesplayed": 331812252,
  "gamesplayed_delta": 5.48904352336085,
  "gamesfinished": 257534858,
  "gametime": 56880781795.613464,
  "inputs": 194964095449,
  "piecesplaced": 44242384926
}
