{
  "usercount": 1138171,
  "usercount_delta": 0.09672489505348887,
  "anoncount": 799269,
  "rankedcount": 16220,
  "replaycount": 1893220,
  "gamesplayed": 57716755,
  "gamesplayed_delta": 2.9597817886367594,
  "gamesfinished": 41573453,
  "gametime": 8326730995.040291,
  "inputs": 29178770684,
  "piecesplaced": 6475705030
}
