{
  "usercount": 8376918,
  "usercount_delta": 0.07747433662599264,
  "anoncount": 6222982,
  "totalaccounts": 13902593,
  "rankedcount": 51996,
  "replaycount": 11218886,
  "gamesplayed": 545839049,
  "gamesplayed_delta": 3.3895022273871778,
  "gamesfinished": 425366728,
  "gametime": 95388164132.52692,
  "inputs": 334632698871,
  "piecesplaced": 76718623361
}
