{
  "usercount": 8814001,
  "usercount_delta": 0.08731946700197342,
  "anoncount": 6505042,
  "totalaccounts": 15293441,
  "rankedcount": 50201,
  "replaycount": 12621428,
  "gamesplayed": 592858081,
  "gamesplayed_delta": 4.313581669897487,
  "gamesfinished": 461238493,
  "gametime": 104072414673.23154,
  "inputs": 366533348042,
  "piecesplaced": 84170398512
}
