{
  "usercount": 867587,
  "usercount_delta": 0.039738520534880487,
  "anoncount": 590919,
  "rankedcount": 14158,
  "replaycount": 1493996,
  "gamesplayed": 45744362,
  "gamesplayed_delta": 9.139859723022512,
  "gamesfinished": 32294071,
  "gametime": 6412737551.7992735,
  "inputs": 22974644892,
  "piecesplaced": 5063306774
}
