{
  "usercount": 1209819,
  "usercount_delta": 0.13541747272305193,
  "anoncount": 853693,
  "rankedcount": 17118,
  "replaycount": 1980539,
  "gamesplayed": 60217837,
  "gamesplayed_delta": 4.333359127137662,
  "gamesfinished": 43583380,
  "gametime": 8739394212.13498,
  "inputs": 30463994173,
  "piecesplaced": 6764212375
}
