{
  "usercount": 874616,
  "usercount_delta": 0.09934432743890324,
  "anoncount": 596359,
  "rankedcount": 14248,
  "replaycount": 1504805,
  "gamesplayed": 46067435,
  "gamesplayed_delta": 2.0067554142658457,
  "gamesfinished": 32545126,
  "gametime": 6464778425.394071,
  "inputs": 23140357660,
  "piecesplaced": 5101203416
}
