{
  "usercount": 1193623,
  "usercount_delta": 0.1758636861028607,
  "anoncount": 841138,
  "rankedcount": 16651,
  "replaycount": 1960844,
  "gamesplayed": 59648226,
  "gamesplayed_delta": 4.357511333437548,
  "gamesfinished": 43123512,
  "gametime": 8645440542.304735,
  "inputs": 30172616825,
  "piecesplaced": 6699172649
}
