{
  "usercount": 3674954,
  "usercount_delta": 0.15820281601012498,
  "anoncount": 2821639,
  "rankedcount": 34310,
  "replaycount": 4287067,
  "gamesplayed": 169532783,
  "gamesplayed_delta": 6.169909824394875,
  "gamesfinished": 132436128,
  "gametime": 28293184411.308186,
  "inputs": 94971321108,
  "piecesplaced": 21296214182
}
