{
  "usercount": 3473294,
  "usercount_delta": 0.07936885883454768,
  "anoncount": 2652775,
  "rankedcount": 33067,
  "replaycount": 4000910,
  "gamesplayed": 161829999,
  "gamesplayed_delta": 3.4604822451862787,
  "gamesfinished": 126317980,
  "gametime": 26913343159.89698,
  "inputs": 90277785680,
  "piecesplaced": 20230248851
}
