{
  "usercount": 2899887,
  "usercount_delta": 0.18339370042639033,
  "anoncount": 2181597,
  "rankedcount": 29874,
  "replaycount": 4279998,
  "gamesplayed": 137535013,
  "gamesplayed_delta": 4.034661409380587,
  "gamesfinished": 106658344,
  "gametime": 22547302193.633213,
  "inputs": 75665963843,
  "piecesplaced": 16921350382
}
