{
  "usercount": 790176,
  "usercount_delta": 0.11051991726794765,
  "anoncount": 530606,
  "rankedcount": 13941,
  "replaycount": 1364546,
  "gamesplayed": 42115364,
  "gamesplayed_delta": 3.7418886275005128,
  "gamesfinished": 29522308,
  "gametime": 5840728644.640337,
  "inputs": 21115010135,
  "piecesplaced": 4638645926
}
