{
  "usercount": 1843587,
  "usercount_delta": 0.08422045546422315,
  "anoncount": 1344691,
  "rankedcount": 26481,
  "replaycount": 2858655,
  "gamesplayed": 86154380,
  "gamesplayed_delta": 7.832502358172753,
  "gamesfinished": 64803554,
  "gametime": 13264469493.277063,
  "inputs": 44903481469,
  "piecesplaced": 9986999543
}
