{
  "usercount": 9589122,
  "usercount_delta": 0.08976123511459519,
  "anoncount": 7126858,
  "totalaccounts": 16812831,
  "rankedcount": 52255,
  "replaycount": 13975272,
  "gamesplayed": 644610278,
  "gamesplayed_delta": 2.767638082700018,
  "gamesfinished": 500882313,
  "gametime": 113704567848.33481,
  "inputs": 402006010873,
  "piecesplaced": 92455830267
}
