{
  "usercount": 1164586,
  "usercount_delta": 0.15910336415224424,
  "anoncount": 818941,
  "rankedcount": 16304,
  "replaycount": 1923284,
  "gamesplayed": 58602240,
  "gamesplayed_delta": 3.4118832534870154,
  "gamesfinished": 42284180,
  "gametime": 8473487662.880198,
  "inputs": 29638536416,
  "piecesplaced": 6579378949
}
