{
  "usercount": 9627197,
  "usercount_delta": 0.47750605409461444,
  "anoncount": 7145616,
  "totalaccounts": 17002659,
  "rankedcount": 49442,
  "replaycount": 14144908,
  "gamesplayed": 652251984,
  "gamesplayed_delta": 5.74712643678161,
  "gamesfinished": 506605117,
  "gametime": 115132457684.28612,
  "inputs": 407475890891,
  "piecesplaced": 93755299279
}
