{
  "usercount": 872151,
  "usercount_delta": 0.0506482982171799,
  "anoncount": 594451,
  "rankedcount": 14339,
  "replaycount": 1501131,
  "gamesplayed": 45954245,
  "gamesplayed_delta": 2.954484062668828,
  "gamesfinished": 32457779,
  "gametime": 6446882643.847321,
  "inputs": 23082612687,
  "piecesplaced": 5088065383
}
