{
  "usercount": 3068482,
  "usercount_delta": 0.1644547502754617,
  "anoncount": 2320207,
  "rankedcount": 30559,
  "replaycount": 4461514,
  "gamesplayed": 144482371,
  "gamesplayed_delta": 5.723025309586067,
  "gamesfinished": 112338611,
  "gametime": 23807013170.389748,
  "inputs": 79834146532,
  "piecesplaced": 17862606147
}
