{
  "usercount": 6665749,
  "usercount_delta": 0.12738447820133117,
  "anoncount": 5340343,
  "rankedcount": 46907,
  "replaycount": 7743018,
  "gamesplayed": 292933575,
  "gamesplayed_delta": 3.13684277570778,
  "gamesfinished": 228175802,
  "gametime": 50102435701.29224,
  "inputs": 170540885292,
  "piecesplaced": 38553077496
}
