{
  "usercount": 6881596,
  "usercount_delta": 0.1442741208295762,
  "anoncount": 5058852,
  "totalaccounts": 10797961,
  "rankedcount": 57030,
  "replaycount": 9445274,
  "gamesplayed": 441860725,
  "gamesplayed_delta": 5.121731289449954,
  "gamesfinished": 344121222,
  "gametime": 76341929124.03062,
  "inputs": 264788975594,
  "piecesplaced": 60411915631
}
