{
  "usercount": 8492094,
  "usercount_delta": 0.343308348114665,
  "anoncount": 6482961,
  "totalaccounts": 12450145,
  "rankedcount": 45312,
  "replaycount": 11115224,
  "gamesplayed": 500225770,
  "gamesplayed_delta": 5.006580076672198,
  "gamesfinished": 389934442,
  "gametime": 87163849119.19583,
  "inputs": 304538392213,
  "piecesplaced": 69701833015
}
