{
  "usercount": 1001078,
  "usercount_delta": 0.03834649896464453,
  "anoncount": 692948,
  "rankedcount": 15052,
  "replaycount": 1695573,
  "gamesplayed": 51673271,
  "gamesplayed_delta": 3.6045709026765858,
  "gamesfinished": 36870295,
  "gametime": 7350578514.640215,
  "inputs": 26015963285,
  "piecesplaced": 5756293670
}
