{
  "usercount": 1642400,
  "usercount_delta": 0.12469216621465756,
  "anoncount": 1188107,
  "rankedcount": 23192,
  "replaycount": 2584354,
  "gamesplayed": 78034462,
  "gamesplayed_delta": 3.522553695564076,
  "gamesfinished": 58064315,
  "gametime": 11801121634.856318,
  "inputs": 40187819285,
  "piecesplaced": 8943433957
}
