{
  "usercount": 836885,
  "usercount_delta": 0.07640703555983436,
  "anoncount": 566984,
  "rankedcount": 14110,
  "replaycount": 1445861,
  "gamesplayed": 44346189,
  "gamesplayed_delta": 1.6351105609804553,
  "gamesfinished": 31222397,
  "gametime": 6193138079.458931,
  "inputs": 22262557219,
  "piecesplaced": 4901175876
}
