{
  "usercount": 8415726,
  "usercount_delta": 0.10251753782164877,
  "anoncount": 6826902,
  "rankedcount": 43528,
  "replaycount": 9675831,
  "gamesplayed": 374224947,
  "gamesplayed_delta": 3.763858174309105,
  "gamesfinished": 290560755,
  "gametime": 64318048612.933075,
  "inputs": 221604098481,
  "piecesplaced": 50410155372
}
