{
  "usercount": 992505,
  "usercount_delta": 0.06091061367443277,
  "anoncount": 686303,
  "rankedcount": 14917,
  "replaycount": 1681681,
  "gamesplayed": 51262626,
  "gamesplayed_delta": 2.588701081163393,
  "gamesfinished": 36558385,
  "gametime": 7286397988.539776,
  "inputs": 25808061698,
  "piecesplaced": 5708874035
}
