{
  "usercount": 1145373,
  "usercount_delta": 0.03792259997345418,
  "anoncount": 804824,
  "rankedcount": 16225,
  "replaycount": 1901956,
  "gamesplayed": 57980236,
  "gamesplayed_delta": 2.559775498208157,
  "gamesfinished": 41783046,
  "gametime": 8369302155.868989,
  "inputs": 29313042024,
  "piecesplaced": 6505993846
}
