{
  "usercount": 882542,
  "usercount_delta": 0.04299595837991229,
  "anoncount": 602496,
  "rankedcount": 14332,
  "replaycount": 1517059,
  "gamesplayed": 46421181,
  "gamesplayed_delta": 2.9953851004672227,
  "gamesfinished": 32819334,
  "gametime": 6520831317.894959,
  "inputs": 23321706042,
  "piecesplaced": 5142578541
}
