{
  "usercount": 1011622,
  "usercount_delta": 0.11848541783036273,
  "anoncount": 701133,
  "rankedcount": 15236,
  "replaycount": 1713355,
  "gamesplayed": 52198863,
  "gamesplayed_delta": 2.860576516190186,
  "gamesfinished": 37272411,
  "gametime": 7434458946.543729,
  "inputs": 26290052610,
  "piecesplaced": 5818707470
}
