{
  "usercount": 1085435,
  "usercount_delta": 0.1325506532853626,
  "anoncount": 758102,
  "rankedcount": 15932,
  "replaycount": 1820244,
  "gamesplayed": 55504062,
  "gamesplayed_delta": 4.582465442151108,
  "gamesfinished": 39832357,
  "gametime": 7968560993.586984,
  "inputs": 28027372189,
  "piecesplaced": 6214480813
}
