{
  "usercount": 969730,
  "usercount_delta": 0.09155832265152902,
  "anoncount": 668661,
  "rankedcount": 14631,
  "replaycount": 1646849,
  "gamesplayed": 50201923,
  "gamesplayed_delta": 2.6704510773362635,
  "gamesfinished": 35738207,
  "gametime": 7117740295.911263,
  "inputs": 25259196356,
  "piecesplaced": 5583682634
}
