{
  "usercount": 803554,
  "usercount_delta": 0.09213193292795283,
  "anoncount": 541134,
  "rankedcount": 13935,
  "replaycount": 1388460,
  "gamesplayed": 42754687,
  "gamesplayed_delta": 2.1743136170996866,
  "gamesfinished": 30010034,
  "gametime": 5941975395.825524,
  "inputs": 21445661765,
  "piecesplaced": 4714536577
}
