{
  "usercount": 2558293,
  "usercount_delta": 0.1692047377326565,
  "anoncount": 1908417,
  "rankedcount": 29809,
  "replaycount": 3868142,
  "gamesplayed": 121624941,
  "gamesplayed_delta": 4.450084602368866,
  "gamesfinished": 93710880,
  "gametime": 19684252316.904205,
  "inputs": 66180867459,
  "piecesplaced": 14776736998
}
