{
  "usercount": 7946753,
  "usercount_delta": 0.25197644020284105,
  "anoncount": 6457437,
  "rankedcount": 39967,
  "replaycount": 8929709,
  "gamesplayed": 343604984,
  "gamesplayed_delta": 4.708809726290592,
  "gamesfinished": 266567040,
  "gametime": 58921610517.36442,
  "inputs": 202309254918,
  "piecesplaced": 45950085714
}
