{
  "usercount": 826191,
  "usercount_delta": 0.016883051104995696,
  "anoncount": 558804,
  "rankedcount": 14000,
  "replaycount": 1428160,
  "gamesplayed": 43844862,
  "gamesplayed_delta": 2.751937330114298,
  "gamesfinished": 30839124,
  "gametime": 6113473647.708988,
  "inputs": 22003633623,
  "piecesplaced": 4842041226
}
