{
  "usercount": 1032779,
  "usercount_delta": 0.06616819956328988,
  "anoncount": 717626,
  "rankedcount": 15454,
  "replaycount": 1746468,
  "gamesplayed": 53228540,
  "gamesplayed_delta": 2.6467279825315955,
  "gamesfinished": 38064512,
  "gametime": 7600473294.717879,
  "inputs": 26834638725,
  "piecesplaced": 5942911773
}
