{
  "usercount": 984051,
  "usercount_delta": 0.014606856458421583,
  "anoncount": 679744,
  "rankedcount": 14767,
  "replaycount": 1667968,
  "gamesplayed": 50851301,
  "gamesplayed_delta": 2.526986167306934,
  "gamesfinished": 36241564,
  "gametime": 7220213577.7738085,
  "inputs": 25592235223,
  "piecesplaced": 5659548282
}
