{
  "usercount": 871261,
  "usercount_delta": 0.09035736337213679,
  "anoncount": 593770,
  "rankedcount": 14301,
  "replaycount": 1499520,
  "gamesplayed": 45912679,
  "gamesplayed_delta": 1.9728024336249868,
  "gamesfinished": 32424919,
  "gametime": 6440237277.493071,
  "inputs": 23061172547,
  "piecesplaced": 5083197840
}
