{
  "usercount": 7899791,
  "usercount_delta": 0.1896094046264695,
  "anoncount": 6415217,
  "rankedcount": 39450,
  "replaycount": 8895143,
  "gamesplayed": 342146765,
  "gamesplayed_delta": 6.446719757299962,
  "gamesfinished": 265426810,
  "gametime": 58668008128.88708,
  "inputs": 201420825502,
  "piecesplaced": 45744876158
}
