{
  "usercount": 1033465,
  "usercount_delta": 0.049626149672467416,
  "anoncount": 718164,
  "rankedcount": 15486,
  "replaycount": 1747582,
  "gamesplayed": 53265739,
  "gamesplayed_delta": 4.201680672268908,
  "gamesfinished": 38092957,
  "gametime": 7606200118.860434,
  "inputs": 26853281998,
  "piecesplaced": 5947169148
}
