{
  "usercount": 1083825,
  "usercount_delta": 0.11607436497649494,
  "anoncount": 756855,
  "rankedcount": 15856,
  "replaycount": 1817680,
  "gamesplayed": 55433335,
  "gamesplayed_delta": 3.2887736743340232,
  "gamesfinished": 39777323,
  "gametime": 7956982738.483093,
  "inputs": 27989546774,
  "piecesplaced": 6205897733
}
