{
  "usercount": 4999350,
  "usercount_delta": 0.2304643087607166,
  "anoncount": 3930315,
  "rankedcount": 42108,
  "replaycount": 5928967,
  "gamesplayed": 224713953,
  "gamesplayed_delta": 5.577236272009341,
  "gamesfinished": 175456922,
  "gametime": 38088948806.37576,
  "inputs": 128701239477,
  "piecesplaced": 28984383816
}
