{
  "usercount": 772171,
  "usercount_delta": 0.018426386585590565,
  "anoncount": 516361,
  "rankedcount": 13894,
  "replaycount": 1333690,
  "gamesplayed": 41293560,
  "gamesplayed_delta": 1.9716233646581904,
  "gamesfinished": 28899002,
  "gametime": 5710306274.676951,
  "inputs": 20684322479,
  "piecesplaced": 4539913987
}
