{
  "usercount": 5013448,
  "usercount_delta": 0.13523107610128807,
  "anoncount": 3942311,
  "rankedcount": 42543,
  "replaycount": 5952030,
  "gamesplayed": 225250303,
  "gamesplayed_delta": 6.69393826701376,
  "gamesfinished": 175823888,
  "gametime": 38183350480.97777,
  "inputs": 129010585940,
  "piecesplaced": 29055895699
}
