{
  "usercount": 831835,
  "usercount_delta": 0,
  "anoncount": 563110,
  "rankedcount": 14097,
  "replaycount": 1437695,
  "gamesplayed": 44108733,
  "gamesplayed_delta": 2.7408400222881495,
  "gamesfinished": 31041554,
  "gametime": 6155473241.225266,
  "inputs": 22138800799,
  "piecesplaced": 4872885666
}
