{
  "usercount": 918330,
  "usercount_delta": 0.10516510922147772,
  "anoncount": 629606,
  "rankedcount": 14263,
  "replaycount": 1571329,
  "gamesplayed": 47969776,
  "gamesplayed_delta": 2.7493164267900605,
  "gamesfinished": 34017635,
  "gametime": 6765752480.217559,
  "inputs": 24117202830,
  "piecesplaced": 5323780504
}
