{
  "usercount": 954356,
  "usercount_delta": 0.06372267890142101,
  "anoncount": 656963,
  "rankedcount": 14455,
  "replaycount": 1622815,
  "gamesplayed": 49507101,
  "gamesplayed_delta": 2.6126298349582617,
  "gamesfinished": 35205719,
  "gametime": 7008625252.406879,
  "inputs": 24904119490,
  "piecesplaced": 5502758685
}
