{
  "usercount": 1147511,
  "usercount_delta": 0.15910055154857872,
  "anoncount": 806447,
  "rankedcount": 16286,
  "replaycount": 1904898,
  "gamesplayed": 58063531,
  "gamesplayed_delta": 3.5709234903125444,
  "gamesfinished": 41849333,
  "gametime": 8382885675.432298,
  "inputs": 29355475449,
  "piecesplaced": 6515488300
}
