{
  "usercount": 1165506,
  "usercount_delta": 0.038690706492300546,
  "anoncount": 819634,
  "rankedcount": 16324,
  "replaycount": 1924553,
  "gamesplayed": 58630753,
  "gamesplayed_delta": 1.7991178518919755,
  "gamesfinished": 42306724,
  "gametime": 8478121637.571549,
  "inputs": 29652837869,
  "piecesplaced": 6582573984
}
