{
  "usercount": 1202283,
  "usercount_delta": 0.09769822970807769,
  "anoncount": 847855,
  "rankedcount": 16889,
  "replaycount": 1971322,
  "gamesplayed": 59948848,
  "gamesplayed_delta": 4.33780139903865,
  "gamesfinished": 43365367,
  "gametime": 8694590395.960085,
  "inputs": 30323933635,
  "piecesplaced": 6732849040
}
