{
  "usercount": 8494838,
  "usercount_delta": 0.2703328956515023,
  "anoncount": 6918572,
  "rankedcount": 43847,
  "replaycount": 9579190,
  "gamesplayed": 370091850,
  "gamesplayed_delta": 6.37213254035684,
  "gamesfinished": 287333292,
  "gametime": 63572604550.37651,
  "inputs": 218892597983,
  "piecesplaced": 49779981693
}
