{
  "usercount": 1217964,
  "usercount_delta": 0.05680527152919791,
  "anoncount": 859898,
  "rankedcount": 17000,
  "replaycount": 1991770,
  "gamesplayed": 60547649,
  "gamesplayed_delta": 2.5751723093236385,
  "gamesfinished": 43849324,
  "gametime": 8794700567.118395,
  "inputs": 30639307888,
  "piecesplaced": 6803654229
}
