{
  "usercount": 894503,
  "usercount_delta": 0.10539629005059023,
  "anoncount": 611764,
  "rankedcount": 14207,
  "replaycount": 1535833,
  "gamesplayed": 46984302,
  "gamesplayed_delta": 3.319983136593592,
  "gamesfinished": 33253893,
  "gametime": 6608456207.755923,
  "inputs": 23605908953,
  "piecesplaced": 5207188686
}
