{
  "usercount": 1154058,
  "usercount_delta": 0.094801107276933,
  "anoncount": 811420,
  "rankedcount": 16276,
  "replaycount": 1913159,
  "gamesplayed": 58322809,
  "gamesplayed_delta": 2.3510674604679385,
  "gamesfinished": 42059390,
  "gametime": 8426205107.71613,
  "inputs": 29493253330,
  "piecesplaced": 6546641582
}
