{
  "usercount": 800762,
  "usercount_delta": 0.12516036171344536,
  "anoncount": 538975,
  "rankedcount": 13991,
  "replaycount": 1383176,
  "gamesplayed": 42617679,
  "gamesplayed_delta": 1.4549892049188022,
  "gamesfinished": 29906479,
  "gametime": 5920119800.395238,
  "inputs": 21374875694,
  "piecesplaced": 4698289975
}
