{
  "usercount": 894700,
  "usercount_delta": 0.015023587031639675,
  "anoncount": 611925,
  "rankedcount": 14210,
  "replaycount": 1536138,
  "gamesplayed": 46994283,
  "gamesplayed_delta": 2.824434361948259,
  "gamesfinished": 33261540,
  "gametime": 6610056454.674249,
  "inputs": 23611091918,
  "piecesplaced": 5208370537
}
