{
  "usercount": 1024054,
  "usercount_delta": 0.11848742340634415,
  "anoncount": 710802,
  "rankedcount": 15247,
  "replaycount": 1732602,
  "gamesplayed": 52787406,
  "gamesplayed_delta": 3.3853549544669757,
  "gamesfinished": 37725793,
  "gametime": 7529355334.034552,
  "inputs": 26599894552,
  "piecesplaced": 5889229554
}
