{
  "usercount": 1065092,
  "usercount_delta": 0,
  "anoncount": 742429,
  "rankedcount": 15732,
  "replaycount": 1790883,
  "gamesplayed": 54592017,
  "gamesplayed_delta": 3.240216433874418,
  "gamesfinished": 39124620,
  "gametime": 7820892268.807463,
  "inputs": 27548051830,
  "piecesplaced": 6105484217
}
