{
  "usercount": 1161003,
  "usercount_delta": 0.05803718248824747,
  "anoncount": 816388,
  "rankedcount": 16215,
  "replaycount": 1919263,
  "gamesplayed": 58493867,
  "gamesplayed_delta": 3.2500822193418584,
  "gamesfinished": 42196439,
  "gametime": 8455006458.213043,
  "inputs": 29580064399,
  "piecesplaced": 6566094683
}
