{
  "usercount": 1097086,
  "usercount_delta": 0.07815858376646216,
  "anoncount": 767160,
  "rankedcount": 15899,
  "replaycount": 1836105,
  "gamesplayed": 55981206,
  "gamesplayed_delta": 4.2205635233889565,
  "gamesfinished": 40207028,
  "gametime": 8045564752.276511,
  "inputs": 28273495356,
  "piecesplaced": 6270180807
}
