{
  "usercount": 1021778,
  "usercount_delta": 0.0580037992488508,
  "anoncount": 709120,
  "rankedcount": 15329,
  "replaycount": 1729961,
  "gamesplayed": 52699237,
  "gamesplayed_delta": 2.914690912254753,
  "gamesfinished": 37658285,
  "gametime": 7514938176.200723,
  "inputs": 26554160192,
  "piecesplaced": 5878809321
}
