{
  "usercount": 1050013,
  "usercount_delta": 0.03868995802139555,
  "anoncount": 730804,
  "rankedcount": 15564,
  "replaycount": 1769940,
  "gamesplayed": 53937149,
  "gamesplayed_delta": 3.2306114947865283,
  "gamesfinished": 38611457,
  "gametime": 7713333717.887432,
  "inputs": 27203793568,
  "piecesplaced": 6027147691
}
