{
  "usercount": 1622186,
  "usercount_delta": 0.031172555681977583,
  "anoncount": 1172230,
  "rankedcount": 22934,
  "replaycount": 2557407,
  "gamesplayed": 77154291,
  "gamesplayed_delta": 4.2862264062719175,
  "gamesfinished": 57327614,
  "gametime": 11639192934.79234,
  "inputs": 39670935936,
  "piecesplaced": 8828224315
}
