{
  "usercount": 1203515,
  "usercount_delta": 0.1563232765358762,
  "anoncount": 848810,
  "rankedcount": 16921,
  "replaycount": 1972754,
  "gamesplayed": 59991392,
  "gamesplayed_delta": 5.725340003126465,
  "gamesfinished": 43400354,
  "gametime": 8701610193.101068,
  "inputs": 30345288184,
  "piecesplaced": 6737597459
}
