{
  "usercount": 2294899,
  "usercount_delta": 0.16205354249043885,
  "anoncount": 1699731,
  "rankedcount": 32916,
  "replaycount": 3518452,
  "gamesplayed": 107959360,
  "gamesplayed_delta": 4.245802813249497,
  "gamesfinished": 82676035,
  "gametime": 17221552835.145508,
  "inputs": 57915514157,
  "piecesplaced": 12896599412
}
