{
  "usercount": 899083,
  "usercount_delta": 0.12225125689573497,
  "anoncount": 615402,
  "rankedcount": 14179,
  "replaycount": 1542628,
  "gamesplayed": 47183214,
  "gamesplayed_delta": 3.4688794144164796,
  "gamesfinished": 33408893,
  "gametime": 6640318780.909646,
  "inputs": 23708323315,
  "piecesplaced": 5230363269
}
