{
  "usercount": 8750894,
  "usercount_delta": 0.1641987102937664,
  "anoncount": 6451844,
  "totalaccounts": 15184441,
  "rankedcount": 50249,
  "replaycount": 12537460,
  "gamesplayed": 589741906,
  "gamesplayed_delta": 4.134822068306663,
  "gamesfinished": 458817251,
  "gametime": 103496347204.35199,
  "inputs": 364433355524,
  "piecesplaced": 83681886200
}
