{
  "usercount": 1228318,
  "usercount_delta": 0.09925394120858215,
  "anoncount": 867943,
  "rankedcount": 17380,
  "replaycount": 2006046,
  "gamesplayed": 60993143,
  "gamesplayed_delta": 4.664935236803362,
  "gamesfinished": 44206853,
  "gametime": 8869053675.475212,
  "inputs": 30876850432,
  "piecesplaced": 6857189046
}
