{
  "usercount": 1040387,
  "usercount_delta": 0.12374706100730108,
  "anoncount": 723362,
  "rankedcount": 15400,
  "replaycount": 1756160,
  "gamesplayed": 53542665,
  "gamesplayed_delta": 3.3765269503420723,
  "gamesfinished": 38305755,
  "gametime": 7650224426.801655,
  "inputs": 26997297074,
  "piecesplaced": 5980064343
}
