{
  "usercount": 1208480,
  "usercount_delta": 0.0634135514759504,
  "anoncount": 852691,
  "rankedcount": 17084,
  "replaycount": 1979125,
  "gamesplayed": 60175635,
  "gamesplayed_delta": 3.0914106344525822,
  "gamesfinished": 43549332,
  "gametime": 8732353678.850485,
  "inputs": 30442447340,
  "piecesplaced": 6759404725
}
