{
  "usercount": 857230,
  "usercount_delta": 0.018737469317393993,
  "anoncount": 582838,
  "rankedcount": 14162,
  "replaycount": 1478437,
  "gamesplayed": 45287270,
  "gamesplayed_delta": 2.510820888530795,
  "gamesfinished": 31938925,
  "gametime": 6340271745.534481,
  "inputs": 22739773202,
  "piecesplaced": 5009875350
}
