{
  "usercount": 1127866,
  "usercount_delta": 0.11376564277588168,
  "anoncount": 791141,
  "rankedcount": 16072,
  "replaycount": 1879729,
  "gamesplayed": 57315035,
  "gamesplayed_delta": 3.7542662116040955,
  "gamesfinished": 41255182,
  "gametime": 8261446102.826759,
  "inputs": 28970268954,
  "piecesplaced": 6428608880
}
