{
  "usercount": 2065015,
  "usercount_delta": 0.11200179202867246,
  "anoncount": 1516829,
  "rankedcount": 31184,
  "replaycount": 3191388,
  "gamesplayed": 96116087,
  "gamesplayed_delta": 5.376086017376278,
  "gamesfinished": 73041876,
  "gametime": 15082935839.341953,
  "inputs": 50793809710,
  "piecesplaced": 11291967713
}
