{
  "usercount": 944348,
  "usercount_delta": 0.09168704156479218,
  "anoncount": 649488,
  "rankedcount": 14379,
  "replaycount": 1610681,
  "gamesplayed": 49080403,
  "gamesplayed_delta": 1.7114914425427874,
  "gamesfinished": 34876401,
  "gametime": 6941208634.537397,
  "inputs": 24683594159,
  "piecesplaced": 5452354980
}
