{
  "usercount": 841096,
  "usercount_delta": 0.05621240795218198,
  "anoncount": 570263,
  "rankedcount": 14102,
  "replaycount": 1452518,
  "gamesplayed": 44548780,
  "gamesplayed_delta": 2.904307744196069,
  "gamesfinished": 31377025,
  "gametime": 6224777750.718272,
  "inputs": 22365938511,
  "piecesplaced": 4924782546
}
