{
  "usercount": 840448,
  "usercount_delta": 0.0993384062146107,
  "anoncount": 569763,
  "rankedcount": 14079,
  "replaycount": 1451393,
  "gamesplayed": 44518581,
  "gamesplayed_delta": 1.986768124292214,
  "gamesfinished": 31354413,
  "gametime": 6220275712.318376,
  "inputs": 22351353244,
  "piecesplaced": 4921490828
}
