{
  "usercount": 782323,
  "usercount_delta": 0.09294832073367207,
  "anoncount": 524349,
  "rankedcount": 13828,
  "replaycount": 1353893,
  "gamesplayed": 41824857,
  "gamesplayed_delta": 2.3237080183418017,
  "gamesfinished": 29301682,
  "gametime": 5794406822.106052,
  "inputs": 20963803275,
  "piecesplaced": 4603936036
}
