{
  "usercount": 1247879,
  "usercount_delta": 0.07584376185058779,
  "anoncount": 883009,
  "rankedcount": 17413,
  "replaycount": 2033324,
  "gamesplayed": 61753033,
  "gamesplayed_delta": 4.133485020857035,
  "gamesfinished": 44817687,
  "gametime": 8994791912.209858,
  "inputs": 31272685578,
  "piecesplaced": 6946132424
}
