{
  "usercount": 1857980,
  "usercount_delta": 0.1627459683385116,
  "anoncount": 1355879,
  "rankedcount": 26816,
  "replaycount": 2879808,
  "gamesplayed": 86720239,
  "gamesplayed_delta": 6.4506583814173695,
  "gamesfinished": 65277579,
  "gametime": 13367516310.217825,
  "inputs": 45234999901,
  "piecesplaced": 10059945727
}
