{
  "usercount": 1058517,
  "usercount_delta": 0.06616929413905477,
  "anoncount": 737318,
  "rankedcount": 15673,
  "replaycount": 1781835,
  "gamesplayed": 54295482,
  "gamesplayed_delta": 3.5731418835089577,
  "gamesfinished": 38892475,
  "gametime": 7771812232.364244,
  "inputs": 27391317810,
  "piecesplaced": 6069604915
}
