{
  "usercount": 8806750,
  "usercount_delta": 0.2794801668895853,
  "anoncount": 6765554,
  "totalaccounts": 12772349,
  "rankedcount": 47098,
  "replaycount": 11379824,
  "gamesplayed": 510017473,
  "gamesplayed_delta": 5.07056874213962,
  "gamesfinished": 397578944,
  "gametime": 88917593682.23305,
  "inputs": 310927045939,
  "piecesplaced": 71189076195
}
