{
  "usercount": 790821,
  "usercount_delta": 0.075297802810114,
  "anoncount": 531136,
  "rankedcount": 13973,
  "replaycount": 1365525,
  "gamesplayed": 42141827,
  "gamesplayed_delta": 3.5389967320753577,
  "gamesfinished": 29543426,
  "gametime": 5845018610.583274,
  "inputs": 21128607203,
  "piecesplaced": 4641734365
}
