{
  "usercount": 7222292,
  "usercount_delta": 0.14770176060498644,
  "anoncount": 5815596,
  "rankedcount": 39660,
  "replaycount": 8338388,
  "gamesplayed": 318718670,
  "gamesplayed_delta": 6.026231832683446,
  "gamesfinished": 247533320,
  "gametime": 54625188059.7567,
  "inputs": 186861068525,
  "piecesplaced": 42361006772
}
