{
  "usercount": 1074017,
  "usercount_delta": 0,
  "anoncount": 749301,
  "rankedcount": 15901,
  "replaycount": 1804231,
  "gamesplayed": 55023770,
  "gamesplayed_delta": 2.676983801316998,
  "gamesfinished": 39457550,
  "gametime": 7890818350.135783,
  "inputs": 27777486275,
  "piecesplaced": 6157804575
}
