{
  "usercount": 970978,
  "usercount_delta": 0.014606856458421583,
  "anoncount": 669632,
  "rankedcount": 14669,
  "replaycount": 1648836,
  "gamesplayed": 50261926,
  "gamesplayed_delta": 3.0382261433516895,
  "gamesfinished": 35783818,
  "gametime": 7127291925.974667,
  "inputs": 25290444311,
  "piecesplaced": 5590802523
}
