{
  "usercount": 1227279,
  "usercount_delta": 0.1354200924725774,
  "anoncount": 867094,
  "rankedcount": 17347,
  "replaycount": 2004593,
  "gamesplayed": 60950855,
  "gamesplayed_delta": 2.6310189394672183,
  "gamesfinished": 44174325,
  "gametime": 8862513583.10412,
  "inputs": 30855094340,
  "piecesplaced": 6852207573
}
