{
  "usercount": 1241950,
  "usercount_delta": 0.07738290998432995,
  "anoncount": 878407,
  "rankedcount": 17425,
  "replaycount": 2024597,
  "gamesplayed": 61516463,
  "gamesplayed_delta": 4.004565591689075,
  "gamesfinished": 44627646,
  "gametime": 8955736386.280165,
  "inputs": 31148592622,
  "piecesplaced": 6918185357
}
