{
  "usercount": 794413,
  "usercount_delta": 0.017818324364776737,
  "anoncount": 533960,
  "rankedcount": 13962,
  "replaycount": 1371731,
  "gamesplayed": 42312981,
  "gamesplayed_delta": 2.0847439506788783,
  "gamesfinished": 29672468,
  "gametime": 5871667938.973622,
  "inputs": 21215323243,
  "piecesplaced": 4661530207
}
