{
  "usercount": 931224,
  "usercount_delta": 0.09014287645918781,
  "anoncount": 639437,
  "rankedcount": 14332,
  "replaycount": 1592335,
  "gamesplayed": 48555859,
  "gamesplayed_delta": 3.215095927044365,
  "gamesfinished": 34471075,
  "gametime": 6857463002.563954,
  "inputs": 24413631158,
  "piecesplaced": 5391070336
}
