{
  "usercount": 8818321,
  "usercount_delta": 0.2147272197426341,
  "anoncount": 6508021,
  "totalaccounts": 15302792,
  "rankedcount": 50165,
  "replaycount": 12634583,
  "gamesplayed": 593308564,
  "gamesplayed_delta": 4.263869077746591,
  "gamesfinished": 461575996,
  "gametime": 104157858586.229,
  "inputs": 366857506394,
  "piecesplaced": 84246423278
}
