{
  "usercount": 3994215,
  "usercount_delta": 0.3099951286479784,
  "anoncount": 3087173,
  "rankedcount": 37733,
  "replaycount": 4714618,
  "gamesplayed": 181560796,
  "gamesplayed_delta": 5.771814061969502,
  "gamesfinished": 141972718,
  "gametime": 30447509957.2209,
  "inputs": 102253481455,
  "piecesplaced": 22941486782
}
