{
  "usercount": 982381,
  "usercount_delta": 0.05842657240512985,
  "anoncount": 678453,
  "rankedcount": 14910,
  "replaycount": 1665206,
  "gamesplayed": 50772563,
  "gamesplayed_delta": 2.3224562531039115,
  "gamesfinished": 36181363,
  "gametime": 7207686273.462832,
  "inputs": 25550423157,
  "piecesplaced": 5649951180
}
