{
  "usercount": 6826125,
  "usercount_delta": 0.14557630017833095,
  "anoncount": 5477196,
  "rankedcount": 44190,
  "replaycount": 7920299,
  "gamesplayed": 300277557,
  "gamesplayed_delta": 4.749426793318047,
  "gamesfinished": 233739325,
  "gametime": 51408525358.46551,
  "inputs": 175204177404,
  "piecesplaced": 39635405692
}
