{
  "usercount": 980641,
  "usercount_delta": 0.10224799520895109,
  "anoncount": 677098,
  "rankedcount": 14844,
  "replaycount": 1662797,
  "gamesplayed": 50690748,
  "gamesplayed_delta": 4.016885526065935,
  "gamesfinished": 36116461,
  "gametime": 7194378133.4850445,
  "inputs": 25506955880,
  "piecesplaced": 5640020718
}
