{
  "usercount": 1124394,
  "usercount_delta": 0.0946790380609733,
  "anoncount": 788457,
  "rankedcount": 16153,
  "replaycount": 1875162,
  "gamesplayed": 57175299,
  "gamesplayed_delta": 3.4652527930316226,
  "gamesfinished": 41145755,
  "gametime": 8239278338.237473,
  "inputs": 28900447951,
  "piecesplaced": 6412823761
}
