{
  "usercount": 4974067,
  "usercount_delta": 0.04455798479087452,
  "anoncount": 3908818,
  "rankedcount": 42179,
  "replaycount": 5901983,
  "gamesplayed": 223680315,
  "gamesplayed_delta": 5.391516159695818,
  "gamesfinished": 174647786,
  "gametime": 37905643900.53814,
  "inputs": 128067943236,
  "piecesplaced": 28839911770
}
