{
  "usercount": 913389,
  "usercount_delta": 0.07495409061949555,
  "anoncount": 625876,
  "rankedcount": 14306,
  "replaycount": 1563162,
  "gamesplayed": 47759146,
  "gamesplayed_delta": 2.229884195929993,
  "gamesfinished": 33855379,
  "gametime": 6732669585.522621,
  "inputs": 24010701160,
  "piecesplaced": 5299637411
}
