{
  "usercount": 1040908,
  "usercount_delta": 0.11097371508291322,
  "anoncount": 723764,
  "rankedcount": 15429,
  "replaycount": 1756922,
  "gamesplayed": 53567435,
  "gamesplayed_delta": 2.8536098164177686,
  "gamesfinished": 38325714,
  "gametime": 7654337119.134242,
  "inputs": 27010661816,
  "piecesplaced": 5983112121
}
