{
  "usercount": 7999402,
  "usercount_delta": 0.045044368703172626,
  "anoncount": 6044142,
  "totalaccounts": 11945340,
  "rankedcount": 47489,
  "replaycount": 10678868,
  "gamesplayed": 483529523,
  "gamesplayed_delta": 2.792750859596703,
  "gamesfinished": 376943282,
  "gametime": 84140577020.24217,
  "inputs": 293369611799,
  "piecesplaced": 67084297971
}
