{
  "usercount": 7111772,
  "usercount_delta": 0.07788404623196984,
  "anoncount": 5263459,
  "totalaccounts": 11033894,
  "rankedcount": 59019,
  "replaycount": 9696285,
  "gamesplayed": 449423824,
  "gamesplayed_delta": 5.249384716034768,
  "gamesfinished": 350247739,
  "gametime": 77736822962.3797,
  "inputs": 269749519171,
  "piecesplaced": 61555903386
}
