{
  "usercount": 9072841,
  "usercount_delta": 0.37553748802974257,
  "anoncount": 7003424,
  "totalaccounts": 13044738,
  "rankedcount": 47772,
  "replaycount": 11606608,
  "gamesplayed": 518674904,
  "gamesplayed_delta": 3.6802673826914774,
  "gamesfinished": 404331539,
  "gametime": 90488828781.29504,
  "inputs": 316685817416,
  "piecesplaced": 72532625387
}
