{
  "usercount": 7964237,
  "usercount_delta": 0.14750785479326772,
  "anoncount": 6013705,
  "totalaccounts": 11909166,
  "rankedcount": 48463,
  "replaycount": 10636767,
  "gamesplayed": 481935544,
  "gamesplayed_delta": 3.8647057955836144,
  "gamesfinished": 375723120,
  "gametime": 83846246710.4497,
  "inputs": 292264263092,
  "piecesplaced": 66823209563
}
