{
  "usercount": 933089,
  "usercount_delta": 0.0337655321447866,
  "anoncount": 640821,
  "rankedcount": 14188,
  "replaycount": 1595351,
  "gamesplayed": 48625404,
  "gamesplayed_delta": 2.735008103727715,
  "gamesfinished": 34523210,
  "gametime": 6868307554.334088,
  "inputs": 24448126218,
  "piecesplaced": 5398901752
}
