{
  "usercount": 865207,
  "usercount_delta": 0.0397377309755613,
  "anoncount": 589029,
  "rankedcount": 14075,
  "replaycount": 1490934,
  "gamesplayed": 45651363,
  "gamesplayed_delta": 1.7683290284124777,
  "gamesfinished": 32222274,
  "gametime": 6398052059.958751,
  "inputs": 22927524132,
  "piecesplaced": 5052619909
}
