{
  "usercount": 1355198,
  "usercount_delta": 0.09528800800419267,
  "anoncount": 965629,
  "rankedcount": 18777,
  "replaycount": 2177274,
  "gamesplayed": 65939541,
  "gamesplayed_delta": 4.065621674845554,
  "gamesfinished": 48204906,
  "gametime": 9703107928.200037,
  "inputs": 33501492374,
  "piecesplaced": 7447255803
}
