{
  "usercount": 5912615,
  "usercount_delta": 0.0823696089090969,
  "anoncount": 4702139,
  "rankedcount": 44099,
  "replaycount": 6881054,
  "gamesplayed": 261023071,
  "gamesplayed_delta": 4.151428289018484,
  "gamesfinished": 203493813,
  "gametime": 44454509090.70895,
  "inputs": 150773719901,
  "piecesplaced": 34027417104
}
