{
  "usercount": 9084956,
  "usercount_delta": 0.12288894350619711,
  "anoncount": 6845307,
  "totalaccounts": 14629358,
  "rankedcount": 49386,
  "replaycount": 12001290,
  "gamesplayed": 570891798,
  "gamesplayed_delta": 3.7042238685439415,
  "gamesfinished": 444436158,
  "gametime": 100022080198.52217,
  "inputs": 351679589809,
  "piecesplaced": 80704269727
}
