{
  "usercount": 924202,
  "usercount_delta": 0.0451773209848656,
  "anoncount": 634056,
  "rankedcount": 14300,
  "replaycount": 1581015,
  "gamesplayed": 48231090,
  "gamesplayed_delta": 2.349220691213011,
  "gamesfinished": 34220446,
  "gametime": 6807079924.518735,
  "inputs": 24249708360,
  "piecesplaced": 5353878886
}
