{
  "usercount": 1002008,
  "usercount_delta": 0.1354073221509453,
  "anoncount": 693634,
  "rankedcount": 14911,
  "replaycount": 1697011,
  "gamesplayed": 51716549,
  "gamesplayed_delta": 2.606590951405697,
  "gamesfinished": 36902627,
  "gametime": 7357501795.069125,
  "inputs": 26038320376,
  "piecesplaced": 5761423340
}
