{
  "usercount": 6507767,
  "usercount_delta": 0.4095501016290993,
  "anoncount": 4729096,
  "rankedcount": 52452,
  "replaycount": 8982218,
  "gamesplayed": 429252123,
  "gamesplayed_delta": 8.160664988016867,
  "gamesfinished": 333996556,
  "gametime": 74031099532.24258,
  "inputs": 256473744181,
  "piecesplaced": 58491529568
}
