{
  "usercount": 931518,
  "usercount_delta": 0.0716609576770384,
  "anoncount": 639674,
  "rankedcount": 14344,
  "replaycount": 1592684,
  "gamesplayed": 48564311,
  "gamesplayed_delta": 2.321815028736044,
  "gamesfinished": 34477439,
  "gametime": 6858766438.176748,
  "inputs": 24417699855,
  "piecesplaced": 5391983310
}
