{
  "usercount": 826506,
  "usercount_delta": 0.07640703555983436,
  "anoncount": 559039,
  "rankedcount": 14015,
  "replaycount": 1428677,
  "gamesplayed": 43859646,
  "gamesplayed_delta": 2.8117789086019043,
  "gamesfinished": 30850253,
  "gametime": 6115795039.361543,
  "inputs": 22011360865,
  "piecesplaced": 4843804571
}
