{
  "usercount": 8612934,
  "usercount_delta": 0.19447685725398675,
  "anoncount": 6358238,
  "totalaccounts": 14750538,
  "rankedcount": 48955,
  "replaycount": 12140998,
  "gamesplayed": 575574023,
  "gamesplayed_delta": 3.4856236723214553,
  "gamesfinished": 447953442,
  "gametime": 100887547846.72394,
  "inputs": 354878373866,
  "piecesplaced": 81452284069
}
