{
  "usercount": 1264856,
  "usercount_delta": 0.0586200832405182,
  "anoncount": 896255,
  "rankedcount": 17629,
  "replaycount": 2055845,
  "gamesplayed": 62400151,
  "gamesplayed_delta": 5.021787130937726,
  "gamesfinished": 45337332,
  "gametime": 9102605196.957558,
  "inputs": 31612294526,
  "piecesplaced": 7022362879
}
