{
  "usercount": 964725,
  "usercount_delta": 0.0977676389115203,
  "anoncount": 664847,
  "rankedcount": 14631,
  "replaycount": 1638759,
  "gamesplayed": 49976970,
  "gamesplayed_delta": 2.4604855792732607,
  "gamesfinished": 35567030,
  "gametime": 7082558845.845745,
  "inputs": 25144625413,
  "piecesplaced": 5557581155
}
