{
  "usercount": 788647,
  "usercount_delta": 1.867385509690827,
  "anoncount": 529397,
  "rankedcount": 13903,
  "replaycount": 1363149,
  "gamesplayed": 42077496,
  "gamesplayed_delta": 2.4245892504856705,
  "gamesfinished": 29493005,
  "gametime": 5834537981.143812,
  "inputs": 21095607986,
  "piecesplaced": 4634176178
}
