{
  "usercount": 7172073,
  "usercount_delta": 0.13055682485801945,
  "anoncount": 5772172,
  "rankedcount": 40137,
  "replaycount": 8291222,
  "gamesplayed": 316630279,
  "gamesplayed_delta": 3.933024348847836,
  "gamesfinished": 245969084,
  "gametime": 54264992625.65621,
  "inputs": 185556240397,
  "piecesplaced": 42056380220
}
