{
  "usercount": 4201818,
  "usercount_delta": 0.17714530343514268,
  "anoncount": 3260948,
  "rankedcount": 40081,
  "replaycount": 4982348,
  "gamesplayed": 189971132,
  "gamesplayed_delta": 6.761045747774612,
  "gamesfinished": 148558934,
  "gametime": 31940833381.918835,
  "inputs": 107374478030,
  "piecesplaced": 24103983689
}
