{
  "usercount": 869852,
  "usercount_delta": 0.018738171529222178,
  "anoncount": 592689,
  "rankedcount": 14239,
  "replaycount": 1497100,
  "gamesplayed": 45842945,
  "gamesplayed_delta": 2.4547004703281057,
  "gamesfinished": 32372570,
  "gametime": 6429459409.787419,
  "inputs": 23025326536,
  "piecesplaced": 5075009486
}
