{
  "usercount": 754542,
  "usercount_delta": 0,
  "anoncount": 502459,
  "rankedcount": 13839,
  "replaycount": 1297247,
  "gamesplayed": 40443983,
  "gamesplayed_delta": 2.5871417505809453,
  "gamesfinished": 28254451,
  "gametime": 5575706779.211348,
  "inputs": 20240398631,
  "piecesplaced": 4438416386
}
