{
  "usercount": 1526418,
  "usercount_delta": 0.07931220456203801,
  "anoncount": 1097097,
  "rankedcount": 21244,
  "replaycount": 2424668,
  "gamesplayed": 73066344,
  "gamesplayed_delta": 5.424954792043399,
  "gamesfinished": 53950813,
  "gametime": 10915514870.186234,
  "inputs": 37343882044,
  "piecesplaced": 8309421787
}
