{
  "usercount": 1163822,
  "usercount_delta": 0.08838763280241828,
  "anoncount": 818393,
  "rankedcount": 16276,
  "replaycount": 1922305,
  "gamesplayed": 58576093,
  "gamesplayed_delta": 3.128922201205607,
  "gamesfinished": 42262924,
  "gametime": 8468968908.79585,
  "inputs": 29624965088,
  "piecesplaced": 6576358958
}
