{
  "usercount": 757235,
  "usercount_delta": 0.07455787182010677,
  "anoncount": 504580,
  "rankedcount": 13947,
  "replaycount": 1302693,
  "gamesplayed": 40572165,
  "gamesplayed_delta": 2.6840833855238437,
  "gamesfinished": 28353221,
  "gametime": 5596221888.306459,
  "inputs": 20307232792,
  "piecesplaced": 4453624569
}
