{
  "usercount": 5153544,
  "usercount_delta": 0.15592414290447695,
  "anoncount": 4059642,
  "rankedcount": 42367,
  "replaycount": 6145706,
  "gamesplayed": 231126421,
  "gamesplayed_delta": 6.100532091137661,
  "gamesfinished": 180213354,
  "gametime": 39191808616.02987,
  "inputs": 132473991696,
  "piecesplaced": 29848784114
}
