{
  "usercount": 8160143,
  "usercount_delta": 0.2590449874794923,
  "anoncount": 6647002,
  "rankedcount": 40756,
  "replaycount": 9110320,
  "gamesplayed": 351394087,
  "gamesplayed_delta": 4.446938951731283,
  "gamesfinished": 272613738,
  "gametime": 60283193378.55653,
  "inputs": 207171834711,
  "piecesplaced": 47079704986
}
