{
  "usercount": 7210281,
  "usercount_delta": 0.10784494977506624,
  "anoncount": 5805175,
  "rankedcount": 39716,
  "replaycount": 8328149,
  "gamesplayed": 318287030,
  "gamesplayed_delta": 5.4384667529426265,
  "gamesfinished": 247206459,
  "gametime": 54550721937.425995,
  "inputs": 186594397107,
  "piecesplaced": 42299054350
}
