{
  "usercount": 3338935,
  "usercount_delta": 0.039551486147091974,
  "anoncount": 2540334,
  "rankedcount": 31719,
  "replaycount": 3772825,
  "gamesplayed": 156913104,
  "gamesplayed_delta": 5.715189748254791,
  "gamesfinished": 122361616,
  "gametime": 26024075858.027473,
  "inputs": 87292767755,
  "piecesplaced": 19554166689
}
