{
  "usercount": 8093553,
  "usercount_delta": 0.19377967251235348,
  "anoncount": 5968388,
  "totalaccounts": 13612819,
  "rankedcount": 50002,
  "replaycount": 10893386,
  "gamesplayed": 536416421,
  "gamesplayed_delta": 4.360042631527953,
  "gamesfinished": 418097626,
  "gametime": 93675944623.0474,
  "inputs": 328360128887,
  "piecesplaced": 75254819406
}
