{
  "usercount": 845687,
  "usercount_delta": 0.06753334458889076,
  "anoncount": 573862,
  "rankedcount": 14079,
  "replaycount": 1459956,
  "gamesplayed": 44756636,
  "gamesplayed_delta": 1.8402836400472735,
  "gamesfinished": 31534898,
  "gametime": 6257212427.702634,
  "inputs": 22471920442,
  "piecesplaced": 4948988672
}
