{
  "usercount": 8247183,
  "usercount_delta": 0.07033214354790499,
  "anoncount": 6724392,
  "rankedcount": 41579,
  "replaycount": 9182271,
  "gamesplayed": 354357299,
  "gamesplayed_delta": 3.850684859247798,
  "gamesfinished": 274940684,
  "gametime": 60798239238.527336,
  "inputs": 208995080017,
  "piecesplaced": 47500130233
}
