{
  "usercount": 919918,
  "usercount_delta": 0.059606596463341946,
  "anoncount": 630814,
  "rankedcount": 14326,
  "replaycount": 1574037,
  "gamesplayed": 48041479,
  "gamesplayed_delta": 3.119411881581562,
  "gamesfinished": 34073378,
  "gametime": 6776995005.138144,
  "inputs": 24153534143,
  "piecesplaced": 5331986222
}
