{
  "usercount": 3926858,
  "usercount_delta": 0.1877440672874737,
  "anoncount": 3031152,
  "rankedcount": 37038,
  "replaycount": 4625097,
  "gamesplayed": 178813323,
  "gamesplayed_delta": 5.85761489936918,
  "gamesfinished": 139813202,
  "gametime": 29956387181.21406,
  "inputs": 100587045916,
  "piecesplaced": 22563555198
}
