{
  "usercount": 1034158,
  "usercount_delta": 0.10606703436571914,
  "anoncount": 718698,
  "rankedcount": 15346,
  "replaycount": 1748328,
  "gamesplayed": 53296954,
  "gamesplayed_delta": 3.1466553528496677,
  "gamesfinished": 38117073,
  "gametime": 7611171384.628762,
  "inputs": 26869593589,
  "piecesplaced": 5950876995
}
