{
  "usercount": 3151350,
  "usercount_delta": 0.11479926528470218,
  "anoncount": 2388514,
  "rankedcount": 30769,
  "replaycount": 3620518,
  "gamesplayed": 148153401,
  "gamesplayed_delta": 4.32957229073734,
  "gamesfinished": 115318795,
  "gametime": 24462321628.621384,
  "inputs": 82029500753,
  "piecesplaced": 18360722096
}
