{
  "usercount": 6389207,
  "usercount_delta": 0.1461964555481555,
  "anoncount": 5105930,
  "rankedcount": 48010,
  "replaycount": 7415507,
  "gamesplayed": 280229668,
  "gamesplayed_delta": 6.708792904598691,
  "gamesfinished": 218453850,
  "gametime": 47838352141.71809,
  "inputs": 162535558432,
  "piecesplaced": 36709091408
}
