{
  "usercount": 731969,
  "usercount_delta": 0.06376737661012626,
  "anoncount": 484722,
  "rankedcount": 13456,
  "replaycount": 1241320,
  "gamesplayed": 39450628,
  "gamesplayed_delta": 2.6144624410151764,
  "gamesfinished": 27500405,
  "gametime": 5419691184.276084,
  "inputs": 19732888399,
  "piecesplaced": 4323246019
}
