{
  "usercount": 8032224,
  "usercount_delta": 0.13512904824107022,
  "anoncount": 6072948,
  "totalaccounts": 11979037,
  "rankedcount": 46905,
  "replaycount": 10709980,
  "gamesplayed": 484768632,
  "gamesplayed_delta": 4.023842769845203,
  "gamesfinished": 377904238,
  "gametime": 84366832844.3295,
  "inputs": 294210560531,
  "piecesplaced": 67282269873
}
