{
  "usercount": 7738415,
  "usercount_delta": 0.15236160487557135,
  "anoncount": 6271430,
  "rankedcount": 39229,
  "replaycount": 8762833,
  "gamesplayed": 336453665,
  "gamesplayed_delta": 4.316912138141189,
  "gamesfinished": 261074391,
  "gametime": 57686460794.928955,
  "inputs": 197884527657,
  "piecesplaced": 44922358532
}
