{
  "usercount": 754191,
  "usercount_delta": 0.029822259334367173,
  "anoncount": 502185,
  "rankedcount": 13827,
  "replaycount": 1296343,
  "gamesplayed": 40424410,
  "gamesplayed_delta": 3.3848264344506744,
  "gamesfinished": 28239835,
  "gametime": 5572706671.646525,
  "inputs": 20230678920,
  "piecesplaced": 4436183056
}
