{
  "usercount": 1134911,
  "usercount_delta": 0.14155617420846506,
  "anoncount": 796664,
  "rankedcount": 16122,
  "replaycount": 1888996,
  "gamesplayed": 57589993,
  "gamesplayed_delta": 2.7839380927664794,
  "gamesfinished": 41472746,
  "gametime": 8306173929.994142,
  "inputs": 29112673964,
  "piecesplaced": 6460807487
}
