{
  "usercount": 885672,
  "usercount_delta": 0.10696821515892421,
  "anoncount": 604956,
  "rankedcount": 14252,
  "replaycount": 1522084,
  "gamesplayed": 46570918,
  "gamesplayed_delta": 2.2921760391198043,
  "gamesfinished": 32935655,
  "gametime": 6544001261.830284,
  "inputs": 23397745843,
  "piecesplaced": 5159936278
}
