{
  "usercount": 6074790,
  "usercount_delta": 0.07750285791788572,
  "anoncount": 4356314,
  "rankedcount": 44071,
  "replaycount": 10604719,
  "gamesplayed": 412559206,
  "gamesplayed_delta": 4.030148611730057,
  "gamesfinished": 320675856,
  "gametime": 71039833305.65047,
  "inputs": 245782963444,
  "piecesplaced": 56018433675
}
