{
  "usercount": 972589,
  "usercount_delta": 0.06770824517155577,
  "anoncount": 670900,
  "rankedcount": 14732,
  "replaycount": 1651204,
  "gamesplayed": 50332104,
  "gamesplayed_delta": 2.1497367841968957,
  "gamesfinished": 35836755,
  "gametime": 7138338779.593634,
  "inputs": 25326057945,
  "piecesplaced": 5598898346
}
