{
  "usercount": 895337,
  "usercount_delta": 0.030118667550147582,
  "anoncount": 612445,
  "rankedcount": 14225,
  "replaycount": 1537066,
  "gamesplayed": 47022494,
  "gamesplayed_delta": 1.7619420516836337,
  "gamesfinished": 33283147,
  "gametime": 6614746561.658129,
  "inputs": 23626328397,
  "piecesplaced": 5211843316
}
