{
  "usercount": 1095756,
  "usercount_delta": 0.12374706100730108,
  "anoncount": 766090,
  "rankedcount": 15861,
  "replaycount": 1834615,
  "gamesplayed": 55927382,
  "gamesplayed_delta": 2.9522513126027543,
  "gamesfinished": 40164309,
  "gametime": 8036894038.723189,
  "inputs": 28245692081,
  "piecesplaced": 6263894386
}
