{
  "usercount": 1238235,
  "usercount_delta": 0.1323342100474749,
  "anoncount": 875622,
  "rankedcount": 17304,
  "replaycount": 2019759,
  "gamesplayed": 61389828,
  "gamesplayed_delta": 4.482821365358212,
  "gamesfinished": 44524151,
  "gametime": 8934746689.784237,
  "inputs": 31083905336,
  "piecesplaced": 6903713093
}
