{
  "usercount": 1028853,
  "usercount_delta": 0.0586200832405182,
  "anoncount": 714503,
  "rankedcount": 15278,
  "replaycount": 1740373,
  "gamesplayed": 53035747,
  "gamesplayed_delta": 3.4390448834437346,
  "gamesfinished": 37916629,
  "gametime": 7569224973.911498,
  "inputs": 26730761209,
  "piecesplaced": 5919146018
}
