{
  "usercount": 1059257,
  "usercount_delta": 0.0786435559470257,
  "anoncount": 737892,
  "rankedcount": 15698,
  "replaycount": 1782971,
  "gamesplayed": 54330739,
  "gamesplayed_delta": 3.114284815502218,
  "gamesfinished": 38919292,
  "gametime": 7777339624.377265,
  "inputs": 27409364151,
  "piecesplaced": 6073733865
}
