{
  "usercount": 801301,
  "usercount_delta": 0.03547042653187905,
  "anoncount": 539395,
  "rankedcount": 13847,
  "replaycount": 1384339,
  "gamesplayed": 42644779,
  "gamesplayed_delta": 2.0040790990511663,
  "gamesfinished": 29926850,
  "gametime": 5924394893.619776,
  "inputs": 21389141610,
  "piecesplaced": 4701572404
}
