{
  "usercount": 7370999,
  "usercount_delta": 0.308142670056236,
  "anoncount": 5945589,
  "rankedcount": 39221,
  "replaycount": 8468845,
  "gamesplayed": 324263421,
  "gamesplayed_delta": 4.837839919882906,
  "gamesfinished": 251744966,
  "gametime": 55580001195.412155,
  "inputs": 190304825061,
  "piecesplaced": 43162350056
}
