{
  "usercount": 9126949,
  "usercount_delta": 0.10736031655956198,
  "anoncount": 6763545,
  "totalaccounts": 15849256,
  "rankedcount": 51918,
  "replaycount": 13094933,
  "gamesplayed": 610470716,
  "gamesplayed_delta": 4.877225809420102,
  "gamesfinished": 474842281,
  "gametime": 107362801419.42697,
  "inputs": 378591287071,
  "piecesplaced": 86983916250
}
