{
  "usercount": 784717,
  "usercount_delta": 0.09387027128508402,
  "anoncount": 526193,
  "rankedcount": 13923,
  "replaycount": 1357929,
  "gamesplayed": 41940243,
  "gamesplayed_delta": 2.534497324697268,
  "gamesfinished": 29389613,
  "gametime": 5812821669.5195,
  "inputs": 21024217710,
  "piecesplaced": 4617819447
}
