{
  "usercount": 959108,
  "usercount_delta": 0.0637216637726411,
  "anoncount": 660530,
  "rankedcount": 14626,
  "replaycount": 1630490,
  "gamesplayed": 49731265,
  "gamesplayed_delta": 3.297596100234177,
  "gamesfinished": 35377672,
  "gametime": 7043725848.757854,
  "inputs": 25018673040,
  "piecesplaced": 5528897309
}
