{
  "usercount": 4315618,
  "usercount_delta": 0.06349407917711673,
  "anoncount": 3359887,
  "rankedcount": 39785,
  "replaycount": 5099974,
  "gamesplayed": 194182980,
  "gamesplayed_delta": 3.809644750627004,
  "gamesfinished": 151776792,
  "gametime": 32682785037.219627,
  "inputs": 109980160538,
  "piecesplaced": 24703172485
}
