{
  "usercount": 7317591,
  "usercount_delta": 0.04563709382986491,
  "anoncount": 5899164,
  "rankedcount": 39601,
  "replaycount": 8419588,
  "gamesplayed": 322163633,
  "gamesplayed_delta": 4.472435195326761,
  "gamesfinished": 250158959,
  "gametime": 55218229188.619865,
  "inputs": 188991220480,
  "piecesplaced": 42855931380
}
