{
  "usercount": 1023112,
  "usercount_delta": 0.05843254692863925,
  "anoncount": 710083,
  "rankedcount": 15379,
  "replaycount": 1731314,
  "gamesplayed": 52742873,
  "gamesplayed_delta": 3.739683003432912,
  "gamesfinished": 37691647,
  "gametime": 7521978510.836314,
  "inputs": 26576679303,
  "piecesplaced": 5883920067
}
