{
  "usercount": 783667,
  "usercount_delta": 0.01549162677572772,
  "anoncount": 525382,
  "rankedcount": 13888,
  "replaycount": 1356185,
  "gamesplayed": 41892238,
  "gamesplayed_delta": 2.587101671546529,
  "gamesfinished": 29352319,
  "gametime": 5805151564.714086,
  "inputs": 20999175382,
  "piecesplaced": 4612081804
}
