{
  "usercount": 809686,
  "usercount_delta": 0.0301191211240456,
  "anoncount": 545843,
  "rankedcount": 13881,
  "replaycount": 1399913,
  "gamesplayed": 43063621,
  "gamesplayed_delta": 2.484827492733762,
  "gamesfinished": 30242567,
  "gametime": 5990591283.966239,
  "inputs": 21603939418,
  "piecesplaced": 4750733756
}
