{
  "usercount": 741423,
  "usercount_delta": 0.060232799771115356,
  "anoncount": 492250,
  "rankedcount": 13605,
  "replaycount": 1264887,
  "gamesplayed": 39812690,
  "gamesplayed_delta": 2.213555391588489,
  "gamesfinished": 27776029,
  "gametime": 5476103014.373832,
  "inputs": 19916090950,
  "piecesplaced": 4364825019
}
