{
  "usercount": 7040576,
  "usercount_delta": 0.01728548710502662,
  "anoncount": 5658873,
  "rankedcount": 42317,
  "replaycount": 8164008,
  "gamesplayed": 310839719,
  "gamesplayed_delta": 3.284242549955058,
  "gamesfinished": 241654612,
  "gametime": 53265925217.696365,
  "inputs": 181936718603,
  "piecesplaced": 41209149573
}
