{
  "usercount": 1086343,
  "usercount_delta": 0.14155840070464626,
  "anoncount": 758765,
  "rankedcount": 15950,
  "replaycount": 1821189,
  "gamesplayed": 55530856,
  "gamesplayed_delta": 3.853534241404259,
  "gamesfinished": 39853838,
  "gametime": 7973156019.377034,
  "inputs": 28041977551,
  "piecesplaced": 6217772129
}
