{
  "usercount": 2009804,
  "usercount_delta": 0.0885360563089318,
  "anoncount": 1473468,
  "rankedcount": 30027,
  "replaycount": 3108431,
  "gamesplayed": 93410892,
  "gamesplayed_delta": 6.138499904085939,
  "gamesfinished": 70818949,
  "gametime": 14588406858.924664,
  "inputs": 49185305855,
  "piecesplaced": 10934194272
}
