{
  "usercount": 799899,
  "usercount_delta": 0.09212853773584906,
  "anoncount": 538302,
  "rankedcount": 13956,
  "replaycount": 1381338,
  "gamesplayed": 42566191,
  "gamesplayed_delta": 2.6901533018867925,
  "gamesfinished": 29867952,
  "gametime": 5912050982.454812,
  "inputs": 21347798791,
  "piecesplaced": 4692034964
}
