{
  "usercount": 8420701,
  "usercount_delta": 0.3646086533787069,
  "anoncount": 6869095,
  "rankedcount": 42670,
  "replaycount": 9392513,
  "gamesplayed": 362737065,
  "gamesplayed_delta": 3.767622751579971,
  "gamesfinished": 281530958,
  "gametime": 62268176393.711975,
  "inputs": 214227443023,
  "piecesplaced": 48708104439
}
