{
  "usercount": 818957,
  "usercount_delta": 0.03547168472766614,
  "anoncount": 553110,
  "rankedcount": 13883,
  "replaycount": 1416334,
  "gamesplayed": 43504529,
  "gamesplayed_delta": 3.369810049128283,
  "gamesfinished": 30577979,
  "gametime": 6059934261.06508,
  "inputs": 21829152527,
  "piecesplaced": 4802155717
}
