{
  "usercount": 1152443,
  "usercount_delta": 0.09770204783492262,
  "anoncount": 810200,
  "rankedcount": 16224,
  "replaycount": 1910815,
  "gamesplayed": 58258203,
  "gamesplayed_delta": 3.8690010942629356,
  "gamesfinished": 42008245,
  "gametime": 8415246705.654996,
  "inputs": 29457699530,
  "piecesplaced": 6538578903
}
