{
  "usercount": 8299057,
  "usercount_delta": 0.2767442575566557,
  "anoncount": 6770349,
  "rankedcount": 41703,
  "replaycount": 9227305,
  "gamesplayed": 356218558,
  "gamesplayed_delta": 4.120414501399096,
  "gamesfinished": 276400988,
  "gametime": 61121516032.30029,
  "inputs": 210146357174,
  "piecesplaced": 47766615541
}
