{
  "usercount": 9567759,
  "usercount_delta": 0.1782880778762324,
  "anoncount": 7111310,
  "totalaccounts": 16755203,
  "rankedcount": 52692,
  "replaycount": 13921561,
  "gamesplayed": 642236315,
  "gamesplayed_delta": 4.546345985843927,
  "gamesfinished": 499104196,
  "gametime": 113257285260.27094,
  "inputs": 400304105706,
  "piecesplaced": 92051831364
}
