{
  "usercount": 1089575,
  "usercount_delta": 0.12582968951524112,
  "anoncount": 761260,
  "rankedcount": 15849,
  "replaycount": 1825543,
  "gamesplayed": 55659353,
  "gamesplayed_delta": 3.8692629525936644,
  "gamesfinished": 39956140,
  "gametime": 7993990427.823357,
  "inputs": 28107288256,
  "piecesplaced": 6232571647
}
