{
  "usercount": 875223,
  "usercount_delta": 0.07165993063318715,
  "anoncount": 596842,
  "rankedcount": 14271,
  "replaycount": 1505713,
  "gamesplayed": 46093430,
  "gamesplayed_delta": 2.293117780261989,
  "gamesfinished": 32565307,
  "gametime": 6468949785.839861,
  "inputs": 23153814358,
  "piecesplaced": 5104232785
}
