{
  "usercount": 9189498,
  "usercount_delta": 0.15324104816876946,
  "anoncount": 6814113,
  "totalaccounts": 15962372,
  "rankedcount": 52394,
  "replaycount": 13198478,
  "gamesplayed": 614362874,
  "gamesplayed_delta": 4.443990396894315,
  "gamesfinished": 477848254,
  "gametime": 108092504086.49109,
  "inputs": 381276103259,
  "piecesplaced": 87609526183
}
