{
  "usercount": 6197031,
  "usercount_delta": 0.18044915434964484,
  "anoncount": 4458742,
  "rankedcount": 45557,
  "replaycount": 8563075,
  "gamesplayed": 418241809,
  "gamesplayed_delta": 5.003362916058334,
  "gamesfinished": 325212229,
  "gametime": 72056695620.0511,
  "inputs": 249424497227,
  "piecesplaced": 56862634252
}
