{
  "usercount": 976202,
  "usercount_delta": 0.03834723420573291,
  "anoncount": 673670,
  "rankedcount": 14686,
  "replaycount": 1656216,
  "gamesplayed": 50497706,
  "gamesplayed_delta": 3.6429872495446265,
  "gamesfinished": 35967263,
  "gametime": 7164364804.708553,
  "inputs": 25409282037,
  "piecesplaced": 5617782784
}
