{
  "usercount": 821751,
  "usercount_delta": 0.015023812743197968,
  "anoncount": 555309,
  "rankedcount": 13995,
  "replaycount": 1420911,
  "gamesplayed": 43634091,
  "gamesplayed_delta": 1.4873574615765988,
  "gamesfinished": 30677945,
  "gametime": 6080652691.973128,
  "inputs": 21896676368,
  "piecesplaced": 4817622710
}
