{
  "usercount": 1111670,
  "usercount_delta": 0.05303445471741475,
  "anoncount": 778420,
  "rankedcount": 16065,
  "replaycount": 1856640,
  "gamesplayed": 56609688,
  "gamesplayed_delta": 3.182067283044885,
  "gamesfinished": 40701413,
  "gametime": 8147817446.450237,
  "inputs": 28606524430,
  "piecesplaced": 6346026885
}
