{
  "usercount": 9536688,
  "usercount_delta": 0.12852850922995357,
  "anoncount": 7090202,
  "totalaccounts": 16652128,
  "rankedcount": 53796,
  "replaycount": 13828301,
  "gamesplayed": 638339351,
  "gamesplayed_delta": 5.542791960541748,
  "gamesfinished": 496167657,
  "gametime": 112534515861.34673,
  "inputs": 397608152218,
  "piecesplaced": 91418014575
}
