{
  "usercount": 761467,
  "usercount_delta": 0.04693440135171076,
  "anoncount": 507949,
  "rankedcount": 13946,
  "replaycount": 1310812,
  "gamesplayed": 40764675,
  "gamesplayed_delta": 2.3154304666843974,
  "gamesfinished": 28501354,
  "gametime": 5626792425.575417,
  "inputs": 20406392420,
  "piecesplaced": 4476252522
}
