{
  "usercount": 6404876,
  "usercount_delta": 0.32627441231763593,
  "anoncount": 5119274,
  "rankedcount": 48110,
  "replaycount": 7432921,
  "gamesplayed": 280850974,
  "gamesplayed_delta": 4.9562636918726595,
  "gamesfinished": 218938533,
  "gametime": 47948922142.42831,
  "inputs": 162916383962,
  "piecesplaced": 36795969978
}
