{
  "usercount": 1065665,
  "usercount_delta": 0.03787161522438932,
  "anoncount": 742865,
  "rankedcount": 15745,
  "replaycount": 1791530,
  "gamesplayed": 54617087,
  "gamesplayed_delta": 3.4084453701950386,
  "gamesfinished": 39144552,
  "gametime": 7824910899.966604,
  "inputs": 27560780302,
  "piecesplaced": 6108398133
}
