{
  "usercount": 774341,
  "usercount_delta": 0.055278141180372574,
  "anoncount": 518041,
  "rankedcount": 13848,
  "replaycount": 1338297,
  "gamesplayed": 41416773,
  "gamesplayed_delta": 2.1374214589744063,
  "gamesfinished": 28993526,
  "gametime": 5730104434.381328,
  "inputs": 20749882400,
  "piecesplaced": 4554916309
}
