{
  "usercount": 8885396,
  "usercount_delta": 0.14947012839484028,
  "anoncount": 6670733,
  "totalaccounts": 14424224,
  "rankedcount": 49662,
  "replaycount": 11774806,
  "gamesplayed": 563420814,
  "gamesplayed_delta": 4.797991121474373,
  "gamesfinished": 438761762,
  "gametime": 98641854350.50323,
  "inputs": 346610952738,
  "piecesplaced": 79521949889
}
