{
  "usercount": 1098310,
  "usercount_delta": 0.0773799160427911,
  "anoncount": 768137,
  "rankedcount": 15935,
  "replaycount": 1837711,
  "gamesplayed": 56032603,
  "gamesplayed_delta": 2.1666376491981505,
  "gamesfinished": 40247837,
  "gametime": 8053655121.43651,
  "inputs": 28300329879,
  "piecesplaced": 6276292546
}
