{
  "usercount": 1137702,
  "usercount_delta": 0.09512032721392562,
  "anoncount": 798923,
  "rankedcount": 16212,
  "replaycount": 1892674,
  "gamesplayed": 57699229,
  "gamesplayed_delta": 3.3767716160943593,
  "gamesfinished": 41559336,
  "gametime": 8323820269.737488,
  "inputs": 29169882723,
  "piecesplaced": 6473723612
}
