{
  "usercount": 1107138,
  "usercount_delta": 0.019344979010697774,
  "anoncount": 774954,
  "rankedcount": 16049,
  "replaycount": 1849742,
  "gamesplayed": 56398822,
  "gamesplayed_delta": 3.249956473797226,
  "gamesfinished": 40535500,
  "gametime": 8113362623.924615,
  "inputs": 28494244472,
  "piecesplaced": 6320435512
}
