{
  "usercount": 820121,
  "usercount_delta": 0.03546979746745646,
  "anoncount": 554043,
  "rankedcount": 13934,
  "replaycount": 1418154,
  "gamesplayed": 43555499,
  "gamesplayed_delta": 2.855318696130245,
  "gamesfinished": 30616870,
  "gametime": 6068124147.470451,
  "inputs": 21855173223,
  "piecesplaced": 4808119313
}
