{
  "usercount": 753234,
  "usercount_delta": 0.03677349366576572,
  "anoncount": 501434,
  "rankedcount": 13787,
  "replaycount": 1294211,
  "gamesplayed": 40378475,
  "gamesplayed_delta": 1.5260999871292773,
  "gamesfinished": 28205301,
  "gametime": 5565431178.807758,
  "inputs": 20206888597,
  "piecesplaced": 4430748231
}
