{
  "usercount": 992866,
  "usercount_delta": 0.05751974844696679,
  "anoncount": 686601,
  "rankedcount": 14725,
  "replaycount": 1682188,
  "gamesplayed": 51278687,
  "gamesplayed_delta": 2.2816166883963493,
  "gamesfinished": 36570981,
  "gametime": 7289024934.844562,
  "inputs": 25816937461,
  "piecesplaced": 5710899309
}
