{
  "usercount": 5344904,
  "usercount_delta": 0.01646253127880943,
  "anoncount": 4220702,
  "rankedcount": 42334,
  "replaycount": 6288046,
  "gamesplayed": 238639150,
  "gamesplayed_delta": 4.642433820624259,
  "gamesfinished": 186044314,
  "gametime": 40510505340.32994,
  "inputs": 137054656635,
  "piecesplaced": 30893892605
}
