{
  "usercount": 735408,
  "usercount_delta": 0.019239649068800987,
  "anoncount": 487426,
  "rankedcount": 13572,
  "replaycount": 1250939,
  "gamesplayed": 39589669,
  "gamesplayed_delta": 2.3472371863937203,
  "gamesfinished": 27606578,
  "gametime": 5441025710.55027,
  "inputs": 19801813923,
  "piecesplaced": 4338851792
}
