{
  "usercount": 7448687,
  "usercount_delta": 0.2574043983976576,
  "anoncount": 6014112,
  "rankedcount": 39102,
  "replaycount": 8531593,
  "gamesplayed": 326889373,
  "gamesplayed_delta": 4.713718045657105,
  "gamesfinished": 253753915,
  "gametime": 56033049483.62745,
  "inputs": 191935075956,
  "piecesplaced": 43541051020
}
