{
  "usercount": 1037352,
  "usercount_delta": 0.01767783906095319,
  "anoncount": 721187,
  "rankedcount": 15466,
  "replaycount": 1752671,
  "gamesplayed": 53445302,
  "gamesplayed_delta": 3.6593126856173104,
  "gamesfinished": 38229627,
  "gametime": 7634661027.132648,
  "inputs": 26947940106,
  "piecesplaced": 5968838937
}
