{
  "usercount": 4929423,
  "usercount_delta": 0.11973794495475616,
  "anoncount": 3871376,
  "rankedcount": 41910,
  "replaycount": 5851244,
  "gamesplayed": 221689249,
  "gamesplayed_delta": 4.4987256461572676,
  "gamesfinished": 173094334,
  "gametime": 37554000705.753624,
  "inputs": 126849562546,
  "piecesplaced": 28560789085
}
