{
  "usercount": 818756,
  "usercount_delta": 0.03376610220999139,
  "anoncount": 552957,
  "rankedcount": 13874,
  "replaycount": 1416053,
  "gamesplayed": 43495543,
  "gamesplayed_delta": 2.6675220745893196,
  "gamesfinished": 30571240,
  "gametime": 6058486427.782967,
  "inputs": 21824600627,
  "piecesplaced": 4801123713
}
