{
  "usercount": 1047459,
  "usercount_delta": 0.1426804908208884,
  "anoncount": 728815,
  "rankedcount": 15679,
  "replaycount": 1766142,
  "gamesplayed": 53824355,
  "gamesplayed_delta": 3.6145724341291734,
  "gamesfinished": 38524690,
  "gametime": 7695537023.589678,
  "inputs": 27145001824,
  "piecesplaced": 6013770055
}
