{
  "usercount": 824496,
  "usercount_delta": 0.06753220441998278,
  "anoncount": 557459,
  "rankedcount": 13932,
  "replaycount": 1425637,
  "gamesplayed": 43766501,
  "gamesplayed_delta": 2.599989870169337,
  "gamesfinished": 30777507,
  "gametime": 6100949260.226086,
  "inputs": 21962009355,
  "piecesplaced": 4832537482
}
