{
  "usercount": 7886120,
  "usercount_delta": 0.14097744360902256,
  "anoncount": 6402771,
  "rankedcount": 39063,
  "replaycount": 8885770,
  "gamesplayed": 341706216,
  "gamesplayed_delta": 4.2293233082706765,
  "gamesfinished": 265086482,
  "gametime": 58592363506.40234,
  "inputs": 201149559690,
  "piecesplaced": 45681789044
}
