{
  "usercount": 781680,
  "usercount_delta": 0.05621556796462167,
  "anoncount": 523833,
  "rankedcount": 13964,
  "replaycount": 1352551,
  "gamesplayed": 41788695,
  "gamesplayed_delta": 2.6796087396469663,
  "gamesfinished": 29274199,
  "gametime": 5788709595.135711,
  "inputs": 20944944909,
  "piecesplaced": 4599591087
}
