{
  "usercount": 767055,
  "usercount_delta": 0.017818324364776737,
  "anoncount": 512312,
  "rankedcount": 13876,
  "replaycount": 1323411,
  "gamesplayed": 41040092,
  "gamesplayed_delta": 1.550194219735576,
  "gamesfinished": 28708345,
  "gametime": 5670382459.787933,
  "inputs": 20551698618,
  "piecesplaced": 4509596110
}
