{
  "usercount": 1092241,
  "usercount_delta": 0.09925229934493483,
  "anoncount": 763335,
  "rankedcount": 15956,
  "replaycount": 1829495,
  "gamesplayed": 55779991,
  "gamesplayed_delta": 3.2422417786012043,
  "gamesfinished": 40049985,
  "gametime": 8013460215.040353,
  "inputs": 28171008317,
  "piecesplaced": 6247071839
}
