{
  "usercount": 1184508,
  "usercount_delta": 0.13677752159130876,
  "anoncount": 834082,
  "rankedcount": 16547,
  "replaycount": 1949093,
  "gamesplayed": 59307888,
  "gamesplayed_delta": 3.7516120207901835,
  "gamesfinished": 42850547,
  "gametime": 8589331464.199342,
  "inputs": 29997888654,
  "piecesplaced": 6660009293
}
