{
  "usercount": 5995623,
  "usercount_delta": 0.13971498143786676,
  "anoncount": 4290688,
  "rankedcount": 43170,
  "replaycount": 10503325,
  "gamesplayed": 408532063,
  "gamesplayed_delta": 4.67047223663726,
  "gamesfinished": 317466301,
  "gametime": 70334287174.78107,
  "inputs": 243265542945,
  "piecesplaced": 55433491616
}
