{
  "usercount": 779424,
  "usercount_delta": 0.015059106994955199,
  "anoncount": 522051,
  "rankedcount": 13864,
  "replaycount": 1348043,
  "gamesplayed": 41668182,
  "gamesplayed_delta": 2.484752654167608,
  "gamesfinished": 29182458,
  "gametime": 5769912080.720993,
  "inputs": 20882960449,
  "piecesplaced": 4585472652
}
