{
  "usercount": 850111,
  "usercount_delta": 0.039736941447616775,
  "anoncount": 577322,
  "rankedcount": 14068,
  "replaycount": 1467652,
  "gamesplayed": 44971609,
  "gamesplayed_delta": 2.503427311199857,
  "gamesfinished": 31697767,
  "gametime": 6290907465.249733,
  "inputs": 22580737002,
  "piecesplaced": 4973775545
}
