{
  "usercount": 815564,
  "usercount_delta": 0.07947388289523355,
  "anoncount": 550474,
  "rankedcount": 13912,
  "replaycount": 1410220,
  "gamesplayed": 43340466,
  "gamesplayed_delta": 2.8411913135045994,
  "gamesfinished": 30452728,
  "gametime": 6034274437.615951,
  "inputs": 21745810380,
  "piecesplaced": 4783123817
}
