{
  "usercount": 1076222,
  "usercount_delta": 0.03868771278242031,
  "anoncount": 750971,
  "rankedcount": 15766,
  "replaycount": 1807269,
  "gamesplayed": 55121153,
  "gamesplayed_delta": 3.5012380068090376,
  "gamesfinished": 39533514,
  "gametime": 7906508378.570064,
  "inputs": 27827290897,
  "piecesplaced": 6169116761
}
