{
  "usercount": 1125352,
  "usercount_delta": 0.01572871118940514,
  "anoncount": 789192,
  "rankedcount": 16183,
  "replaycount": 1876846,
  "gamesplayed": 57223315,
  "gamesplayed_delta": 4.482682688980464,
  "gamesfinished": 41182708,
  "gametime": 8246823544.782746,
  "inputs": 28924180476,
  "piecesplaced": 6418194000
}
