{
  "usercount": 1125630,
  "usercount_delta": 0.1325506532853626,
  "anoncount": 789417,
  "rankedcount": 16195,
  "replaycount": 1877321,
  "gamesplayed": 57235821,
  "gamesplayed_delta": 3.8060973300511267,
  "gamesfinished": 41192468,
  "gametime": 8248768448.9306345,
  "inputs": 28930339900,
  "piecesplaced": 6419598924
}
