{
  "usercount": 772669,
  "usercount_delta": 0.03547042653187905,
  "anoncount": 516746,
  "rankedcount": 13921,
  "replaycount": 1334759,
  "gamesplayed": 41321712,
  "gamesplayed_delta": 2.2878425113061986,
  "gamesfinished": 28920442,
  "gametime": 5714830761.353866,
  "inputs": 20699469487,
  "piecesplaced": 4543399353
}
