{
  "usercount": 1379763,
  "usercount_delta": 0.033345004084763,
  "anoncount": 984673,
  "rankedcount": 19020,
  "replaycount": 2210961,
  "gamesplayed": 66949514,
  "gamesplayed_delta": 3.301155404391537,
  "gamesfinished": 49028631,
  "gametime": 9879347994.129927,
  "inputs": 34043308981,
  "piecesplaced": 7567763902
}
