{
  "usercount": 1080062,
  "usercount_delta": 0.05688282138794084,
  "anoncount": 753999,
  "rankedcount": 15903,
  "replaycount": 1813059,
  "gamesplayed": 55294815,
  "gamesplayed_delta": 2.445961319681456,
  "gamesfinished": 39667716,
  "gametime": 7934671456.470523,
  "inputs": 27918838685,
  "piecesplaced": 6189889292
}
