{
  "usercount": 7781137,
  "usercount_delta": 0.07364637954398162,
  "anoncount": 6309696,
  "rankedcount": 39253,
  "replaycount": 8795002,
  "gamesplayed": 337820054,
  "gamesplayed_delta": 4.860661049902787,
  "gamesfinished": 262126036,
  "gametime": 57921093164.577835,
  "inputs": 198717556159,
  "piecesplaced": 45115439624
}
