{
  "usercount": 8062123,
  "usercount_delta": 0.08545255674049768,
  "anoncount": 6459457,
  "rankedcount": 43222,
  "replaycount": 9773609,
  "gamesplayed": 378587319,
  "gamesplayed_delta": 3.811184030626196,
  "gamesfinished": 293996718,
  "gametime": 65103038369.04069,
  "inputs": 224449014195,
  "piecesplaced": 51068600520
}
