{
  "usercount": 854517,
  "usercount_delta": 0.08441383036196651,
  "anoncount": 580753,
  "rankedcount": 14073,
  "replaycount": 1474292,
  "gamesplayed": 45173268,
  "gamesplayed_delta": 2.464883846569422,
  "gamesfinished": 31852006,
  "gametime": 6322206837.882848,
  "inputs": 22681502068,
  "piecesplaced": 4996652926
}
