{
  "usercount": 1053214,
  "usercount_delta": 0.07816316560820713,
  "anoncount": 733229,
  "rankedcount": 15707,
  "replaycount": 1774821,
  "gamesplayed": 54077521,
  "gamesplayed_delta": 2.9506595017098194,
  "gamesfinished": 38721883,
  "gametime": 7736140170.512338,
  "inputs": 27276516747,
  "piecesplaced": 6043621311
}
