{
  "usercount": 756609,
  "usercount_delta": 0.059645408049147815,
  "anoncount": 504105,
  "rankedcount": 13918,
  "replaycount": 1301239,
  "gamesplayed": 40540636,
  "gamesplayed_delta": 2.1919687458061823,
  "gamesfinished": 28329443,
  "gametime": 5591230948.033741,
  "inputs": 20290623446,
  "piecesplaced": 4449866641
}
