{
  "usercount": 1254525,
  "usercount_delta": 0.11361269432504592,
  "anoncount": 888299,
  "rankedcount": 17489,
  "replaycount": 2042736,
  "gamesplayed": 62025211,
  "gamesplayed_delta": 3.6166707693472953,
  "gamesfinished": 45035172,
  "gametime": 9039570562.363878,
  "inputs": 31414883278,
  "piecesplaced": 6978055149
}
