{
  "usercount": 1075945,
  "usercount_delta": 0.11361484567316796,
  "anoncount": 750761,
  "rankedcount": 15758,
  "replaycount": 1806954,
  "gamesplayed": 55108343,
  "gamesplayed_delta": 3.5409960234804014,
  "gamesfinished": 39523423,
  "gametime": 7904377334.474163,
  "inputs": 27820396784,
  "piecesplaced": 6167548901
}
