{
  "usercount": 8873703,
  "usercount_delta": 0.0399872040946897,
  "anoncount": 6555520,
  "totalaccounts": 15388235,
  "rankedcount": 50207,
  "replaycount": 12702657,
  "gamesplayed": 595892473,
  "gamesplayed_delta": 3.8587651951375563,
  "gamesfinished": 463584508,
  "gametime": 104638987262.464,
  "inputs": 368619641569,
  "piecesplaced": 84656917318
}
