{
  "usercount": 791537,
  "usercount_delta": 0.0451773209848656,
  "anoncount": 531693,
  "rankedcount": 14003,
  "replaycount": 1366587,
  "gamesplayed": 42173815,
  "gamesplayed_delta": 2.5600481891423836,
  "gamesfinished": 29567920,
  "gametime": 5850044004.587194,
  "inputs": 21145213991,
  "piecesplaced": 4645537802
}
