{
  "usercount": 1049010,
  "usercount_delta": 0.03535630314494317,
  "anoncount": 729993,
  "rankedcount": 15535,
  "replaycount": 1768459,
  "gamesplayed": 53897764,
  "gamesplayed_delta": 1.8738840666819878,
  "gamesfinished": 38581585,
  "gametime": 7707131582.849375,
  "inputs": 27183424204,
  "piecesplaced": 6022547735
}
