{
  "usercount": 1031197,
  "usercount_delta": 0.05803718248824747,
  "anoncount": 716370,
  "rankedcount": 15388,
  "replaycount": 1744039,
  "gamesplayed": 53147673,
  "gamesplayed_delta": 2.766439031939796,
  "gamesfinished": 38002241,
  "gametime": 7587116167.713313,
  "inputs": 26790237665,
  "piecesplaced": 5932751258
}
