{
  "usercount": 880283,
  "usercount_delta": 0.07640937084524047,
  "anoncount": 600819,
  "rankedcount": 14253,
  "replaycount": 1513598,
  "gamesplayed": 46327919,
  "gamesplayed_delta": 2.7048917279215123,
  "gamesfinished": 32746956,
  "gametime": 6505685402.181341,
  "inputs": 23273553051,
  "piecesplaced": 5131600233
}
