{
  "usercount": 1040214,
  "usercount_delta": 0.019540791402051783,
  "anoncount": 723219,
  "rankedcount": 15391,
  "replaycount": 1755872,
  "gamesplayed": 53534458,
  "gamesplayed_delta": 3.61504640937958,
  "gamesfinished": 38298977,
  "gametime": 7648870697.018626,
  "inputs": 26992960764,
  "piecesplaced": 5979086987
}
