{
  "usercount": 6480056,
  "usercount_delta": 0.23884969984554386,
  "anoncount": 5183150,
  "rankedcount": 48211,
  "replaycount": 7524966,
  "gamesplayed": 284239201,
  "gamesplayed_delta": 4.8725338768490944,
  "gamesfinished": 221541878,
  "gametime": 48551227819.870346,
  "inputs": 165032378373,
  "piecesplaced": 37281541380
}
