{
  "usercount": 939108,
  "usercount_delta": 0.04517800132522137,
  "anoncount": 645470,
  "rankedcount": 14381,
  "replaycount": 1603259,
  "gamesplayed": 48863211,
  "gamesplayed_delta": 2.816095415938799,
  "gamesfinished": 34707628,
  "gametime": 6906099004.000594,
  "inputs": 24569426513,
  "piecesplaced": 5426327562
}
