{
  "usercount": 2675402,
  "usercount_delta": 0.09544413336726904,
  "anoncount": 2001848,
  "rankedcount": 29000,
  "replaycount": 4013353,
  "gamesplayed": 127477436,
  "gamesplayed_delta": 4.485874268261645,
  "gamesfinished": 98418287,
  "gametime": 20726560275.210083,
  "inputs": 69666726159,
  "piecesplaced": 15568633436
}
