{
  "usercount": 7197276,
  "usercount_delta": 0.19773968331229183,
  "anoncount": 5793687,
  "rankedcount": 39785,
  "replaycount": 8318251,
  "gamesplayed": 317844590,
  "gamesplayed_delta": 4.989124317417824,
  "gamesfinished": 246872228,
  "gametime": 54475225729.740295,
  "inputs": 186324945898,
  "piecesplaced": 42236376727
}
