{
  "usercount": 901363,
  "usercount_delta": 0.03011776044333343,
  "anoncount": 617184,
  "rankedcount": 14268,
  "replaycount": 1546140,
  "gamesplayed": 47296547,
  "gamesplayed_delta": 1.3703581001716711,
  "gamesfinished": 33496956,
  "gametime": 6658649252.355765,
  "inputs": 23768283195,
  "piecesplaced": 5244195104
}
