{
  "usercount": 798179,
  "usercount_delta": 0.04693366708385482,
  "anoncount": 536974,
  "rankedcount": 13895,
  "replaycount": 1378397,
  "gamesplayed": 42482441,
  "gamesplayed_delta": 2.5344180225281603,
  "gamesfinished": 29802346,
  "gametime": 5898442789.700036,
  "inputs": 21303274884,
  "piecesplaced": 4681807258
}
