{
  "usercount": 885027,
  "usercount_delta": 0.045071438229593905,
  "anoncount": 604447,
  "rankedcount": 14224,
  "replaycount": 1521049,
  "gamesplayed": 46542842,
  "gamesplayed_delta": 1.8779765928997458,
  "gamesfinished": 32913915,
  "gametime": 6539797903.411363,
  "inputs": 23383964283,
  "piecesplaced": 5156796185
}
