{
  "usercount": 827244,
  "usercount_delta": 0.05320752709149921,
  "anoncount": 559592,
  "rankedcount": 14049,
  "replaycount": 1429773,
  "gamesplayed": 43888648,
  "gamesplayed_delta": 2.819998935849458,
  "gamesfinished": 30872479,
  "gametime": 6120414561.1446905,
  "inputs": 22025894305,
  "piecesplaced": 4847097935
}
