{
  "usercount": 879573,
  "usercount_delta": 0.05621346125018738,
  "anoncount": 600234,
  "rankedcount": 14222,
  "replaycount": 1512447,
  "gamesplayed": 46295103,
  "gamesplayed_delta": 1.4802878129216008,
  "gamesfinished": 32722331,
  "gametime": 6501005436.956589,
  "inputs": 23257842249,
  "piecesplaced": 5128005917
}
