{
  "usercount": 1235914,
  "usercount_delta": 0.09925229934493483,
  "anoncount": 873881,
  "rankedcount": 17429,
  "replaycount": 2016161,
  "gamesplayed": 61294649,
  "gamesplayed_delta": 2.481307483623371,
  "gamesfinished": 44449235,
  "gametime": 8918905603.547115,
  "inputs": 31034423732,
  "piecesplaced": 6892628784
}
