{
  "usercount": 2536174,
  "usercount_delta": 0,
  "anoncount": 1890794,
  "rankedcount": 30120,
  "replaycount": 3839022,
  "gamesplayed": 120437676,
  "gamesplayed_delta": 5.137180546777513,
  "gamesfinished": 92760292,
  "gametime": 19472514601.050903,
  "inputs": 65464045925,
  "piecesplaced": 14613440838
}
