{
  "usercount": 6754779,
  "usercount_delta": 0.1273792626560396,
  "anoncount": 5416005,
  "rankedcount": 45206,
  "replaycount": 7841274,
  "gamesplayed": 297043585,
  "gamesplayed_delta": 4.51286530552826,
  "gamesfinished": 231293386,
  "gametime": 50837870917.167336,
  "inputs": 173172307894,
  "piecesplaced": 39164370733
}
