{
  "usercount": 956831,
  "usercount_delta": 0.02970620562635535,
  "anoncount": 658803,
  "rankedcount": 14545,
  "replaycount": 1626986,
  "gamesplayed": 49626143,
  "gamesplayed_delta": 3.8023943201734847,
  "gamesfinished": 35297533,
  "gametime": 7027458243.18192,
  "inputs": 24965099719,
  "piecesplaced": 5516626453
}
