{
  "usercount": 3764241,
  "usercount_delta": 0.29902629562487154,
  "anoncount": 2894660,
  "rankedcount": 35407,
  "replaycount": 4415328,
  "gamesplayed": 172807348,
  "gamesplayed_delta": 5.81232362120844,
  "gamesfinished": 135037041,
  "gametime": 28877327047.15747,
  "inputs": 96939541165,
  "piecesplaced": 21740195154
}
