{
  "usercount": 1060073,
  "usercount_delta": 0.05803493703209332,
  "anoncount": 738537,
  "rankedcount": 15728,
  "replaycount": 1784061,
  "gamesplayed": 54367739,
  "gamesplayed_delta": 4.178515466310719,
  "gamesfinished": 38948793,
  "gametime": 7783473747.247928,
  "inputs": 27429102581,
  "piecesplaced": 6078248892
}
