{
  "usercount": 2142005,
  "usercount_delta": 0.07791195948578107,
  "anoncount": 1578000,
  "rankedcount": 32078,
  "replaycount": 3302211,
  "gamesplayed": 99983780,
  "gamesplayed_delta": 5.407089988313206,
  "gamesfinished": 76201213,
  "gametime": 15783457711.779829,
  "inputs": 53105748026,
  "piecesplaced": 11809914379
}
