{
  "usercount": 807365,
  "usercount_delta": 0.060237335100295164,
  "anoncount": 544039,
  "rankedcount": 13952,
  "replaycount": 1395359,
  "gamesplayed": 42947992,
  "gamesplayed_delta": 1.9878320583097404,
  "gamesfinished": 30156403,
  "gametime": 5972797862.945202,
  "inputs": 21545305466,
  "piecesplaced": 4737329720
}
