{
  "usercount": 824989,
  "usercount_delta": 0.04299595837991229,
  "anoncount": 557843,
  "rankedcount": 13950,
  "replaycount": 1426467,
  "gamesplayed": 43789451,
  "gamesplayed_delta": 2.4221056554017255,
  "gamesfinished": 30795890,
  "gametime": 6104665723.567866,
  "inputs": 21974093506,
  "piecesplaced": 4835267213
}
