{
  "usercount": 3690939,
  "usercount_delta": 0.13886719089031227,
  "anoncount": 2835007,
  "rankedcount": 34473,
  "replaycount": 4308117,
  "gamesplayed": 170078182,
  "gamesplayed_delta": 5.485254040167335,
  "gamesfinished": 132870905,
  "gametime": 28390032045.726486,
  "inputs": 95295179430,
  "piecesplaced": 21369171057
}
