{
  "usercount": 5902264,
  "usercount_delta": 0.08932027272456604,
  "anoncount": 4693787,
  "rankedcount": 44065,
  "replaycount": 6866807,
  "gamesplayed": 260518084,
  "gamesplayed_delta": 5.210349242266353,
  "gamesfinished": 203101625,
  "gametime": 44362962133.36048,
  "inputs": 150450757837,
  "piecesplaced": 33952876528
}
