{
  "usercount": 8641552,
  "usercount_delta": 0.04942583653228331,
  "anoncount": 6617102,
  "totalaccounts": 12603184,
  "rankedcount": 46342,
  "replaycount": 11238079,
  "gamesplayed": 504726193,
  "gamesplayed_delta": 3.9375916437385703,
  "gamesfinished": 393470653,
  "gametime": 87966749227.17307,
  "inputs": 307457331321,
  "piecesplaced": 70379706200
}
