{
  "usercount": 907934,
  "usercount_delta": 0.03747774758737,
  "anoncount": 621917,
  "rankedcount": 14284,
  "replaycount": 1555015,
  "gamesplayed": 47545164,
  "gamesplayed_delta": 2.979480933195915,
  "gamesfinished": 33689351,
  "gametime": 6698654496.134008,
  "inputs": 23899189444,
  "piecesplaced": 5274144015
}
