{
  "usercount": 1105576,
  "usercount_delta": 0.0773799160427911,
  "anoncount": 773714,
  "rankedcount": 15982,
  "replaycount": 1847155,
  "gamesplayed": 56324663,
  "gamesplayed_delta": 1.9925328381018708,
  "gamesfinished": 40478414,
  "gametime": 8101332109.099595,
  "inputs": 28454500603,
  "piecesplaced": 6311335770
}
