{
  "usercount": 802218,
  "usercount_delta": 0.018738171529222178,
  "anoncount": 540084,
  "rankedcount": 13881,
  "replaycount": 1386022,
  "gamesplayed": 42689798,
  "gamesplayed_delta": 1.9300316675098845,
  "gamesfinished": 29961099,
  "gametime": 5931823907.052724,
  "inputs": 21412918187,
  "piecesplaced": 4707021004
}
