{
  "usercount": 1040628,
  "usercount_delta": 0.05680742283658398,
  "anoncount": 723548,
  "rankedcount": 15415,
  "replaycount": 1756482,
  "gamesplayed": 53554371,
  "gamesplayed_delta": 3.275894716909676,
  "gamesfinished": 38315248,
  "gametime": 7652159878.789793,
  "inputs": 27003548412,
  "piecesplaced": 5981495609
}
