{
  "usercount": 742308,
  "usercount_delta": 0.09193542455779061,
  "anoncount": 492916,
  "rankedcount": 13632,
  "replaycount": 1266992,
  "gamesplayed": 39851316,
  "gamesplayed_delta": 2.9787077556724157,
  "gamesfinished": 27806424,
  "gametime": 5482290885.074147,
  "inputs": 19936036611,
  "piecesplaced": 4369326680
}
