{
  "usercount": 796643,
  "usercount_delta": 0.01773584236383307,
  "anoncount": 535733,
  "rankedcount": 13853,
  "replaycount": 1376098,
  "gamesplayed": 42425039,
  "gamesplayed_delta": 2.341131192025965,
  "gamesfinished": 29757944,
  "gametime": 5889311033.772765,
  "inputs": 21274076782,
  "piecesplaced": 4675075209
}
