{
  "usercount": 1011844,
  "usercount_delta": 0,
  "anoncount": 701300,
  "rankedcount": 15246,
  "replaycount": 1713737,
  "gamesplayed": 52209277,
  "gamesplayed_delta": 3.593616762090389,
  "gamesfinished": 37280619,
  "gametime": 7436186800.25318,
  "inputs": 26295602040,
  "piecesplaced": 5819963444
}
