{
  "usercount": 917641,
  "usercount_delta": 0.0526999964866669,
  "anoncount": 629094,
  "rankedcount": 14237,
  "replaycount": 1570394,
  "gamesplayed": 47942033,
  "gamesplayed_delta": 2.7228331518111233,
  "gamesfinished": 33995975,
  "gametime": 6761222411.86951,
  "inputs": 24102567619,
  "piecesplaced": 5320479962
}
