{
  "usercount": 1241356,
  "usercount_delta": 0.047185391402821686,
  "anoncount": 877947,
  "rankedcount": 17395,
  "replaycount": 2023742,
  "gamesplayed": 61490945,
  "gamesplayed_delta": 4.042215196841725,
  "gamesfinished": 44606870,
  "gametime": 8951450396.613976,
  "inputs": 31135028431,
  "piecesplaced": 6915136622
}
