{
  "usercount": 995225,
  "usercount_delta": 0.10659195078497356,
  "anoncount": 688407,
  "rankedcount": 14818,
  "replaycount": 1686038,
  "gamesplayed": 51392221,
  "gamesplayed_delta": 2.8018455634907338,
  "gamesfinished": 36656740,
  "gametime": 7306755631.609644,
  "inputs": 25873873322,
  "piecesplaced": 5723869162
}
