{
  "usercount": 7266144,
  "usercount_delta": 0.24832381425378694,
  "anoncount": 5399111,
  "totalaccounts": 11192572,
  "rankedcount": 59839,
  "replaycount": 9878856,
  "gamesplayed": 455128981,
  "gamesplayed_delta": 6.172620525736989,
  "gamesfinished": 354785021,
  "gametime": 78811064292.81383,
  "inputs": 273644307051,
  "piecesplaced": 62461417451
}
