{
  "usercount": 1152658,
  "usercount_delta": 0.16542049890822472,
  "anoncount": 810363,
  "rankedcount": 16230,
  "replaycount": 1911125,
  "gamesplayed": 58266874,
  "gamesplayed_delta": 2.2662608350426785,
  "gamesfinished": 42015166,
  "gametime": 8416689420.726093,
  "inputs": 29462663361,
  "piecesplaced": 6539717330
}
