{
  "usercount": 7416244,
  "usercount_delta": 0.3091083940101662,
  "anoncount": 5533095,
  "totalaccounts": 11346247,
  "rankedcount": 59004,
  "replaycount": 10032191,
  "gamesplayed": 460268624,
  "gamesplayed_delta": 5.684159912075835,
  "gamesfinished": 358881802,
  "gametime": 79771621207.44011,
  "inputs": 277132921181,
  "piecesplaced": 63273146304
}
