{
  "usercount": 792396,
  "usercount_delta": 0.046474160366836034,
  "anoncount": 532377,
  "rankedcount": 14041,
  "replaycount": 1368331,
  "gamesplayed": 42221118,
  "gamesplayed_delta": 1.5491386788945345,
  "gamesfinished": 29602391,
  "gametime": 5856935134.982981,
  "inputs": 21168310430,
  "piecesplaced": 4650830560
}
