{
  "usercount": 8698333,
  "usercount_delta": 0.32401091405184174,
  "anoncount": 6408916,
  "totalaccounts": 15085167,
  "rankedcount": 50044,
  "replaycount": 12453059,
  "gamesplayed": 586693751,
  "gamesplayed_delta": 4.212141882673943,
  "gamesfinished": 456461331,
  "gametime": 102935092637.56522,
  "inputs": 362364379418,
  "piecesplaced": 83200184378
}
