{
  "usercount": 1120899,
  "usercount_delta": 0.09437226713643083,
  "anoncount": 785641,
  "rankedcount": 16047,
  "replaycount": 1870541,
  "gamesplayed": 57032037,
  "gamesplayed_delta": 3.035641259555192,
  "gamesfinished": 41032884,
  "gametime": 8216015433.466836,
  "inputs": 28826064891,
  "piecesplaced": 6396019003
}
