{
  "usercount": 884672,
  "usercount_delta": 0.11465260261407935,
  "anoncount": 604140,
  "rankedcount": 14218,
  "replaycount": 1520528,
  "gamesplayed": 46526698,
  "gamesplayed_delta": 2.1640678743407475,
  "gamesfinished": 32901641,
  "gametime": 6537426965.083386,
  "inputs": 23375984584,
  "piecesplaced": 5154967513
}
