{
  "usercount": 809270,
  "usercount_delta": 0.06315423843882723,
  "anoncount": 545527,
  "rankedcount": 13870,
  "replaycount": 1399219,
  "gamesplayed": 43044522,
  "gamesplayed_delta": 2.2893411434074866,
  "gamesfinished": 30228294,
  "gametime": 5987671582.191215,
  "inputs": 21594605601,
  "piecesplaced": 4748603057
}
