{
  "usercount": 738071,
  "usercount_delta": 0.0367728175332794,
  "anoncount": 489515,
  "rankedcount": 13675,
  "replaycount": 1258706,
  "gamesplayed": 39713299,
  "gamesplayed_delta": 2.6844156799293963,
  "gamesfinished": 27701353,
  "gametime": 5460582840.746734,
  "inputs": 19865195067,
  "piecesplaced": 4353237135
}
