{
  "usercount": 9492884,
  "usercount_delta": 0.09765625,
  "anoncount": 7059082,
  "totalaccounts": 16531999,
  "rankedcount": 54042,
  "replaycount": 13715990,
  "gamesplayed": 633870352,
  "gamesplayed_delta": 3.759765625,
  "gamesfinished": 492801440,
  "gametime": 111705981610.00348,
  "inputs": 394526680031,
  "piecesplaced": 90694896953
}
