{
  "usercount": 6777444,
  "usercount_delta": 0.24546277403617506,
  "anoncount": 5435527,
  "rankedcount": 44879,
  "replaycount": 7864951,
  "gamesplayed": 297998926,
  "gamesplayed_delta": 6.750226285994814,
  "gamesfinished": 232021059,
  "gametime": 51007084014.668,
  "inputs": 173771443302,
  "piecesplaced": 39302913885
}
