{
  "usercount": 826319,
  "usercount_delta": 0.02866356144750985,
  "anoncount": 558896,
  "rankedcount": 14009,
  "replaycount": 1428439,
  "gamesplayed": 43851864,
  "gamesplayed_delta": 1.5908276603367968,
  "gamesfinished": 30844487,
  "gametime": 6114582303.416653,
  "inputs": 22007397940,
  "piecesplaced": 4842905310
}
