{
  "usercount": 830577,
  "usercount_delta": 0.05960778080232073,
  "anoncount": 562147,
  "rankedcount": 14028,
  "replaycount": 1435222,
  "gamesplayed": 44041494,
  "gamesplayed_delta": 3.099604601720678,
  "gamesfinished": 30990321,
  "gametime": 6144648358.057383,
  "inputs": 22103661063,
  "piecesplaced": 4864800499
}
