{
  "usercount": 931711,
  "usercount_delta": 0.045071438229593905,
  "anoncount": 639825,
  "rankedcount": 14356,
  "replaycount": 1593129,
  "gamesplayed": 48573507,
  "gamesplayed_delta": 2.7042862937756342,
  "gamesfinished": 34484402,
  "gametime": 6860217062.541306,
  "inputs": 24422258013,
  "piecesplaced": 5393009937
}
