{
  "usercount": 755958,
  "usercount_delta": 0.04473472309206406,
  "anoncount": 503566,
  "rankedcount": 13894,
  "replaycount": 1299977,
  "gamesplayed": 40507330,
  "gamesplayed_delta": 3.7875398884614238,
  "gamesfinished": 28303537,
  "gametime": 5586066156.49676,
  "inputs": 20273913954,
  "piecesplaced": 4446073022
}
