{
  "usercount": 990628,
  "usercount_delta": 0.05078118387866683,
  "anoncount": 684829,
  "rankedcount": 14843,
  "replaycount": 1678796,
  "gamesplayed": 51171823,
  "gamesplayed_delta": 3.4192663811635664,
  "gamesfinished": 36488467,
  "gametime": 7271683535.621513,
  "inputs": 25760567781,
  "piecesplaced": 5698103452
}
