{
  "usercount": 9565913,
  "usercount_delta": 0.05239259517988124,
  "anoncount": 7111658,
  "totalaccounts": 16734483,
  "rankedcount": 53089,
  "replaycount": 13900311,
  "gamesplayed": 641324183,
  "gamesplayed_delta": 3.545232273838631,
  "gamesfinished": 498427791,
  "gametime": 113088063015.33453,
  "inputs": 399660358904,
  "piecesplaced": 91899798993
}
