{
  "usercount": 1535307,
  "usercount_delta": 0.04945190801945108,
  "anoncount": 1104141,
  "rankedcount": 21386,
  "replaycount": 2437637,
  "gamesplayed": 73447774,
  "gamesplayed_delta": 4.730899200527487,
  "gamesfinished": 54256965,
  "gametime": 10979386090.123232,
  "inputs": 37547519889,
  "piecesplaced": 8355029890
}
