{
  "usercount": 1037709,
  "usercount_delta": 0.03145742237881028,
  "anoncount": 721467,
  "rankedcount": 15481,
  "replaycount": 1753288,
  "gamesplayed": 53463269,
  "gamesplayed_delta": 2.595237346251848,
  "gamesfinished": 38243464,
  "gametime": 7637563774.167443,
  "inputs": 26957533193,
  "piecesplaced": 5971018668
}
