{
  "usercount": 8936516,
  "usercount_delta": 0.13621658436914696,
  "anoncount": 6606531,
  "totalaccounts": 15505871,
  "rankedcount": 50908,
  "replaycount": 12805065,
  "gamesplayed": 599766276,
  "gamesplayed_delta": 4.273795334581986,
  "gamesfinished": 466566096,
  "gametime": 105370561237.72835,
  "inputs": 371313475172,
  "piecesplaced": 85289629452
}
