{
  "usercount": 8095605,
  "usercount_delta": 0.3055861141669723,
  "anoncount": 6589850,
  "rankedcount": 40675,
  "replaycount": 9054510,
  "gamesplayed": 349075844,
  "gamesplayed_delta": 4.278205598337612,
  "gamesfinished": 270806864,
  "gametime": 59876798759.29187,
  "inputs": 205715796017,
  "piecesplaced": 46742324687
}
