{
  "usercount": 1251747,
  "usercount_delta": 0.11606987406418665,
  "anoncount": 886120,
  "rankedcount": 17559,
  "replaycount": 2038502,
  "gamesplayed": 61913120,
  "gamesplayed_delta": 4.642794962567466,
  "gamesfinished": 44947348,
  "gametime": 9021112885.076427,
  "inputs": 31356714170,
  "piecesplaced": 6965029013
}
