{
  "usercount": 1031435,
  "usercount_delta": 0.14888091181287325,
  "anoncount": 716557,
  "rankedcount": 15402,
  "replaycount": 1744312,
  "gamesplayed": 53156219,
  "gamesplayed_delta": 1.9519941771021156,
  "gamesfinished": 38008924,
  "gametime": 7588619199.407432,
  "inputs": 26795113831,
  "piecesplaced": 5933857551
}
