{
  "usercount": 1061738,
  "usercount_delta": 0.01893580761219466,
  "anoncount": 739844,
  "rankedcount": 15620,
  "replaycount": 1786402,
  "gamesplayed": 54443203,
  "gamesplayed_delta": 1.495928801363378,
  "gamesfinished": 39007253,
  "gametime": 7795782007.472969,
  "inputs": 27469951790,
  "piecesplaced": 6087619281
}
