{
  "usercount": 772997,
  "usercount_delta": 0,
  "anoncount": 517002,
  "rankedcount": 13939,
  "replaycount": 1335452,
  "gamesplayed": 41341156,
  "gamesplayed_delta": 2.7490555663941256,
  "gamesfinished": 28935938,
  "gametime": 5717960861.87508,
  "inputs": 20709702727,
  "piecesplaced": 4545711374
}
