{
  "usercount": 9587941,
  "usercount_delta": 0.08138020833333334,
  "anoncount": 7124683,
  "totalaccounts": 16820111,
  "rankedcount": 52131,
  "replaycount": 13984034,
  "gamesplayed": 645021176,
  "gamesplayed_delta": 3.7109375,
  "gamesfinished": 501180215,
  "gametime": 113782550216.82237,
  "inputs": 402312552383,
  "piecesplaced": 92529534115
}
