{
  "usercount": 910481,
  "usercount_delta": 0.11465588901309944,
  "anoncount": 623630,
  "rankedcount": 14372,
  "replaycount": 1558758,
  "gamesplayed": 47636251,
  "gamesplayed_delta": 3.1100409894803223,
  "gamesfinished": 33759765,
  "gametime": 6713327908.836326,
  "inputs": 23946706357,
  "piecesplaced": 5284975141
}
