{
  "usercount": 6134020,
  "usercount_delta": 0.18585287886109356,
  "anoncount": 4890129,
  "rankedcount": 45665,
  "replaycount": 7118962,
  "gamesplayed": 269430852,
  "gamesplayed_delta": 5.073783592907854,
  "gamesfinished": 210073060,
  "gametime": 45933211340.375984,
  "inputs": 155893473264,
  "piecesplaced": 35192454296
}
