{
  "usercount": 9610626,
  "usercount_delta": 0.17685029622424617,
  "anoncount": 7136181,
  "totalaccounts": 16931014,
  "rankedcount": 50327,
  "replaycount": 14084518,
  "gamesplayed": 649514179,
  "gamesplayed_delta": 5.231821263300616,
  "gamesfinished": 504547023,
  "gametime": 114625456719.61456,
  "inputs": 405542591174,
  "piecesplaced": 93297237097
}
