{
  "usercount": 1111288,
  "usercount_delta": 0.03145791717130409,
  "anoncount": 778130,
  "rankedcount": 16043,
  "replaycount": 1856099,
  "gamesplayed": 56591488,
  "gamesplayed_delta": 2.2020542019912863,
  "gamesfinished": 40686989,
  "gametime": 8144755317.57159,
  "inputs": 28596428889,
  "piecesplaced": 6343724462
}
