{
  "usercount": 837235,
  "usercount_delta": 0,
  "anoncount": 567254,
  "rankedcount": 14127,
  "replaycount": 1446379,
  "gamesplayed": 44362544,
  "gamesplayed_delta": 2.1333814095341115,
  "gamesfinished": 31235004,
  "gametime": 6195845325.63648,
  "inputs": 22271089970,
  "piecesplaced": 4903108024
}
