{
  "usercount": 986703,
  "usercount_delta": 0.06770595304592156,
  "anoncount": 681797,
  "rankedcount": 14866,
  "replaycount": 1671940,
  "gamesplayed": 50976393,
  "gamesplayed_delta": 4.062357182755294,
  "gamesfinished": 36338452,
  "gametime": 7240092921.224282,
  "inputs": 25656502406,
  "piecesplaced": 5674259128
}
