{
  "usercount": 859419,
  "usercount_delta": 0.052698145025295115,
  "anoncount": 584514,
  "rankedcount": 14039,
  "replaycount": 1481565,
  "gamesplayed": 45379684,
  "gamesplayed_delta": 2.0376616076447442,
  "gamesfinished": 32011572,
  "gametime": 6354990532.0029125,
  "inputs": 22787493304,
  "piecesplaced": 5020702658
}
