{
  "usercount": 781222,
  "usercount_delta": 0,
  "anoncount": 523484,
  "rankedcount": 13934,
  "replaycount": 1351434,
  "gamesplayed": 41757241,
  "gamesplayed_delta": 2.0914344141659824,
  "gamesfinished": 29250632,
  "gametime": 5783929827.617706,
  "inputs": 20928899888,
  "piecesplaced": 4595918574
}
