{
  "usercount": 1182551,
  "usercount_delta": 0.11361484567316796,
  "anoncount": 832666,
  "rankedcount": 16662,
  "replaycount": 1946676,
  "gamesplayed": 59234763,
  "gamesplayed_delta": 3.6924824843779587,
  "gamesfinished": 42792463,
  "gametime": 8577578702.573677,
  "inputs": 29961504255,
  "piecesplaced": 6651832305
}
