{
  "usercount": 1127547,
  "usercount_delta": 0.07738141298460109,
  "anoncount": 790882,
  "rankedcount": 16063,
  "replaycount": 1879404,
  "gamesplayed": 57302102,
  "gamesplayed_delta": 3.927106708968506,
  "gamesfinished": 41244648,
  "gametime": 8259366082.71348,
  "inputs": 28963845587,
  "piecesplaced": 6427154965
}
