{
  "usercount": 953409,
  "usercount_delta": 0.11221185598409798,
  "anoncount": 656220,
  "rankedcount": 14418,
  "replaycount": 1621347,
  "gamesplayed": 49469925,
  "gamesplayed_delta": 1.619056779199128,
  "gamesfinished": 35177657,
  "gametime": 7002891324.889303,
  "inputs": 24884753753,
  "piecesplaced": 5498346372
}
