{
  "usercount": 973565,
  "usercount_delta": 0.15338893682293164,
  "anoncount": 671657,
  "rankedcount": 14582,
  "replaycount": 1652648,
  "gamesplayed": 50377114,
  "gamesplayed_delta": 2.3775285207554404,
  "gamesfinished": 35871024,
  "gametime": 7145195191.633908,
  "inputs": 25348284026,
  "piecesplaced": 5603939504
}
