{
  "usercount": 917143,
  "usercount_delta": 0.07026295912452353,
  "anoncount": 628701,
  "rankedcount": 14217,
  "replaycount": 1569612,
  "gamesplayed": 47920667,
  "gamesplayed_delta": 2.951044283229988,
  "gamesfinished": 33979093,
  "gametime": 6757714987.786817,
  "inputs": 24091332548,
  "piecesplaced": 5317924342
}
