{
  "usercount": 894288,
  "usercount_delta": 0.09934037987761266,
  "anoncount": 611599,
  "rankedcount": 14202,
  "replaycount": 1535439,
  "gamesplayed": 46971276,
  "gamesplayed_delta": 3.000079472303902,
  "gamesfinished": 33243681,
  "gametime": 6606478523.054929,
  "inputs": 23599392221,
  "piecesplaced": 5205701609
}
