{
  "usercount": 790534,
  "usercount_delta": 0.060237335100295164,
  "anoncount": 530901,
  "rankedcount": 13964,
  "replaycount": 1365128,
  "gamesplayed": 42129711,
  "gamesplayed_delta": 2.74079874706343,
  "gamesfinished": 29533565,
  "gametime": 5842981587.726035,
  "inputs": 21122150029,
  "piecesplaced": 4640274920
}
