{
  "usercount": 1256980,
  "usercount_delta": 0.1268271029519008,
  "anoncount": 890154,
  "rankedcount": 17578,
  "replaycount": 2045961,
  "gamesplayed": 62113173,
  "gamesplayed_delta": 3.424331779701322,
  "gamesfinished": 45106134,
  "gametime": 9054321226.475311,
  "inputs": 31460572081,
  "piecesplaced": 6988335675
}
