{
  "usercount": 792936,
  "usercount_delta": 0.13116965858411722,
  "anoncount": 532819,
  "rankedcount": 13910,
  "replaycount": 1369266,
  "gamesplayed": 42246045,
  "gamesplayed_delta": 2.1174530600007495,
  "gamesfinished": 29621514,
  "gametime": 5860804721.500979,
  "inputs": 21180795008,
  "piecesplaced": 4653646607
}
