{
  "usercount": 8077929,
  "usercount_delta": 0.25191845593364853,
  "anoncount": 5954250,
  "totalaccounts": 13596859,
  "rankedcount": 50035,
  "replaycount": 10875913,
  "gamesplayed": 535913641,
  "gamesplayed_delta": 3.8562902100612355,
  "gamesfinished": 417709453,
  "gametime": 93585951372.68274,
  "inputs": 328031194343,
  "piecesplaced": 75178292101
}
