{
  "usercount": 1056869,
  "usercount_delta": 0.06616819956328988,
  "anoncount": 736017,
  "rankedcount": 15623,
  "replaycount": 1779699,
  "gamesplayed": 54229667,
  "gamesplayed_delta": 4.28439092172302,
  "gamesfinished": 38840982,
  "gametime": 7761094302.906378,
  "inputs": 27357454699,
  "piecesplaced": 6061945675
}
