{
  "usercount": 8238613,
  "usercount_delta": 0.38271408068888535,
  "anoncount": 6641502,
  "rankedcount": 42946,
  "replaycount": 9733601,
  "gamesplayed": 376837842,
  "gamesplayed_delta": 2.8544091851379365,
  "gamesfinished": 292623233,
  "gametime": 64789998302.35143,
  "inputs": 223314032242,
  "piecesplaced": 50806860978
}
