{
  "usercount": 1171053,
  "usercount_delta": 0.056804195936606516,
  "anoncount": 823891,
  "rankedcount": 16493,
  "replaycount": 1931359,
  "gamesplayed": 58821320,
  "gamesplayed_delta": 3.143165508492227,
  "gamesfinished": 42459809,
  "gametime": 8509241553.680165,
  "inputs": 29749165739,
  "piecesplaced": 6604185312
}
