{
  "usercount": 882848,
  "usercount_delta": 0.07640703555983436,
  "anoncount": 602716,
  "rankedcount": 14154,
  "replaycount": 1517654,
  "gamesplayed": 46435699,
  "gamesplayed_delta": 2.6589648374822357,
  "gamesfinished": 32830713,
  "gametime": 6523124925.437172,
  "inputs": 23329263994,
  "piecesplaced": 5144308027
}
