{
  "usercount": 762770,
  "usercount_delta": 0.06196650710291088,
  "anoncount": 508967,
  "rankedcount": 13843,
  "replaycount": 1314207,
  "gamesplayed": 40836021,
  "gamesplayed_delta": 1.8589952130873262,
  "gamesfinished": 28555424,
  "gametime": 5638099553.129261,
  "inputs": 20444152647,
  "piecesplaced": 4484894193
}
