{
  "usercount": 871814,
  "usercount_delta": 0.035132096683530074,
  "anoncount": 594187,
  "rankedcount": 14323,
  "replaycount": 1500553,
  "gamesplayed": 45938543,
  "gamesplayed_delta": 2.26602023608769,
  "gamesfinished": 32445113,
  "gametime": 6444352715.4040785,
  "inputs": 23074479062,
  "piecesplaced": 5086222294
}
