{
  "usercount": 2021432,
  "usercount_delta": 0.08877315499792864,
  "anoncount": 1482659,
  "rankedcount": 30321,
  "replaycount": 3125703,
  "gamesplayed": 93976502,
  "gamesplayed_delta": 8.315085518139316,
  "gamesfinished": 71285139,
  "gametime": 14691805128.42347,
  "inputs": 49521390231,
  "piecesplaced": 11008793555
}
