{
  "usercount": 4916174,
  "usercount_delta": 0.3078975727408016,
  "anoncount": 3860131,
  "rankedcount": 41956,
  "replaycount": 5836856,
  "gamesplayed": 221161323,
  "gamesplayed_delta": 5.011888267391937,
  "gamesfinished": 172677835,
  "gametime": 37460579952.140625,
  "inputs": 126529652274,
  "piecesplaced": 28487945657
}
