{
  "usercount": 5823936,
  "usercount_delta": 0.11354235941022854,
  "anoncount": 4628196,
  "rankedcount": 43731,
  "replaycount": 6787965,
  "gamesplayed": 257627204,
  "gamesplayed_delta": 5.466253588749574,
  "gamesfinished": 200821498,
  "gametime": 43855295356.07454,
  "inputs": 148698802086,
  "piecesplaced": 33554553038
}
