{
  "usercount": 1264504,
  "usercount_delta": 0.1060689094348295,
  "anoncount": 895976,
  "rankedcount": 17620,
  "replaycount": 2055347,
  "gamesplayed": 62384861,
  "gamesplayed_delta": 3.677055527074089,
  "gamesfinished": 45324791,
  "gametime": 9100037354.804699,
  "inputs": 31604249931,
  "piecesplaced": 7020539498
}
