{
  "usercount": 1087538,
  "usercount_delta": 0.0390800554936788,
  "anoncount": 759654,
  "rankedcount": 15982,
  "replaycount": 1822767,
  "gamesplayed": 55574887,
  "gamesplayed_delta": 2.676983801316998,
  "gamesfinished": 39888533,
  "gametime": 7980349156.328361,
  "inputs": 28064261667,
  "piecesplaced": 6222801526
}
