{
  "usercount": 5762270,
  "usercount_delta": 0.17936634761198167,
  "anoncount": 4107816,
  "rankedcount": 41928,
  "replaycount": 10145127,
  "gamesplayed": 393858766,
  "gamesplayed_delta": 4.826585353922416,
  "gamesfinished": 305871521,
  "gametime": 67802378863.302246,
  "inputs": 234236550960,
  "piecesplaced": 53334074530
}
