{
  "usercount": 904778,
  "usercount_delta": 0.11464931640345094,
  "anoncount": 619540,
  "rankedcount": 14365,
  "replaycount": 1550072,
  "gamesplayed": 47405394,
  "gamesplayed_delta": 2.765914758233254,
  "gamesfinished": 33579881,
  "gametime": 6675757978.631663,
  "inputs": 23823968644,
  "piecesplaced": 5256941024
}
