{
  "usercount": 753765,
  "usercount_delta": 0.05228211428870184,
  "anoncount": 501846,
  "rankedcount": 13805,
  "replaycount": 1295221,
  "gamesplayed": 40402096,
  "gamesplayed_delta": 3.938585943082205,
  "gamesfinished": 28222969,
  "gametime": 5569086157.180124,
  "inputs": 20218806647,
  "piecesplaced": 4433452487
}
