{
  "usercount": 8528634,
  "usercount_delta": 0.25930247633864906,
  "anoncount": 6359105,
  "totalaccounts": 14057602,
  "rankedcount": 51495,
  "replaycount": 11381876,
  "gamesplayed": 551091868,
  "gamesplayed_delta": 3.667277879646608,
  "gamesfinished": 429411001,
  "gametime": 96362303860.01744,
  "inputs": 338232011983,
  "piecesplaced": 77561712217
}
