{
  "usercount": 805642,
  "usercount_delta": 0.015491866769945779,
  "anoncount": 542705,
  "rankedcount": 13877,
  "replaycount": 1392296,
  "gamesplayed": 42863246,
  "gamesplayed_delta": 1.3168086754453912,
  "gamesfinished": 30092646,
  "gametime": 5959640369.982197,
  "inputs": 21502955280,
  "piecesplaced": 4727634182
}
