{
  "usercount": 971530,
  "usercount_delta": 0.029213712916843167,
  "anoncount": 670064,
  "rankedcount": 14683,
  "replaycount": 1649591,
  "gamesplayed": 50282047,
  "gamesplayed_delta": 3.812389535648033,
  "gamesfinished": 35798940,
  "gametime": 7130444567.037697,
  "inputs": 25300640647,
  "piecesplaced": 5593127038
}
