{
  "usercount": 1025756,
  "usercount_delta": 0.10156064863400927,
  "anoncount": 712116,
  "rankedcount": 15309,
  "replaycount": 1735079,
  "gamesplayed": 52867567,
  "gamesplayed_delta": 1.8450184501845017,
  "gamesfinished": 37789270,
  "gametime": 7542529243.695727,
  "inputs": 26642670010,
  "piecesplaced": 5898995667
}
