{
  "usercount": 9585827,
  "usercount_delta": 0.13970870734518528,
  "anoncount": 7124595,
  "totalaccounts": 16804825,
  "rankedcount": 52369,
  "replaycount": 13965178,
  "gamesplayed": 644178355,
  "gamesplayed_delta": 3.772135098320003,
  "gamesfinished": 500565060,
  "gametime": 113621220434.14162,
  "inputs": 401678158266,
  "piecesplaced": 92377315019
}
