{
  "usercount": 1001517,
  "usercount_delta": 0.13541649034311154,
  "anoncount": 693270,
  "rankedcount": 14888,
  "replaycount": 1696345,
  "gamesplayed": 51695606,
  "gamesplayed_delta": 3.4192663811635664,
  "gamesfinished": 36886687,
  "gametime": 7353886048.894873,
  "inputs": 26026844470,
  "piecesplaced": 5758800409
}
