{
  "usercount": 799170,
  "usercount_delta": 0.09295264062959921,
  "anoncount": 537726,
  "rankedcount": 13922,
  "replaycount": 1380071,
  "gamesplayed": 42525900,
  "gamesplayed_delta": 2.835055539202776,
  "gamesfinished": 29835839,
  "gametime": 5905563310.64886,
  "inputs": 21326314382,
  "piecesplaced": 4687123347
}
