{
  "usercount": 1224003,
  "usercount_delta": 0.06291484475762056,
  "anoncount": 864537,
  "rankedcount": 17226,
  "replaycount": 2000893,
  "gamesplayed": 60821808,
  "gamesplayed_delta": 2.6896096133882788,
  "gamesfinished": 44069471,
  "gametime": 8840863367.63854,
  "inputs": 30787348798,
  "piecesplaced": 6837049013
}
