{
  "usercount": 839263,
  "usercount_delta": 0.01873852265487389,
  "anoncount": 568815,
  "rankedcount": 14032,
  "replaycount": 1449309,
  "gamesplayed": 44457943,
  "gamesplayed_delta": 2.735824307611588,
  "gamesfinished": 31308717,
  "gametime": 6210962238.746876,
  "inputs": 22320682848,
  "piecesplaced": 4914499238
}
