{
  "usercount": 797606,
  "usercount_delta": 0.03098325355145544,
  "anoncount": 536517,
  "rankedcount": 13878,
  "replaycount": 1377209,
  "gamesplayed": 42452930,
  "gamesplayed_delta": 1.6111291846756828,
  "gamesfinished": 29779486,
  "gametime": 5893734018.809219,
  "inputs": 21288104946,
  "piecesplaced": 4678306436
}
