{
  "usercount": 1278944,
  "usercount_delta": 0.1415539477823215,
  "anoncount": 907100,
  "rankedcount": 17754,
  "replaycount": 2075139,
  "gamesplayed": 62981102,
  "gamesplayed_delta": 4.3095312991506765,
  "gamesfinished": 45804007,
  "gametime": 9200791150.685965,
  "inputs": 31928104926,
  "piecesplaced": 7093609735
}
