{
  "usercount": 1141562,
  "usercount_delta": 0.11361699710276658,
  "anoncount": 801859,
  "rankedcount": 16091,
  "replaycount": 1897296,
  "gamesplayed": 57834379,
  "gamesplayed_delta": 5.150637201992085,
  "gamesfinished": 41666216,
  "gametime": 8345504318.422259,
  "inputs": 29236531325,
  "piecesplaced": 6488655628
}
