{
  "usercount": 848286,
  "usercount_delta": 0.030046722653726543,
  "anoncount": 575871,
  "rankedcount": 14003,
  "replaycount": 1464579,
  "gamesplayed": 44885394,
  "gamesplayed_delta": 3.9962141129456303,
  "gamesfinished": 31632022,
  "gametime": 6277269478.980923,
  "inputs": 22536204683,
  "piecesplaced": 4963622483
}
