{
  "usercount": 8377092,
  "usercount_delta": 0.06227522535847177,
  "anoncount": 6833573,
  "rankedcount": 42114,
  "replaycount": 9333382,
  "gamesplayed": 360392308,
  "gamesplayed_delta": 3.534119039093273,
  "gamesfinished": 279692717,
  "gametime": 61852727228.82377,
  "inputs": 212735921141,
  "piecesplaced": 48364196756
}
