{
  "usercount": 1252087,
  "usercount_delta": 0.0379204429107732,
  "anoncount": 886394,
  "rankedcount": 17576,
  "replaycount": 2038973,
  "gamesplayed": 61926090,
  "gamesplayed_delta": 4.74005536384665,
  "gamesfinished": 44957352,
  "gametime": 9023173591.555805,
  "inputs": 31363346528,
  "piecesplaced": 6966512708
}
