{
  "usercount": 920533,
  "usercount_delta": 0.07165993063318715,
  "anoncount": 631275,
  "rankedcount": 14363,
  "replaycount": 1575376,
  "gamesplayed": 48070068,
  "gamesplayed_delta": 2.3791096970218133,
  "gamesfinished": 34095154,
  "gametime": 6781586632.942167,
  "inputs": 24168042444,
  "piecesplaced": 5335258615
}
