{
  "usercount": 876693,
  "usercount_delta": 0.05960778080232073,
  "anoncount": 597981,
  "rankedcount": 14313,
  "replaycount": 1508152,
  "gamesplayed": 46163699,
  "gamesplayed_delta": 2.2253571499533074,
  "gamesfinished": 32619773,
  "gametime": 6479961705.507665,
  "inputs": 23189692792,
  "piecesplaced": 5112428362
}
