{
  "usercount": 1030799,
  "usercount_delta": 0.03535567812190638,
  "anoncount": 716041,
  "rankedcount": 15368,
  "replaycount": 1743487,
  "gamesplayed": 53130525,
  "gamesplayed_delta": 2.7400650544477445,
  "gamesfinished": 37990147,
  "gametime": 7584444689.1138315,
  "inputs": 26781319467,
  "piecesplaced": 5930694442
}
