{
  "usercount": 731703,
  "usercount_delta": 0.1186192716776719,
  "anoncount": 484497,
  "rankedcount": 13451,
  "replaycount": 1240671,
  "gamesplayed": 39441432,
  "gamesplayed_delta": 2.688703491360563,
  "gamesfinished": 27493358,
  "gametime": 5418331044.30231,
  "inputs": 19728562057,
  "piecesplaced": 4322264653
}
