{
  "usercount": 828245,
  "usercount_delta": 0.07640586797066015,
  "anoncount": 560387,
  "rankedcount": 13920,
  "replaycount": 1431771,
  "gamesplayed": 43938953,
  "gamesplayed_delta": 2.2004889975550124,
  "gamesfinished": 30910584,
  "gametime": 6128333258.298891,
  "inputs": 22051490719,
  "piecesplaced": 4852912602
}
