{
  "usercount": 1222748,
  "usercount_delta": 0.05688174285660113,
  "anoncount": 863571,
  "rankedcount": 17195,
  "replaycount": 1999109,
  "gamesplayed": 60763025,
  "gamesplayed_delta": 3.223298761874064,
  "gamesfinished": 44022066,
  "gametime": 8831378358.616827,
  "inputs": 30757607930,
  "piecesplaced": 6830397206
}
