{
  "usercount": 8294527,
  "usercount_delta": 0.06966941860870171,
  "anoncount": 6305629,
  "totalaccounts": 12247931,
  "rankedcount": 45508,
  "replaycount": 10958044,
  "gamesplayed": 494345347,
  "gamesplayed_delta": 2.8912808722611207,
  "gamesfinished": 385337951,
  "gametime": 86111513176.94353,
  "inputs": 300682003292,
  "piecesplaced": 68801142538
}
