{
  "usercount": 824773,
  "usercount_delta": 0.07495268611688871,
  "anoncount": 557666,
  "rankedcount": 13940,
  "replaycount": 1426058,
  "gamesplayed": 43779432,
  "gamesplayed_delta": 3.4665617329061034,
  "gamesfinished": 30787891,
  "gametime": 6103031620.370884,
  "inputs": 21968733128,
  "piecesplaced": 4834055800
}
