{
  "usercount": 1155900,
  "usercount_delta": 0.449429420040644,
  "anoncount": 812740,
  "rankedcount": 16306,
  "replaycount": 1914416,
  "gamesplayed": 58358362,
  "gamesplayed_delta": 2.4816320150070346,
  "gamesfinished": 42086954,
  "gametime": 8432091369.344543,
  "inputs": 29511202876,
  "piecesplaced": 6550676074
}
