{
  "usercount": 1015811,
  "usercount_delta": 0.06770709908933951,
  "anoncount": 704414,
  "rankedcount": 15220,
  "replaycount": 1720407,
  "gamesplayed": 52403157,
  "gamesplayed_delta": 3.7238904499136734,
  "gamesfinished": 37430393,
  "gametime": 7467008653.79013,
  "inputs": 26397203217,
  "piecesplaced": 5843130447
}
