{
  "usercount": 916495,
  "usercount_delta": 0.05960541217142516,
  "anoncount": 628236,
  "rankedcount": 14191,
  "replaycount": 1568638,
  "gamesplayed": 47892906,
  "gamesplayed_delta": 2.821322842780791,
  "gamesfinished": 33957539,
  "gametime": 6753134687.192821,
  "inputs": 24076696505,
  "piecesplaced": 5314591359
}
