{
  "usercount": 1216546,
  "usercount_delta": 0.11579626474334585,
  "anoncount": 858815,
  "rankedcount": 17135,
  "replaycount": 1989557,
  "gamesplayed": 60489201,
  "gamesplayed_delta": 2.7625680303055367,
  "gamesfinished": 43802079,
  "gametime": 8784931469.260426,
  "inputs": 30608368424,
  "piecesplaced": 6796725539
}
