{
  "usercount": 912281,
  "usercount_delta": 0.1390792950666587,
  "anoncount": 625003,
  "rankedcount": 14259,
  "replaycount": 1561300,
  "gamesplayed": 47708498,
  "gamesplayed_delta": 3.8147463789712104,
  "gamesfinished": 33815811,
  "gametime": 6724677557.44948,
  "inputs": 23983857718,
  "piecesplaced": 5293510112
}
