{
  "usercount": 833116,
  "usercount_delta": 0.09935024936912593,
  "anoncount": 564108,
  "rankedcount": 13972,
  "replaycount": 1439681,
  "gamesplayed": 44171480,
  "gamesplayed_delta": 2.066485186877819,
  "gamesfinished": 31088749,
  "gametime": 6165288561.882671,
  "inputs": 22170590259,
  "piecesplaced": 4880118981
}
