{
  "usercount": 3641196,
  "usercount_delta": 0.10415220108318289,
  "anoncount": 2793936,
  "rankedcount": 34035,
  "replaycount": 4235864,
  "gamesplayed": 168102823,
  "gamesplayed_delta": 5.450631856686572,
  "gamesfinished": 131311739,
  "gametime": 28036978424.744698,
  "inputs": 94087748213,
  "piecesplaced": 21094956213
}
