{
  "usercount": 6196851,
  "usercount_delta": 0.2810304449648712,
  "anoncount": 4943634,
  "rankedcount": 46769,
  "replaycount": 7187412,
  "gamesplayed": 271902850,
  "gamesplayed_delta": 8.074941451990632,
  "gamesfinished": 212000120,
  "gametime": 46362852046.50475,
  "inputs": 157379888324,
  "piecesplaced": 35530550429
}
