{
  "usercount": 7402959,
  "usercount_delta": 0.25110065788372365,
  "anoncount": 5973934,
  "rankedcount": 39241,
  "replaycount": 8492626,
  "gamesplayed": 325176446,
  "gamesplayed_delta": 4.687212280496174,
  "gamesfinished": 252450189,
  "gametime": 55735628627.14598,
  "inputs": 190855388825,
  "piecesplaced": 43289554804
}
