{
  "usercount": 746845,
  "usercount_delta": 0.05506607929515419,
  "anoncount": 496440,
  "rankedcount": 13668,
  "replaycount": 1279451,
  "gamesplayed": 40076456,
  "gamesplayed_delta": 3.193832599118943,
  "gamesfinished": 27976343,
  "gametime": 5517751673.565608,
  "inputs": 20051834281,
  "piecesplaced": 4395637479
}
