{
  "usercount": 7787484,
  "usercount_delta": 0.35402407363700733,
  "anoncount": 5860996,
  "totalaccounts": 11727233,
  "rankedcount": 52105,
  "replaycount": 10438720,
  "gamesplayed": 474735066,
  "gamesplayed_delta": 4.410549917394382,
  "gamesfinished": 370167722,
  "gametime": 82496954745.11758,
  "inputs": 287242777980,
  "piecesplaced": 65642447186
}
