{
  "usercount": 1153839,
  "usercount_delta": 0.019540409566984523,
  "anoncount": 811256,
  "rankedcount": 16266,
  "replaycount": 1912852,
  "gamesplayed": 58314088,
  "gamesplayed_delta": 3.7517586368610285,
  "gamesfinished": 42052534,
  "gametime": 8424755265.671332,
  "inputs": 29488603140,
  "piecesplaced": 6545603397
}
