{
  "usercount": 6161417,
  "usercount_delta": 0.20710200570327061,
  "anoncount": 4913067,
  "rankedcount": 46374,
  "replaycount": 7150204,
  "gamesplayed": 270586996,
  "gamesplayed_delta": 6.356438482738844,
  "gamesfinished": 210964249,
  "gametime": 46134893921.59797,
  "inputs": 156600403379,
  "piecesplaced": 35354062888
}
