{
  "usercount": 929957,
  "usercount_delta": 0.01873852265487389,
  "anoncount": 638435,
  "rankedcount": 14267,
  "replaycount": 1590010,
  "gamesplayed": 48497866,
  "gamesplayed_delta": 1.9488063561068845,
  "gamesfinished": 34426339,
  "gametime": 6848443875.020163,
  "inputs": 24384334561,
  "piecesplaced": 5384483562
}
