{
  "usercount": 1154582,
  "usercount_delta": 0.19024065442785124,
  "anoncount": 811805,
  "rankedcount": 16286,
  "replaycount": 1913530,
  "gamesplayed": 58333205,
  "gamesplayed_delta": 2.584102222644979,
  "gamesfinished": 42067411,
  "gametime": 8427935363.986585,
  "inputs": 29498785170,
  "piecesplaced": 6547882873
}
