{
  "usercount": 8360865,
  "usercount_delta": 0.2876094263989502,
  "anoncount": 6819078,
  "rankedcount": 42028,
  "replaycount": 9320415,
  "gamesplayed": 359882152,
  "gamesplayed_delta": 4.278190217684385,
  "gamesfinished": 279285591,
  "gametime": 61763926570.69488,
  "inputs": 212422693563,
  "piecesplaced": 48292394861
}
