{
  "usercount": 1162050,
  "usercount_delta": 0.0195400277468394,
  "anoncount": 817165,
  "rankedcount": 16259,
  "replaycount": 1921117,
  "gamesplayed": 58543374,
  "gamesplayed_delta": 3.4976649666842525,
  "gamesfinished": 42235879,
  "gametime": 8463298763.509273,
  "inputs": 29607712570,
  "piecesplaced": 6572433705
}
