{
  "usercount": 1261321,
  "usercount_delta": 0.151684647617603,
  "anoncount": 893547,
  "rankedcount": 17760,
  "replaycount": 2051472,
  "gamesplayed": 62277773,
  "gamesplayed_delta": 5.953622418990918,
  "gamesfinished": 45239694,
  "gametime": 9081955854.343777,
  "inputs": 31549398080,
  "piecesplaced": 7008302841
}
