{
  "usercount": 1044468,
  "usercount_delta": 0.07574179621669729,
  "anoncount": 726500,
  "rankedcount": 15576,
  "replaycount": 1762332,
  "gamesplayed": 53719774,
  "gamesplayed_delta": 2.6320274185302304,
  "gamesfinished": 38443088,
  "gametime": 7678820908.697938,
  "inputs": 27091612339,
  "piecesplaced": 6001622451
}
