{
  "usercount": 1133686,
  "usercount_delta": 0.1354148530748844,
  "anoncount": 795719,
  "rankedcount": 16086,
  "replaycount": 1887658,
  "gamesplayed": 57543660,
  "gamesplayed_delta": 3.3853713268721104,
  "gamesfinished": 41435706,
  "gametime": 8298616259.459525,
  "inputs": 29088701212,
  "piecesplaced": 6455382939
}
