{
  "usercount": 975984,
  "usercount_delta": 0.03164106377256403,
  "anoncount": 673507,
  "rankedcount": 14674,
  "replaycount": 1655807,
  "gamesplayed": 50485794,
  "gamesplayed_delta": 3.4488759512094793,
  "gamesfinished": 35957889,
  "gametime": 7162492229.36142,
  "inputs": 25403089508,
  "piecesplaced": 5616385480
}
