{
  "usercount": 753892,
  "usercount_delta": 0.06859181013786954,
  "anoncount": 501944,
  "rankedcount": 13812,
  "replaycount": 1295547,
  "gamesplayed": 40409033,
  "gamesplayed_delta": 2.4693051649633033,
  "gamesfinished": 28228118,
  "gametime": 5570164930.9377775,
  "inputs": 20222335469,
  "piecesplaced": 4434260527
}
