{
  "usercount": 900410,
  "usercount_delta": 0.045071438229593905,
  "anoncount": 616426,
  "rankedcount": 14228,
  "replaycount": 1544406,
  "gamesplayed": 47242765,
  "gamesplayed_delta": 2.8695482339508116,
  "gamesfinished": 33456032,
  "gametime": 6650054210.238572,
  "inputs": 23739643336,
  "piecesplaced": 5237575097
}
