{
  "usercount": 905227,
  "usercount_delta": 0.04517936206740761,
  "anoncount": 619881,
  "rankedcount": 14196,
  "replaycount": 1550748,
  "gamesplayed": 47422464,
  "gamesplayed_delta": 2.439685551640011,
  "gamesfinished": 33593508,
  "gametime": 6678728652.261765,
  "inputs": 23834024705,
  "piecesplaced": 5259276220
}
