{
  "usercount": 8824817,
  "usercount_delta": 0.27604643391593664,
  "anoncount": 6781945,
  "totalaccounts": 12790782,
  "rankedcount": 47204,
  "replaycount": 11394000,
  "gamesplayed": 510531521,
  "gamesplayed_delta": 4.140696508739049,
  "gamesfinished": 397986777,
  "gametime": 89010924424.93822,
  "inputs": 311263992375,
  "piecesplaced": 71267282602
}
