{
  "usercount": 8285911,
  "usercount_delta": 0.19903270107278626,
  "anoncount": 6141068,
  "totalaccounts": 13809595,
  "rankedcount": 51883,
  "replaycount": 11122440,
  "gamesplayed": 542888376,
  "gamesplayed_delta": 4.9758175268196565,
  "gamesfinished": 423088599,
  "gametime": 94854636320.09772,
  "inputs": 332675034623,
  "piecesplaced": 76261960305
}
