{
  "usercount": 1112225,
  "usercount_delta": 0.08270888127967181,
  "anoncount": 778821,
  "rankedcount": 16081,
  "replaycount": 1857674,
  "gamesplayed": 56639397,
  "gamesplayed_delta": 3.3083552511868723,
  "gamesfinished": 40724735,
  "gametime": 8152740100.750856,
  "inputs": 28622680682,
  "piecesplaced": 6349703657
}
