{
  "usercount": 8581359,
  "usercount_delta": 0.2529681597409606,
  "anoncount": 6404910,
  "totalaccounts": 14111735,
  "rankedcount": 50281,
  "replaycount": 11441667,
  "gamesplayed": 553039237,
  "gamesplayed_delta": 4.148677819751754,
  "gamesfinished": 430881602,
  "gametime": 96727212484.25868,
  "inputs": 339599244379,
  "piecesplaced": 77883539268
}
