{
  "usercount": 5688943,
  "usercount_delta": 0.06378568011481422,
  "anoncount": 4072334,
  "rankedcount": 42889,
  "replaycount": 9872379,
  "gamesplayed": 382632090,
  "gamesplayed_delta": 3.2849625259129325,
  "gamesfinished": 297159671,
  "gametime": 65827543531.369095,
  "inputs": 227071856381,
  "piecesplaced": 51672840897
}
