{
  "usercount": 933580,
  "usercount_delta": 0.09014287645918781,
  "anoncount": 641187,
  "rankedcount": 14201,
  "replaycount": 1595770,
  "gamesplayed": 48640069,
  "gamesplayed_delta": 2.88457204669401,
  "gamesfinished": 34534811,
  "gametime": 6870597299.096644,
  "inputs": 24455360775,
  "piecesplaced": 5400544882
}
