{
  "usercount": 1259588,
  "usercount_delta": 0.09437226713643083,
  "anoncount": 892249,
  "rankedcount": 17702,
  "replaycount": 2049550,
  "gamesplayed": 62215938,
  "gamesplayed_delta": 4.073736198055931,
  "gamesfinished": 45189959,
  "gametime": 9071565423.123854,
  "inputs": 31516525212,
  "piecesplaced": 7000956979
}
