{
  "usercount": 765035,
  "usercount_delta": 0.07370418824049677,
  "anoncount": 510752,
  "rankedcount": 13957,
  "replaycount": 1319174,
  "gamesplayed": 40942698,
  "gamesplayed_delta": 2.800759153138877,
  "gamesfinished": 28634513,
  "gametime": 5654966559.117755,
  "inputs": 20500369427,
  "piecesplaced": 4497824973
}
