{
  "usercount": 925805,
  "usercount_delta": 0.07495409061949555,
  "anoncount": 635310,
  "rankedcount": 14350,
  "replaycount": 1583711,
  "gamesplayed": 48308768,
  "gamesplayed_delta": 1.9862834014166324,
  "gamesfinished": 34280586,
  "gametime": 6818867738.126394,
  "inputs": 24288573243,
  "piecesplaced": 5362703931
}
