{
  "usercount": 1220865,
  "usercount_delta": 0.04755940962919514,
  "anoncount": 862110,
  "rankedcount": 17096,
  "replaycount": 1995525,
  "gamesplayed": 60671333,
  "gamesplayed_delta": 2.5682081199765374,
  "gamesfinished": 43950726,
  "gametime": 8815875687.503536,
  "inputs": 30705976216,
  "piecesplaced": 6818615019
}
