{
  "usercount": 1250925,
  "usercount_delta": 0.0586200832405182,
  "anoncount": 885461,
  "rankedcount": 17529,
  "replaycount": 2037139,
  "gamesplayed": 61880513,
  "gamesplayed_delta": 3.4976649666842525,
  "gamesfinished": 44921666,
  "gametime": 9015958113.142866,
  "inputs": 31339645690,
  "piecesplaced": 6961169404
}
