{
  "usercount": 1237865,
  "usercount_delta": 0.13272658323852862,
  "anoncount": 875382,
  "rankedcount": 17296,
  "replaycount": 2019225,
  "gamesplayed": 61377173,
  "gamesplayed_delta": 3.886992794842624,
  "gamesfinished": 44514543,
  "gametime": 8932790161.445387,
  "inputs": 31077895105,
  "piecesplaced": 6902367548
}
