{
  "usercount": 6358507,
  "usercount_delta": 0.16244314489928524,
  "anoncount": 5079697,
  "rankedcount": 47750,
  "replaycount": 7381318,
  "gamesplayed": 278993548,
  "gamesplayed_delta": 6.416504223521767,
  "gamesfinished": 217487418,
  "gametime": 47618001900.926315,
  "inputs": 161771781475,
  "piecesplaced": 36534886620
}
