{
  "usercount": 924580,
  "usercount_delta": 0.017566048341765037,
  "anoncount": 634359,
  "rankedcount": 14316,
  "replaycount": 1581639,
  "gamesplayed": 48250015,
  "gamesplayed_delta": 1.5985103991006184,
  "gamesfinished": 34235287,
  "gametime": 6809933400.000197,
  "inputs": 24259157541,
  "piecesplaced": 5356032272
}
