{
  "usercount": 969192,
  "usercount_delta": 0.058431693350473296,
  "anoncount": 668264,
  "rankedcount": 14613,
  "replaycount": 1646038,
  "gamesplayed": 50177999,
  "gamesplayed_delta": 3.111487670912703,
  "gamesfinished": 35718991,
  "gametime": 7113689282.262257,
  "inputs": 25246250016,
  "piecesplaced": 5580748698
}
