{
  "usercount": 6969039,
  "usercount_delta": 0.07066139061616733,
  "anoncount": 5137384,
  "totalaccounts": 10887436,
  "rankedcount": 57932,
  "replaycount": 9531755,
  "gamesplayed": 444540421,
  "gamesplayed_delta": 4.5046636517806675,
  "gamesfinished": 346320899,
  "gametime": 76827098708.40892,
  "inputs": 266493915002,
  "piecesplaced": 60803614428
}
