{
  "usercount": 1245537,
  "usercount_delta": 0.08838919530476595,
  "anoncount": 881252,
  "rankedcount": 17559,
  "replaycount": 2030265,
  "gamesplayed": 61665641,
  "gamesplayed_delta": 2.5456088247772595,
  "gamesfinished": 44746860,
  "gametime": 8980503493.061304,
  "inputs": 31228883686,
  "piecesplaced": 6936366676
}
