{
  "usercount": 1214375,
  "usercount_delta": 0.05680634716252296,
  "anoncount": 857141,
  "rankedcount": 17053,
  "replaycount": 1985761,
  "gamesplayed": 60392801,
  "gamesplayed_delta": 3.086478195830414,
  "gamesfinished": 43726528,
  "gametime": 8768681675.976776,
  "inputs": 30555119179,
  "piecesplaced": 6784611881
}
