{
  "usercount": 9293023,
  "usercount_delta": 0.19611688566385566,
  "anoncount": 6898816,
  "totalaccounts": 16142995,
  "rankedcount": 53338,
  "replaycount": 13365594,
  "gamesplayed": 620517323,
  "gamesplayed_delta": 5.9369929932785395,
  "gamesfinished": 482572200,
  "gametime": 109233816183.81621,
  "inputs": 385459221008,
  "piecesplaced": 88581842112
}
