{
  "usercount": 901133,
  "usercount_delta": 0.030047625486395935,
  "anoncount": 616998,
  "rankedcount": 14256,
  "replaycount": 1545558,
  "gamesplayed": 47281910,
  "gamesplayed_delta": 1.817881341926954,
  "gamesfinished": 33486594,
  "gametime": 6656424602.373772,
  "inputs": 23760677192,
  "piecesplaced": 5242426579
}
