{
  "usercount": 1103122,
  "usercount_delta": 0.12374924866527595,
  "anoncount": 771819,
  "rankedcount": 15883,
  "replaycount": 1843614,
  "gamesplayed": 56213124,
  "gamesplayed_delta": 2.9169465756815045,
  "gamesfinished": 40390417,
  "gametime": 8083039719.99513,
  "inputs": 28394211733,
  "piecesplaced": 6297525138
}
