{
  "usercount": 881692,
  "usercount_delta": 0.06009615384615384,
  "anoncount": 601855,
  "rankedcount": 14296,
  "replaycount": 1515768,
  "gamesplayed": 46384799,
  "gamesplayed_delta": 2.7493990384615383,
  "gamesfinished": 32790684,
  "gametime": 6514878129.5577,
  "inputs": 23302876104,
  "piecesplaced": 5138291060
}
