{
  "usercount": 737750,
  "usercount_delta": 0.03671139338093577,
  "anoncount": 489254,
  "rankedcount": 13655,
  "replaycount": 1257593,
  "gamesplayed": 39696204,
  "gamesplayed_delta": 1.2114759815708804,
  "gamesfinished": 27688879,
  "gametime": 5458086975.290645,
  "inputs": 19856597134,
  "piecesplaced": 4351285393
}
