{
  "usercount": 9032002,
  "usercount_delta": 0.22197179250759824,
  "anoncount": 6967817,
  "totalaccounts": 13002762,
  "rankedcount": 47822,
  "replaycount": 11568115,
  "gamesplayed": 517282158,
  "gamesplayed_delta": 4.558959123040672,
  "gamesfinished": 403250029,
  "gametime": 90232256024.62212,
  "inputs": 315733875093,
  "piecesplaced": 72310583388
}
