{
  "usercount": 6948304,
  "usercount_delta": 0.3038128512836093,
  "anoncount": 5118965,
  "totalaccounts": 10866146,
  "rankedcount": 57769,
  "replaycount": 9509993,
  "gamesplayed": 443856650,
  "gamesplayed_delta": 6.4644623356456865,
  "gamesfinished": 345757734,
  "gametime": 76702935245.54982,
  "inputs": 266057806195,
  "piecesplaced": 60703439943
}
