{
  "usercount": 7910166,
  "usercount_delta": 0.04425170369059209,
  "anoncount": 5966706,
  "totalaccounts": 11853512,
  "rankedcount": 50143,
  "replaycount": 10574265,
  "gamesplayed": 479497319,
  "gamesplayed_delta": 3.6138891347316875,
  "gamesfinished": 373857554,
  "gametime": 83389966448.21495,
  "inputs": 290549860523,
  "piecesplaced": 66419086098
}
