{
  "usercount": 9641253,
  "usercount_delta": 0.0894358387292956,
  "anoncount": 7153615,
  "totalaccounts": 17059614,
  "rankedcount": 48786,
  "replaycount": 14197560,
  "gamesplayed": 654554957,
  "gamesplayed_delta": 4.185597252531035,
  "gamesfinished": 508336945,
  "gametime": 115560251143.62048,
  "inputs": 409104114121,
  "piecesplaced": 94140778140
}
