{
  "usercount": 741131,
  "usercount_delta": 0.060232799771115356,
  "anoncount": 492017,
  "rankedcount": 13597,
  "replaycount": 1264173,
  "gamesplayed": 39798604,
  "gamesplayed_delta": 1.9123913927329126,
  "gamesfinished": 27765196,
  "gametime": 5473941394.9844885,
  "inputs": 19909165282,
  "piecesplaced": 4363276005
}
