{
  "usercount": 6879974,
  "usercount_delta": 0.20830078633546842,
  "anoncount": 5522718,
  "rankedcount": 44976,
  "replaycount": 7983339,
  "gamesplayed": 302890906,
  "gamesplayed_delta": 4.13129892898679,
  "gamesfinished": 235705268,
  "gametime": 51867469389.25736,
  "inputs": 176858213940,
  "piecesplaced": 40020940687
}
