{
  "usercount": 1100021,
  "usercount_delta": 0.11607211947690164,
  "anoncount": 769459,
  "rankedcount": 16004,
  "replaycount": 1840099,
  "gamesplayed": 56105134,
  "gamesplayed_delta": 3.153292579122495,
  "gamesfinished": 40305157,
  "gametime": 8065575786.987422,
  "inputs": 28339122907,
  "piecesplaced": 6285056972
}
