{
  "usercount": 5135132,
  "usercount_delta": 0.066556847867685,
  "anoncount": 4045122,
  "rankedcount": 42436,
  "replaycount": 6116100,
  "gamesplayed": 230131347,
  "gamesplayed_delta": 5.291269405480957,
  "gamesfinished": 179453478,
  "gametime": 39015053015.42978,
  "inputs": 131854392372,
  "piecesplaced": 29706281466
}
