{
  "usercount": 831579,
  "usercount_delta": 0,
  "anoncount": 562911,
  "rankedcount": 14077,
  "replaycount": 1437185,
  "gamesplayed": 44093503,
  "gamesplayed_delta": 1.3679377869390048,
  "gamesfinished": 31030146,
  "gametime": 6153101121.869689,
  "inputs": 22130934061,
  "piecesplaced": 4871061181
}
