{
  "usercount": 1193314,
  "usercount_delta": 0.0946772452708716,
  "anoncount": 840890,
  "rankedcount": 16633,
  "replaycount": 1960364,
  "gamesplayed": 59635303,
  "gamesplayed_delta": 4.279411486243396,
  "gamesfinished": 43112797,
  "gametime": 8643267285.603552,
  "inputs": 30166016047,
  "piecesplaced": 6697697683
}
