{
  "usercount": 1036790,
  "usercount_delta": 0.15631411321049649,
  "anoncount": 720777,
  "rankedcount": 15445,
  "replaycount": 1751969,
  "gamesplayed": 53419685,
  "gamesplayed_delta": 3.8883135661111,
  "gamesfinished": 38210192,
  "gametime": 7630685524.343137,
  "inputs": 26934635668,
  "piecesplaced": 5965796892
}
