{
  "usercount": 1142620,
  "usercount_delta": 0.1325506532853626,
  "anoncount": 802671,
  "rankedcount": 16125,
  "replaycount": 1898515,
  "gamesplayed": 57872598,
  "gamesplayed_delta": 3.4652527930316226,
  "gamesfinished": 41697191,
  "gametime": 8351720674.951964,
  "inputs": 29255744615,
  "piecesplaced": 6492990035
}
