{
  "usercount": 745123,
  "usercount_delta": 0.09193373416441429,
  "anoncount": 495113,
  "rankedcount": 13759,
  "replaycount": 1275176,
  "gamesplayed": 39995795,
  "gamesplayed_delta": 2.096089138948646,
  "gamesfinished": 27915951,
  "gametime": 5505050093.920642,
  "inputs": 20010479316,
  "piecesplaced": 4386231875
}
