{
  "usercount": 9110934,
  "usercount_delta": 0.3294947198471145,
  "anoncount": 7038015,
  "totalaccounts": 13083615,
  "rankedcount": 47801,
  "replaycount": 11633919,
  "gamesplayed": 519717871,
  "gamesplayed_delta": 5.222491309576764,
  "gamesfinished": 405151331,
  "gametime": 90673864446.83543,
  "inputs": 317353951230,
  "piecesplaced": 72687022144
}
