{
  "usercount": 2966926,
  "usercount_delta": 0.14048643427868995,
  "anoncount": 2236763,
  "rankedcount": 30019,
  "replaycount": 4350339,
  "gamesplayed": 140313623,
  "gamesplayed_delta": 4.934586004038985,
  "gamesfinished": 108934064,
  "gametime": 23050556065.969585,
  "inputs": 77319219738,
  "piecesplaced": 17294960731
}
