{
  "usercount": 1172802,
  "usercount_delta": 0.09925229934493483,
  "anoncount": 825192,
  "rankedcount": 16540,
  "replaycount": 1933668,
  "gamesplayed": 58875827,
  "gamesplayed_delta": 6.070932309931847,
  "gamesfinished": 42503979,
  "gametime": 8518525791.788642,
  "inputs": 29777478942,
  "piecesplaced": 6610519761
}
