{
  "usercount": 8909530,
  "usercount_delta": 0.2628959870805401,
  "anoncount": 6857645,
  "totalaccounts": 12877557,
  "rankedcount": 47236,
  "replaycount": 11467647,
  "gamesplayed": 513360712,
  "gamesplayed_delta": 4.67579291307532,
  "gamesfinished": 400182105,
  "gametime": 89526659492.79845,
  "inputs": 313156684985,
  "piecesplaced": 71709429046
}
