{
  "usercount": 822894,
  "usercount_delta": 0.05064915331498708,
  "anoncount": 556213,
  "rankedcount": 13858,
  "replaycount": 1422902,
  "gamesplayed": 43686700,
  "gamesplayed_delta": 3.3934932721041347,
  "gamesfinished": 30717659,
  "gametime": 6088884404.61094,
  "inputs": 21923157405,
  "piecesplaced": 4823658399
}
