{
  "usercount": 1082160,
  "usercount_delta": 0.0634135514759504,
  "anoncount": 755589,
  "rankedcount": 15805,
  "replaycount": 1815763,
  "gamesplayed": 55369647,
  "gamesplayed_delta": 4.8511366879102065,
  "gamesfinished": 39725747,
  "gametime": 7946608287.073558,
  "inputs": 27956466269,
  "piecesplaced": 6198406905
}
