{
  "usercount": 1066991,
  "usercount_delta": 0,
  "anoncount": 743893,
  "rankedcount": 15813,
  "replaycount": 1793732,
  "gamesplayed": 54684003,
  "gamesplayed_delta": 1.8560171131069412,
  "gamesfinished": 39195581,
  "gametime": 7835731416.185512,
  "inputs": 27597199045,
  "piecesplaced": 6116734563
}
