{
  "usercount": 920767,
  "usercount_delta": 0.05064744314824507,
  "anoncount": 631445,
  "rankedcount": 14370,
  "replaycount": 1575631,
  "gamesplayed": 48079074,
  "gamesplayed_delta": 3.0557290699441193,
  "gamesfinished": 34102017,
  "gametime": 6783005690.944163,
  "inputs": 24172534062,
  "piecesplaced": 5336268776
}
