{
  "usercount": 1104628,
  "usercount_delta": 0.016542323534763693,
  "anoncount": 772973,
  "rankedcount": 15939,
  "replaycount": 1845637,
  "gamesplayed": 56274925,
  "gamesplayed_delta": 3.5235149129046666,
  "gamesfinished": 40440441,
  "gametime": 8093452695.133034,
  "inputs": 28427646241,
  "piecesplaced": 6305149509
}
