{
  "usercount": 8436381,
  "usercount_delta": 0.2083514193940446,
  "anoncount": 6878424,
  "rankedcount": 42828,
  "replaycount": 9441292,
  "gamesplayed": 364625533,
  "gamesplayed_delta": 3.993402205052522,
  "gamesfinished": 283009669,
  "gametime": 62603774835.88624,
  "inputs": 215436792682,
  "piecesplaced": 48987079577
}
