{
  "usercount": 1123224,
  "usercount_delta": 0.0317067757379752,
  "anoncount": 787541,
  "rankedcount": 16128,
  "replaycount": 1873494,
  "gamesplayed": 57123770,
  "gamesplayed_delta": 2.9645835315006814,
  "gamesfinished": 41105056,
  "gametime": 8231106284.522106,
  "inputs": 28874833870,
  "piecesplaced": 6407071500
}
