{
  "usercount": 870396,
  "usercount_delta": 0.06112562844786749,
  "anoncount": 593110,
  "rankedcount": 14272,
  "replaycount": 1498265,
  "gamesplayed": 45875913,
  "gamesplayed_delta": 2.7659346872660038,
  "gamesfinished": 32396799,
  "gametime": 6434507704.233569,
  "inputs": 23042334966,
  "piecesplaced": 5078904678
}
