{
  "usercount": 1099291,
  "usercount_delta": 0.10606515936290194,
  "anoncount": 768918,
  "rankedcount": 15977,
  "replaycount": 1839132,
  "gamesplayed": 56076477,
  "gamesplayed_delta": 2.7046615637539992,
  "gamesfinished": 40282091,
  "gametime": 8060760090.598587,
  "inputs": 28323660689,
  "piecesplaced": 6281583058
}
