{
  "usercount": 1227531,
  "usercount_delta": 0.06616710502373745,
  "anoncount": 867300,
  "rankedcount": 17357,
  "replaycount": 2004936,
  "gamesplayed": 60960591,
  "gamesplayed_delta": 2.597058872181695,
  "gamesfinished": 44181959,
  "gametime": 8864052030.67652,
  "inputs": 30860173060,
  "piecesplaced": 6853364243
}
