{
  "usercount": 924071,
  "usercount_delta": 0.030046271257736918,
  "anoncount": 633957,
  "rankedcount": 14291,
  "replaycount": 1580668,
  "gamesplayed": 48222080,
  "gamesplayed_delta": 2.088215852412716,
  "gamesfinished": 34213810,
  "gametime": 6805726640.51318,
  "inputs": 24245264909,
  "piecesplaced": 5352858493
}
