{
  "usercount": 1117849,
  "usercount_delta": 0.12582968951524112,
  "anoncount": 783270,
  "rankedcount": 16108,
  "replaycount": 1866348,
  "gamesplayed": 56899246,
  "gamesplayed_delta": 3.9007203749724746,
  "gamesfinished": 40927808,
  "gametime": 8194622505.981501,
  "inputs": 28758967182,
  "piecesplaced": 6380792632
}
