{
  "usercount": 1227747,
  "usercount_delta": 0.07815858376646216,
  "anoncount": 867475,
  "rankedcount": 17364,
  "replaycount": 2005269,
  "gamesplayed": 60970156,
  "gamesplayed_delta": 2.9309468912423307,
  "gamesfinished": 44189330,
  "gametime": 8865550288.766508,
  "inputs": 30865223189,
  "piecesplaced": 6854529244
}
