{
  "usercount": 3829403,
  "usercount_delta": 0.186894927671663,
  "anoncount": 2949401,
  "rankedcount": 36193,
  "replaycount": 4498156,
  "gamesplayed": 175065702,
  "gamesplayed_delta": 5.90587971442455,
  "gamesfinished": 136841957,
  "gametime": 29282109792.202473,
  "inputs": 98297405813,
  "piecesplaced": 22045513193
}
