{
  "usercount": 3521811,
  "usercount_delta": 0.2803319129849742,
  "anoncount": 2693652,
  "rankedcount": 33252,
  "replaycount": 4071458,
  "gamesplayed": 163669122,
  "gamesplayed_delta": 5.569260671301487,
  "gamesfinished": 127780664,
  "gametime": 27243653445.22665,
  "inputs": 91399886396,
  "piecesplaced": 20485452451
}
