{
  "usercount": 754384,
  "usercount_delta": 0.044736057262153295,
  "anoncount": 502336,
  "rankedcount": 13836,
  "replaycount": 1296759,
  "gamesplayed": 40433305,
  "gamesplayed_delta": 2.0578586340590515,
  "gamesfinished": 28246459,
  "gametime": 5574045849.632443,
  "inputs": 20234976817,
  "piecesplaced": 4437168374
}
