{
  "usercount": 1136039,
  "usercount_delta": 0.11010271009956431,
  "anoncount": 797591,
  "rankedcount": 16156,
  "replaycount": 1890526,
  "gamesplayed": 57635756,
  "gamesplayed_delta": 2.6739229595608474,
  "gamesfinished": 41509386,
  "gametime": 8313677307.792584,
  "inputs": 29136735414,
  "piecesplaced": 6466217033
}
