{
  "usercount": 1214758,
  "usercount_delta": 0.05803718248824747,
  "anoncount": 857442,
  "rankedcount": 17065,
  "replaycount": 1986471,
  "gamesplayed": 60412241,
  "gamesplayed_delta": 2.5536360294828886,
  "gamesfinished": 43741364,
  "gametime": 8771839121.4838,
  "inputs": 30565613126,
  "piecesplaced": 6787004007
}
