{
  "usercount": 8184140,
  "usercount_delta": 0.16669444907484582,
  "anoncount": 6049719,
  "totalaccounts": 13705486,
  "rankedcount": 50346,
  "replaycount": 11003361,
  "gamesplayed": 539439248,
  "gamesplayed_delta": 5.037876683150896,
  "gamesfinished": 420440323,
  "gametime": 94228220319.5042,
  "inputs": 330379499828,
  "piecesplaced": 75725777879
}
