{
  "usercount": 4355133,
  "usercount_delta": 0.0934439709949914,
  "anoncount": 3392791,
  "rankedcount": 39644,
  "replaycount": 5151692,
  "gamesplayed": 196069240,
  "gamesplayed_delta": 5.9991029378784475,
  "gamesfinished": 153226822,
  "gametime": 33018986387.09368,
  "inputs": 111156210122,
  "piecesplaced": 24973244162
}
