{
  "usercount": 755259,
  "usercount_delta": 0.03685277317118113,
  "anoncount": 503015,
  "rankedcount": 13868,
  "replaycount": 1298810,
  "gamesplayed": 40479627,
  "gamesplayed_delta": 3.0956329463792147,
  "gamesfinished": 28281573,
  "gametime": 5581379265.277833,
  "inputs": 20259040076,
  "piecesplaced": 4442696745
}
