{
  "usercount": 1118624,
  "usercount_delta": 0.06616710502373745,
  "anoncount": 783885,
  "rankedcount": 16133,
  "replaycount": 1867497,
  "gamesplayed": 56933725,
  "gamesplayed_delta": 4.003109853936116,
  "gamesfinished": 40954503,
  "gametime": 8200216338.409162,
  "inputs": 28776321875,
  "piecesplaced": 6384723203
}
