{
  "usercount": 4600487,
  "usercount_delta": 0.1561524047470331,
  "anoncount": 3596907,
  "rankedcount": 41490,
  "replaycount": 5456155,
  "gamesplayed": 207107786,
  "gamesplayed_delta": 5.367738913179263,
  "gamesfinished": 161762733,
  "gametime": 34975288171.510284,
  "inputs": 117910549240,
  "piecesplaced": 26516553225
}
