{
  "usercount": 1118872,
  "usercount_delta": 0.10606515936290194,
  "anoncount": 784068,
  "rankedcount": 16144,
  "replaycount": 1867848,
  "gamesplayed": 56946104,
  "gamesplayed_delta": 2.5985964043910976,
  "gamesfinished": 40963968,
  "gametime": 8202258519.0205,
  "inputs": 28782595776,
  "piecesplaced": 6386146600
}
