{
  "usercount": 840244,
  "usercount_delta": 0.030047625486395935,
  "anoncount": 569596,
  "rankedcount": 14069,
  "replaycount": 1451059,
  "gamesplayed": 44508242,
  "gamesplayed_delta": 1.5775003380357866,
  "gamesfinished": 31346755,
  "gametime": 6218714051.985748,
  "inputs": 22346289045,
  "piecesplaced": 4920330881
}
