{
  "usercount": 849291,
  "usercount_delta": 0.045071438229593905,
  "anoncount": 576676,
  "rankedcount": 14028,
  "replaycount": 1466137,
  "gamesplayed": 44930020,
  "gamesplayed_delta": 2.283619536966091,
  "gamesfinished": 31666365,
  "gametime": 6284418132.775072,
  "inputs": 22559453486,
  "piecesplaced": 4968928419
}
