{
  "usercount": 880038,
  "usercount_delta": 0.01433198612663743,
  "anoncount": 600621,
  "rankedcount": 14240,
  "replaycount": 1513229,
  "gamesplayed": 46317985,
  "gamesplayed_delta": 1.9491501132226903,
  "gamesfinished": 32739595,
  "gametime": 6504230513.299453,
  "inputs": 23268672370,
  "piecesplaced": 5130489056
}
