{
  "usercount": 4379529,
  "usercount_delta": 0.19190457913849604,
  "anoncount": 3413372,
  "rankedcount": 39693,
  "replaycount": 5180369,
  "gamesplayed": 197113590,
  "gamesplayed_delta": 5.801423046263765,
  "gamesfinished": 154040876,
  "gametime": 33205777313.986824,
  "inputs": 111800712707,
  "piecesplaced": 25120482613
}
