{
  "usercount": 950199,
  "usercount_delta": 0.029705764403582517,
  "anoncount": 653783,
  "rankedcount": 14331,
  "replaycount": 1617358,
  "gamesplayed": 49333065,
  "gamesplayed_delta": 3.5498388462281105,
  "gamesfinished": 35072974,
  "gametime": 6981560588.436299,
  "inputs": 24814734630,
  "piecesplaced": 5482268084
}
