{
  "usercount": 765974,
  "usercount_delta": 0.015644800450570255,
  "anoncount": 511477,
  "rankedcount": 13997,
  "replaycount": 1321314,
  "gamesplayed": 40991974,
  "gamesplayed_delta": 1.7991520518155792,
  "gamesfinished": 28672922,
  "gametime": 5662762111.718381,
  "inputs": 20526427197,
  "piecesplaced": 4503799264
}
