{
  "usercount": 973308,
  "usercount_delta": 0.15338599585857812,
  "anoncount": 671461,
  "rankedcount": 14580,
  "replaycount": 1652265,
  "gamesplayed": 50365401,
  "gamesplayed_delta": 3.3744919088887184,
  "gamesfinished": 35861927,
  "gametime": 7143362039.268016,
  "inputs": 25342447681,
  "piecesplaced": 5602622121
}
