{
  "usercount": 9251657,
  "usercount_delta": 0.2620888481195125,
  "anoncount": 7164465,
  "totalaccounts": 13227542,
  "rankedcount": 47945,
  "replaycount": 11753703,
  "gamesplayed": 524232391,
  "gamesplayed_delta": 5.2979388584158595,
  "gamesfinished": 408675988,
  "gametime": 91487544108.92363,
  "inputs": 320331790983,
  "piecesplaced": 73378850150
}
