{
  "usercount": 6507422,
  "usercount_delta": 0.050686806224339805,
  "anoncount": 5206581,
  "rankedcount": 48307,
  "replaycount": 7553856,
  "gamesplayed": 285396720,
  "gamesplayed_delta": 3.970466487573285,
  "gamesfinished": 222440884,
  "gametime": 48757489215.80395,
  "inputs": 165755452929,
  "piecesplaced": 37446976810
}
