{
  "usercount": 6373537,
  "usercount_delta": 0.2645049866969551,
  "anoncount": 4611403,
  "rankedcount": 50088,
  "replaycount": 8779485,
  "gamesplayed": 424942021,
  "gamesplayed_delta": 4.0920477353705405,
  "gamesfinished": 330530331,
  "gametime": 73244613973.07663,
  "inputs": 253674457578,
  "piecesplaced": 57846165736
}
