{
  "usercount": 823316,
  "usercount_delta": 0.04517664066500015,
  "anoncount": 556546,
  "rankedcount": 13881,
  "replaycount": 1423727,
  "gamesplayed": 43709128,
  "gamesplayed_delta": 2.048007710146673,
  "gamesfinished": 30733944,
  "gametime": 6092138690.383031,
  "inputs": 21933715353,
  "piecesplaced": 4826083625
}
