{
  "usercount": 737246,
  "usercount_delta": 0.018705574261129815,
  "anoncount": 488869,
  "rankedcount": 13630,
  "replaycount": 1255945,
  "gamesplayed": 39672101,
  "gamesplayed_delta": 2.338196782641227,
  "gamesfinished": 27670162,
  "gametime": 5454219179.872284,
  "inputs": 19843906924,
  "piecesplaced": 4348431765
}
