{
  "usercount": 760071,
  "usercount_delta": 0.01842604706012419,
  "anoncount": 506871,
  "rankedcount": 13907,
  "replaycount": 1308330,
  "gamesplayed": 40702456,
  "gamesplayed_delta": 3.7036354590849623,
  "gamesfinished": 28452819,
  "gametime": 5616996490.106479,
  "inputs": 20374855365,
  "piecesplaced": 4469086074
}
