{
  "usercount": 9574384,
  "usercount_delta": 0.18729461442849601,
  "anoncount": 7115604,
  "totalaccounts": 16780197,
  "rankedcount": 52413,
  "replaycount": 13943004,
  "gamesplayed": 643203801,
  "gamesplayed_delta": 5.652891999114607,
  "gamesfinished": 499831535,
  "gametime": 113436779134.44272,
  "inputs": 400974794044,
  "piecesplaced": 92210027703
}
