{
  "usercount": 1241043,
  "usercount_delta": 0.08838919530476595,
  "anoncount": 877717,
  "rankedcount": 17386,
  "replaycount": 2023352,
  "gamesplayed": 61479255,
  "gamesplayed_delta": 4.171970018384953,
  "gamesfinished": 44597305,
  "gametime": 8949496677.485086,
  "inputs": 31128880956,
  "piecesplaced": 6913767124
}
