{
  "usercount": 8115994,
  "usercount_delta": 0.09804690563965801,
  "anoncount": 6146445,
  "totalaccounts": 12065134,
  "rankedcount": 45565,
  "replaycount": 10796968,
  "gamesplayed": 488078773,
  "gamesplayed_delta": 4.353282610400815,
  "gamesfinished": 380467250,
  "gametime": 84975453044.35886,
  "inputs": 296467910796,
  "piecesplaced": 67812461990
}
