{
  "usercount": 930627,
  "usercount_delta": 0.09369261327436945,
  "anoncount": 638964,
  "rankedcount": 14305,
  "replaycount": 1591150,
  "gamesplayed": 48528151,
  "gamesplayed_delta": 3.5228422591162913,
  "gamesfinished": 34449553,
  "gametime": 6853121652.938511,
  "inputs": 24399723031,
  "piecesplaced": 5387971407
}
