{
  "usercount": 982927,
  "usercount_delta": 0.09586624741161132,
  "anoncount": 678877,
  "rankedcount": 14728,
  "replaycount": 1666512,
  "gamesplayed": 50806817,
  "gamesplayed_delta": 2.03236444512616,
  "gamesfinished": 36207402,
  "gametime": 7213008898.238871,
  "inputs": 25568786892,
  "piecesplaced": 5654179774
}
