{
  "usercount": 9338586,
  "usercount_delta": 0.2808199943836001,
  "anoncount": 7242806,
  "totalaccounts": 13316445,
  "rankedcount": 47647,
  "replaycount": 10427893,
  "gamesplayed": 527137226,
  "gamesplayed_delta": 4.1748572498361884,
  "gamesfinished": 410913678,
  "gametime": 92006436417.92009,
  "inputs": 322230983765,
  "piecesplaced": 73823584405
}
