{
  "usercount": 771695,
  "usercount_delta": 0.017818324364776737,
  "anoncount": 515982,
  "rankedcount": 13878,
  "replaycount": 1332936,
  "gamesplayed": 41270845,
  "gamesplayed_delta": 2.156017248137985,
  "gamesfinished": 28882327,
  "gametime": 5706826089.67425,
  "inputs": 20672931185,
  "piecesplaced": 4537304766
}
