{
  "usercount": 8630129,
  "usercount_delta": 0.11532315194649007,
  "anoncount": 6607181,
  "totalaccounts": 12591408,
  "rankedcount": 46204,
  "replaycount": 11225138,
  "gamesplayed": 504262208,
  "gamesplayed_delta": 3.8386134862188834,
  "gamesfinished": 393113016,
  "gametime": 87881749430.4558,
  "inputs": 307141572803,
  "piecesplaced": 70305980975
}
