{
  "usercount": 1068440,
  "usercount_delta": 0.07584519994690836,
  "anoncount": 745033,
  "rankedcount": 15872,
  "replaycount": 1795818,
  "gamesplayed": 54760225,
  "gamesplayed_delta": 2.54081419822143,
  "gamesfinished": 39254185,
  "gametime": 7848103186.490747,
  "inputs": 27638295123,
  "piecesplaced": 6126075544
}
