{
  "usercount": 1074290,
  "usercount_delta": 0.0379204429107732,
  "anoncount": 749488,
  "rankedcount": 15905,
  "replaycount": 1804592,
  "gamesplayed": 55034052,
  "gamesplayed_delta": 2.84403321830799,
  "gamesfinished": 39465812,
  "gametime": 7892511476.624015,
  "inputs": 27782932816,
  "piecesplaced": 6159047042
}
