{
  "usercount": 8549952,
  "usercount_delta": 0.2786679671171799,
  "anoncount": 6534601,
  "totalaccounts": 12509438,
  "rankedcount": 45618,
  "replaycount": 11166424,
  "gamesplayed": 502115395,
  "gamesplayed_delta": 5.346941619060889,
  "gamesfinished": 391399157,
  "gametime": 87501044543.77846,
  "inputs": 305780875578,
  "piecesplaced": 69991474743
}
