{
  "usercount": 1172145,
  "usercount_delta": 0.17301582308345653,
  "anoncount": 824711,
  "rankedcount": 16527,
  "replaycount": 1932896,
  "gamesplayed": 58858361,
  "gamesplayed_delta": 3.1771996602598382,
  "gamesfinished": 42489709,
  "gametime": 8515408768.725712,
  "inputs": 29768324926,
  "piecesplaced": 6608471564
}
