{
  "usercount": 886238,
  "usercount_delta": 0.059606596463341946,
  "anoncount": 605366,
  "rankedcount": 14273,
  "replaycount": 1522938,
  "gamesplayed": 46595197,
  "gamesplayed_delta": 2.265050665606994,
  "gamesfinished": 32954228,
  "gametime": 6547749947.798821,
  "inputs": 23409688630,
  "piecesplaced": 5162599228
}
