{
  "usercount": 884070,
  "usercount_delta": 0.05269907073971929,
  "anoncount": 603660,
  "rankedcount": 14208,
  "replaycount": 1519623,
  "gamesplayed": 46498718,
  "gamesplayed_delta": 2.9160152475978007,
  "gamesfinished": 32879928,
  "gametime": 6533109679.9520445,
  "inputs": 23362010013,
  "piecesplaced": 5151795636
}
