{
  "usercount": 7528112,
  "usercount_delta": 0.13329581303040625,
  "anoncount": 6084503,
  "rankedcount": 39472,
  "replaycount": 8594609,
  "gamesplayed": 329517374,
  "gamesplayed_delta": 3.539744368251899,
  "gamesfinished": 255763271,
  "gametime": 56486955708.6741,
  "inputs": 193566237116,
  "piecesplaced": 43919495443
}
