{
  "usercount": 4450026,
  "usercount_delta": 0.1314183797991176,
  "anoncount": 3472234,
  "rankedcount": 40124,
  "replaycount": 5265247,
  "gamesplayed": 200244164,
  "gamesplayed_delta": 6.270534121843612,
  "gamesfinished": 156460540,
  "gametime": 33762162608.91124,
  "inputs": 113724813178,
  "piecesplaced": 25560300955
}
