{
  "usercount": 954897,
  "usercount_delta": 0.0637216637726411,
  "anoncount": 657384,
  "rankedcount": 14477,
  "replaycount": 1623903,
  "gamesplayed": 49534639,
  "gamesplayed_delta": 2.89933570165517,
  "gamesfinished": 35226902,
  "gametime": 7013016337.843696,
  "inputs": 24918480370,
  "piecesplaced": 5506018694
}
