{
  "usercount": 7702679,
  "usercount_delta": 0.3254929505079403,
  "anoncount": 5785755,
  "totalaccounts": 11640311,
  "rankedcount": 54126,
  "replaycount": 10355198,
  "gamesplayed": 471583355,
  "gamesplayed_delta": 4.454114059582341,
  "gamesfinished": 367704942,
  "gametime": 81906815869.51903,
  "inputs": 285048191134,
  "piecesplaced": 65129087793
}
