{
  "usercount": 1002640,
  "usercount_delta": 0.07613826709304096,
  "anoncount": 694103,
  "rankedcount": 14949,
  "replaycount": 1698104,
  "gamesplayed": 51748933,
  "gamesplayed_delta": 2.649611694837825,
  "gamesfinished": 36927822,
  "gametime": 7362791337.877675,
  "inputs": 26055631438,
  "piecesplaced": 5765384663
}
