{
  "usercount": 734458,
  "usercount_delta": 0.01549042691616581,
  "anoncount": 486685,
  "rankedcount": 13541,
  "replaycount": 1248345,
  "gamesplayed": 39549132,
  "gamesplayed_delta": 2.5094491604188613,
  "gamesfinished": 27575494,
  "gametime": 5434813200.971026,
  "inputs": 19781759099,
  "piecesplaced": 4334292064
}
