{
  "usercount": 1331207,
  "usercount_delta": 0.1427619682116684,
  "anoncount": 947256,
  "rankedcount": 18516,
  "replaycount": 2143296,
  "gamesplayed": 64947368,
  "gamesplayed_delta": 4.473208337298943,
  "gamesfinished": 47402084,
  "gametime": 9534327577.951714,
  "inputs": 32967983617,
  "piecesplaced": 7327062161
}
