{
  "usercount": 1188508,
  "usercount_delta": 0.018960940462646948,
  "anoncount": 837245,
  "rankedcount": 16695,
  "replaycount": 1954123,
  "gamesplayed": 59463081,
  "gamesplayed_delta": 3.545695866514979,
  "gamesfinished": 42974966,
  "gametime": 8615229019.406834,
  "inputs": 30079752442,
  "piecesplaced": 6678446806
}
