{
  "usercount": 4703967,
  "usercount_delta": 0.10137581462708183,
  "anoncount": 3682697,
  "rankedcount": 41833,
  "replaycount": 5584542,
  "gamesplayed": 211771543,
  "gamesplayed_delta": 5.112237509051412,
  "gamesfinished": 165387185,
  "gametime": 35802341613.94731,
  "inputs": 120769147266,
  "piecesplaced": 27169735186
}
