{
  "usercount": 4423215,
  "usercount_delta": 0.16819914779098452,
  "anoncount": 3449520,
  "rankedcount": 40066,
  "replaycount": 5235500,
  "gamesplayed": 199164346,
  "gamesplayed_delta": 6.29812364506242,
  "gamesfinished": 155623679,
  "gametime": 33572091460.92969,
  "inputs": 113073756170,
  "piecesplaced": 25411838961
}
