{
  "usercount": 835311,
  "usercount_delta": 0.053205639797818574,
  "anoncount": 565791,
  "rankedcount": 14040,
  "replaycount": 1442793,
  "gamesplayed": 44265898,
  "gamesplayed_delta": 3.8308060654429372,
  "gamesfinished": 31160799,
  "gametime": 6179880071.14581,
  "inputs": 22218209878,
  "piecesplaced": 4891070143
}
