{
  "usercount": 873916,
  "usercount_delta": 0.05269907073971929,
  "anoncount": 595803,
  "rankedcount": 14227,
  "replaycount": 1503826,
  "gamesplayed": 46037841,
  "gamesplayed_delta": 3.021413389077239,
  "gamesfinished": 32522716,
  "gametime": 6460049000.435253,
  "inputs": 23125303237,
  "piecesplaced": 5097810278
}
