{
  "usercount": 1014666,
  "usercount_delta": 0.031640563202025,
  "anoncount": 703503,
  "rankedcount": 15165,
  "replaycount": 1718475,
  "gamesplayed": 52354430,
  "gamesplayed_delta": 2.8792912513842746,
  "gamesfinished": 37392544,
  "gametime": 7459227755.270207,
  "inputs": 26371466334,
  "piecesplaced": 5837299056
}
