{
  "usercount": 1254799,
  "usercount_delta": 0.031707278405758044,
  "anoncount": 888511,
  "rankedcount": 17504,
  "replaycount": 2043156,
  "gamesplayed": 62038170,
  "gamesplayed_delta": 2.964630530938377,
  "gamesfinished": 45045381,
  "gametime": 9041753558.741945,
  "inputs": 31421812182,
  "piecesplaced": 6979620621
}
