{
  "usercount": 1260818,
  "usercount_delta": 0.09511881925839027,
  "anoncount": 893183,
  "rankedcount": 17739,
  "replaycount": 2051110,
  "gamesplayed": 62258453,
  "gamesplayed_delta": 4.740087826376448,
  "gamesfinished": 45224015,
  "gametime": 9078703785.287651,
  "inputs": 31539297692,
  "piecesplaced": 7006036444
}
