{
  "usercount": 844131,
  "usercount_delta": 0.09014287645918781,
  "anoncount": 572619,
  "rankedcount": 14015,
  "replaycount": 1457128,
  "gamesplayed": 44682032,
  "gamesplayed_delta": 2.9897387358963954,
  "gamesfinished": 31478751,
  "gametime": 6245700294.892151,
  "inputs": 22433523317,
  "piecesplaced": 4940222330
}
