{
  "usercount": 7878929,
  "usercount_delta": 0.07483489551177715,
  "anoncount": 6396629,
  "rankedcount": 39153,
  "replaycount": 8877049,
  "gamesplayed": 341315290,
  "gamesplayed_delta": 2.806308581691643,
  "gamesfinished": 264796767,
  "gametime": 58524224880.76366,
  "inputs": 200893986992,
  "piecesplaced": 45621536893
}
