{
  "usercount": 1253858,
  "usercount_delta": 0.07574323044877863,
  "anoncount": 887759,
  "rankedcount": 17661,
  "replaycount": 2041809,
  "gamesplayed": 61998155,
  "gamesplayed_delta": 4.071198636621852,
  "gamesfinished": 45014394,
  "gametime": 9035197326.090845,
  "inputs": 31400991508,
  "piecesplaced": 6974934419
}
