{
  "usercount": 8862780,
  "usercount_delta": 0.15795973462764581,
  "anoncount": 6815400,
  "totalaccounts": 12829771,
  "rankedcount": 47218,
  "replaycount": 11430463,
  "gamesplayed": 511919507,
  "gamesplayed_delta": 4.106953100318791,
  "gamesfinished": 399063575,
  "gametime": 89266354257.35718,
  "inputs": 312209253761,
  "piecesplaced": 71488420008
}
