{
  "usercount": 963421,
  "usercount_delta": 0.08640055296353896,
  "anoncount": 663852,
  "rankedcount": 14581,
  "replaycount": 1637045,
  "gamesplayed": 49921730,
  "gamesplayed_delta": 4.16162663441046,
  "gamesfinished": 35524178,
  "gametime": 7073881119.544775,
  "inputs": 25116187200,
  "piecesplaced": 5551073744
}
