{
  "usercount": 765251,
  "usercount_delta": 0.03747704530974778,
  "anoncount": 510919,
  "rankedcount": 13964,
  "replaycount": 1319592,
  "gamesplayed": 40953211,
  "gamesplayed_delta": 2.923209534160327,
  "gamesfinished": 28642742,
  "gametime": 5656625001.000553,
  "inputs": 20505834078,
  "piecesplaced": 4499063556
}
