{
  "usercount": 868511,
  "usercount_delta": 0.015059333775073791,
  "anoncount": 591632,
  "rankedcount": 14186,
  "replaycount": 1495103,
  "gamesplayed": 45782929,
  "gamesplayed_delta": 3.041985422564906,
  "gamesfinished": 32325441,
  "gametime": 6419725920.021486,
  "inputs": 22993765258,
  "piecesplaced": 5067793567
}
