{
  "usercount": 805743,
  "usercount_delta": 0.03747774758737,
  "anoncount": 542780,
  "rankedcount": 13882,
  "replaycount": 1392579,
  "gamesplayed": 42870524,
  "gamesplayed_delta": 2.267403729035885,
  "gamesfinished": 30097836,
  "gametime": 5960777807.006616,
  "inputs": 21506713722,
  "piecesplaced": 4728508086
}
