{
  "usercount": 9061714,
  "usercount_delta": 0.03439794988218702,
  "anoncount": 6994142,
  "totalaccounts": 13033218,
  "rankedcount": 47827,
  "replaycount": 11594503,
  "gamesplayed": 518244586,
  "gamesplayed_delta": 3.8181724369227594,
  "gamesfinished": 404000943,
  "gametime": 90408890367.99147,
  "inputs": 316383847937,
  "piecesplaced": 72462103920
}
