{
  "usercount": 1049787,
  "usercount_delta": 0.18960580952200376,
  "anoncount": 730624,
  "rankedcount": 15554,
  "replaycount": 1769555,
  "gamesplayed": 53925835,
  "gamesplayed_delta": 3.3560228285394667,
  "gamesfinished": 38602936,
  "gametime": 7711570524.145402,
  "inputs": 27198045095,
  "piecesplaced": 6025848453
}
