{
  "usercount": 921053,
  "usercount_delta": 0,
  "anoncount": 631648,
  "rankedcount": 14370,
  "replaycount": 1576073,
  "gamesplayed": 48089288,
  "gamesplayed_delta": 2.0782713672274946,
  "gamesfinished": 34109610,
  "gametime": 6784529708.781169,
  "inputs": 24177299232,
  "piecesplaced": 5337352003
}
