{
  "usercount": 8522874,
  "usercount_delta": 0.2905386929176921,
  "anoncount": 6939114,
  "rankedcount": 43879,
  "replaycount": 9638010,
  "gamesplayed": 372556065,
  "gamesplayed_delta": 4.665709598031173,
  "gamesfinished": 289262149,
  "gametime": 64019074058.821846,
  "inputs": 220512072767,
  "piecesplaced": 50155847812
}
