{
  "usercount": 6683559,
  "usercount_delta": 0.08715356458079136,
  "anoncount": 5355175,
  "rankedcount": 46467,
  "replaycount": 7763770,
  "gamesplayed": 293816270,
  "gamesplayed_delta": 4.1543199116843885,
  "gamesfinished": 228839680,
  "gametime": 50260025974.16479,
  "inputs": 171108545036,
  "piecesplaced": 38684991333
}
