{
  "usercount": 1051485,
  "usercount_delta": 0.15476282596920218,
  "anoncount": 731932,
  "rankedcount": 15633,
  "replaycount": 1772359,
  "gamesplayed": 54003706,
  "gamesplayed_delta": 2.8631122804302405,
  "gamesfinished": 38664105,
  "gametime": 7724248210.120338,
  "inputs": 27238779782,
  "piecesplaced": 6035024924
}
