{
  "usercount": 1104870,
  "usercount_delta": 0.03787161522438932,
  "anoncount": 773161,
  "rankedcount": 15953,
  "replaycount": 1846029,
  "gamesplayed": 56287662,
  "gamesplayed_delta": 2.7646279113804204,
  "gamesfinished": 40450615,
  "gametime": 8095478909.773364,
  "inputs": 28434325494,
  "piecesplaced": 6306671925
}
