{
  "usercount": 5815164,
  "usercount_delta": 0.03294730079238258,
  "anoncount": 4621074,
  "rankedcount": 43743,
  "replaycount": 6775072,
  "gamesplayed": 257144308,
  "gamesplayed_delta": 4.2172545014249705,
  "gamesfinished": 200453252,
  "gametime": 43769866411.95473,
  "inputs": 148391216260,
  "piecesplaced": 33483524531
}
