{
  "usercount": 931938,
  "usercount_delta": 0.052698145025295115,
  "anoncount": 640008,
  "rankedcount": 14369,
  "replaycount": 1593539,
  "gamesplayed": 48582828,
  "gamesplayed_delta": 3.6361720067453627,
  "gamesfinished": 34491422,
  "gametime": 6861650413.552884,
  "inputs": 24426816096,
  "piecesplaced": 5394043388
}
