{
  "usercount": 6286801,
  "usercount_delta": 0.2620594126125452,
  "anoncount": 4534896,
  "rankedcount": 47248,
  "replaycount": 8577077,
  "gamesplayed": 422034130,
  "gamesplayed_delta": 5.596840312225072,
  "gamesfinished": 328217844,
  "gametime": 72726753449.77792,
  "inputs": 251823644149,
  "piecesplaced": 57418261191
}
