{
  "usercount": 5885043,
  "usercount_delta": 0.2517548796019311,
  "anoncount": 4200158,
  "rankedcount": 41892,
  "replaycount": 10358964,
  "gamesplayed": 402828340,
  "gamesplayed_delta": 4.442733169445844,
  "gamesfinished": 312899855,
  "gametime": 69349313834.66106,
  "inputs": 239782317143,
  "piecesplaced": 54626886447
}
