{
  "usercount": 826839,
  "usercount_delta": 0.01873852265487389,
  "anoncount": 559292,
  "rankedcount": 14032,
  "replaycount": 1429142,
  "gamesplayed": 43869767,
  "gamesplayed_delta": 2.510962035753101,
  "gamesfinished": 30857911,
  "gametime": 6117347196.606766,
  "inputs": 22016378894,
  "piecesplaced": 4844940266
}
