{
  "usercount": 8103191,
  "usercount_delta": 0.21767184414695961,
  "anoncount": 6135006,
  "totalaccounts": 12052038,
  "rankedcount": 45709,
  "replaycount": 10786290,
  "gamesplayed": 487646385,
  "gamesplayed_delta": 4.2601489497333525,
  "gamesfinished": 380126797,
  "gametime": 84897103083.36006,
  "inputs": 296180025311,
  "piecesplaced": 67745112845
}
