{
  "usercount": 9588161,
  "usercount_delta": 0.08778244000070226,
  "anoncount": 7123847,
  "totalaccounts": 16830131,
  "rankedcount": 51916,
  "replaycount": 13992871,
  "gamesplayed": 645457384,
  "gamesplayed_delta": 4.073105216032585,
  "gamesfinished": 501504308,
  "gametime": 113864196359.65671,
  "inputs": 402625283842,
  "piecesplaced": 92604373564
}
