{
  "usercount": 830321,
  "usercount_delta": 0.05732794450654972,
  "anoncount": 561958,
  "rankedcount": 14014,
  "replaycount": 1434873,
  "gamesplayed": 44031850,
  "gamesplayed_delta": 3.8839682403187434,
  "gamesfinished": 30982889,
  "gametime": 6143048285.898075,
  "inputs": 22098725968,
  "piecesplaced": 4863685802
}
