{
  "usercount": 1681505,
  "usercount_delta": 0.07417187105961935,
  "anoncount": 1218743,
  "rankedcount": 24259,
  "replaycount": 2637988,
  "gamesplayed": 79794322,
  "gamesplayed_delta": 5.17719659996143,
  "gamesfinished": 59519698,
  "gametime": 12114031958.640913,
  "inputs": 41201728715,
  "piecesplaced": 9169025009
}
