{
  "usercount": 5443618,
  "usercount_delta": 0.11363636363636365,
  "anoncount": 4304668,
  "rankedcount": 43545,
  "replaycount": 6391019,
  "gamesplayed": 242449166,
  "gamesplayed_delta": 4.715909090909091,
  "gamesfinished": 189020378,
  "gametime": 41182078708.618286,
  "inputs": 139375882694,
  "piecesplaced": 31422667236
}
