{
  "usercount": 8614254,
  "usercount_delta": 0.2604166666666667,
  "anoncount": 6343571,
  "totalaccounts": 14900055,
  "rankedcount": 49640,
  "replaycount": 12284250,
  "gamesplayed": 580626401,
  "gamesplayed_delta": 5.354817708333334,
  "gamesfinished": 451815113,
  "gametime": 101821270753.54437,
  "inputs": 358287945109,
  "piecesplaced": 82247673071
}
