{
  "usercount": 842040,
  "usercount_delta": 0.03513024538476402,
  "anoncount": 570989,
  "rankedcount": 14133,
  "replaycount": 1453993,
  "gamesplayed": 44593044,
  "gamesplayed_delta": 2.388856686163953,
  "gamesfinished": 31410564,
  "gametime": 6231387768.001304,
  "inputs": 22387289575,
  "piecesplaced": 4929612801
}
