{
  "usercount": 759045,
  "usercount_delta": 0,
  "anoncount": 506008,
  "rankedcount": 13871,
  "replaycount": 1306336,
  "gamesplayed": 40659081,
  "gamesplayed_delta": 2.379747784211217,
  "gamesfinished": 28419801,
  "gametime": 5610167596.78098,
  "inputs": 20352406753,
  "piecesplaced": 4463934631
}
