{
  "usercount": 5408366,
  "usercount_delta": 0.14814814814814814,
  "anoncount": 4275272,
  "rankedcount": 43003,
  "replaycount": 6348276,
  "gamesplayed": 240904187,
  "gamesplayed_delta": 5.300411522633745,
  "gamesfinished": 187817242,
  "gametime": 40906563392.98174,
  "inputs": 138415411429,
  "piecesplaced": 31203236506
}
