{
  "usercount": 889844,
  "usercount_delta": 0.01688219603606037,
  "anoncount": 608140,
  "rankedcount": 14234,
  "replaycount": 1528536,
  "gamesplayed": 46765020,
  "gamesplayed_delta": 2.6673869736975386,
  "gamesfinished": 33085754,
  "gametime": 6574410027.725745,
  "inputs": 23495513001,
  "piecesplaced": 5182128222
}
