{
  "usercount": 7248452,
  "usercount_delta": 0.03081284279287607,
  "anoncount": 5838515,
  "rankedcount": 39493,
  "replaycount": 8360157,
  "gamesplayed": 319602591,
  "gamesplayed_delta": 3.466444814198558,
  "gamesfinished": 248209647,
  "gametime": 54776694996.356346,
  "inputs": 187401616415,
  "piecesplaced": 42486316146
}
