{
  "usercount": 812313,
  "usercount_delta": 0.017735213265939524,
  "anoncount": 547904,
  "rankedcount": 13974,
  "replaycount": 1404434,
  "gamesplayed": 43186242,
  "gamesplayed_delta": 1.596169193934557,
  "gamesfinished": 30336514,
  "gametime": 6010470853.863547,
  "inputs": 21668146996,
  "piecesplaced": 4765381423
}
