{
  "usercount": 8394729,
  "usercount_delta": 0.1004779881435974,
  "anoncount": 6395304,
  "totalaccounts": 12350557,
  "rankedcount": 45412,
  "replaycount": 11041045,
  "gamesplayed": 497434755,
  "gamesplayed_delta": 3.9042875392940704,
  "gamesfinished": 387754182,
  "gametime": 86667338041.64635,
  "inputs": 302724495754,
  "piecesplaced": 69278587406
}
