{
  "usercount": 985808,
  "usercount_delta": 0.015820782179470954,
  "anoncount": 681124,
  "rankedcount": 14832,
  "replaycount": 1670649,
  "gamesplayed": 50934027,
  "gamesplayed_delta": 3.5438552082014936,
  "gamesfinished": 36305062,
  "gametime": 7233319982.448734,
  "inputs": 25634436726,
  "piecesplaced": 5669193554
}
