{
  "usercount": 9201014,
  "usercount_delta": 0.0727365301038314,
  "anoncount": 6824048,
  "totalaccounts": 15974245,
  "rankedcount": 53018,
  "replaycount": 13212853,
  "gamesplayed": 614865563,
  "gamesplayed_delta": 3.927772625606895,
  "gamesfinished": 478228572,
  "gametime": 108187881699.33566,
  "inputs": 381634885446,
  "piecesplaced": 87693538788
}
