{
  "usercount": 1181211,
  "usercount_delta": 0.1934572749608249,
  "anoncount": 831632,
  "rankedcount": 16615,
  "replaycount": 1944646,
  "gamesplayed": 59183655,
  "gamesplayed_delta": 3.5402681317830957,
  "gamesfinished": 42751958,
  "gametime": 8569106906.415443,
  "inputs": 29935337000,
  "piecesplaced": 6646004419
}
