{
  "usercount": 778255,
  "usercount_delta": 0.01873852265487389,
  "anoncount": 521154,
  "rankedcount": 14002,
  "replaycount": 1345644,
  "gamesplayed": 41606939,
  "gamesplayed_delta": 2.3985308998238577,
  "gamesfinished": 29137304,
  "gametime": 5760406354.380749,
  "inputs": 20851339731,
  "piecesplaced": 4578196479
}
