{
  "usercount": 1189881,
  "usercount_delta": 0.01893580761219466,
  "anoncount": 838275,
  "rankedcount": 16746,
  "replaycount": 1956374,
  "gamesplayed": 59519912,
  "gamesplayed_delta": 3.067600833175535,
  "gamesfinished": 43019922,
  "gametime": 8624549435.5537,
  "inputs": 30108941687,
  "piecesplaced": 6684992486
}
