{
  "usercount": 8564686,
  "usercount_delta": 0.21464601295030944,
  "anoncount": 6316127,
  "totalaccounts": 14700918,
  "rankedcount": 49202,
  "replaycount": 12085286,
  "gamesplayed": 573660308,
  "gamesplayed_delta": 5.920652523879369,
  "gamesfinished": 446512203,
  "gametime": 100533473706.52202,
  "inputs": 353569863159,
  "piecesplaced": 81146256536
}
