{
  "usercount": 8040964,
  "usercount_delta": 0.20398323628676335,
  "anoncount": 5921687,
  "totalaccounts": 13558902,
  "rankedcount": 49600,
  "replaycount": 10820282,
  "gamesplayed": 534573402,
  "gamesplayed_delta": 4.061120795163743,
  "gamesfinished": 416686189,
  "gametime": 93335725334.19563,
  "inputs": 327097712687,
  "piecesplaced": 74959948861
}
