{
  "usercount": 970394,
  "usercount_delta": 0.07303321550641231,
  "anoncount": 669174,
  "rankedcount": 14652,
  "replaycount": 1647891,
  "gamesplayed": 50232953,
  "gamesplayed_delta": 2.877508690952645,
  "gamesfinished": 35762241,
  "gametime": 7122771494.923566,
  "inputs": 25275568848,
  "piecesplaced": 5587407678
}
