{
  "usercount": 8647140,
  "usercount_delta": 0.08138020833333334,
  "anoncount": 6462271,
  "totalaccounts": 14179333,
  "rankedcount": 49629,
  "replaycount": 11514829,
  "gamesplayed": 555224039,
  "gamesplayed_delta": 2.880859375,
  "gamesfinished": 432535401,
  "gametime": 97135415715.48975,
  "inputs": 341097309040,
  "piecesplaced": 78234421944
}
