{
  "usercount": 960009,
  "usercount_delta": 0.014950141278835085,
  "anoncount": 661251,
  "rankedcount": 14442,
  "replaycount": 1631837,
  "gamesplayed": 49769484,
  "gamesplayed_delta": 3.588033906920421,
  "gamesfinished": 35406808,
  "gametime": 7049679668.915088,
  "inputs": 25038718344,
  "piecesplaced": 5533497217
}
