{
  "usercount": 992322,
  "usercount_delta": 0.06091061367443277,
  "anoncount": 686154,
  "rankedcount": 14907,
  "replaycount": 1681464,
  "gamesplayed": 51253817,
  "gamesplayed_delta": 2.6800670016750416,
  "gamesfinished": 36551822,
  "gametime": 7285007461.613342,
  "inputs": 25803452020,
  "piecesplaced": 5707833873
}
