{
  "usercount": 8578485,
  "usercount_delta": 0.13996081097292756,
  "anoncount": 6328293,
  "totalaccounts": 14715093,
  "rankedcount": 49202,
  "replaycount": 12099531,
  "gamesplayed": 574164724,
  "gamesplayed_delta": 4.61870676210661,
  "gamesfinished": 446896154,
  "gametime": 100625615931.62224,
  "inputs": 353905694397,
  "piecesplaced": 81224485173
}
