{
  "usercount": 1016619,
  "usercount_delta": 0.07304068366079906,
  "anoncount": 705047,
  "rankedcount": 15255,
  "replaycount": 1721759,
  "gamesplayed": 52441185,
  "gamesplayed_delta": 3.5059528157183553,
  "gamesfinished": 37459721,
  "gametime": 7473005422.914301,
  "inputs": 26416510940,
  "piecesplaced": 5847482946
}
