{
  "usercount": 1093571,
  "usercount_delta": 0.11607211947690164,
  "anoncount": 764373,
  "rankedcount": 16015,
  "replaycount": 1831739,
  "gamesplayed": 55838973,
  "gamesplayed_delta": 2.979184399907142,
  "gamesfinished": 40096109,
  "gametime": 8023198392.18789,
  "inputs": 28202157197,
  "piecesplaced": 6254057189
}
