{
  "usercount": 1069078,
  "usercount_delta": 0.094801107276933,
  "anoncount": 745511,
  "rankedcount": 15897,
  "replaycount": 1796910,
  "gamesplayed": 54792037,
  "gamesplayed_delta": 3.071555875772629,
  "gamesfinished": 39277963,
  "gametime": 7853431464.261997,
  "inputs": 27655986030,
  "piecesplaced": 6130110909
}
