{
  "usercount": 1138729,
  "usercount_delta": 0.09672302394862073,
  "anoncount": 799693,
  "rankedcount": 16235,
  "replaycount": 1894102,
  "gamesplayed": 57740288,
  "gamesplayed_delta": 2.514798622664139,
  "gamesfinished": 41592134,
  "gametime": 8330513960.514214,
  "inputs": 29190640299,
  "piecesplaced": 6478352559
}
