{
  "usercount": 2566004,
  "usercount_delta": 0.050761421319796954,
  "anoncount": 1914533,
  "rankedcount": 29697,
  "replaycount": 3878465,
  "gamesplayed": 122029736,
  "gamesplayed_delta": 5.634517766497462,
  "gamesfinished": 94038100,
  "gametime": 19757431148.47071,
  "inputs": 66425985235,
  "piecesplaced": 14832463520
}
