{
  "usercount": 1241716,
  "usercount_delta": 0.11607436497649494,
  "anoncount": 878224,
  "rankedcount": 17409,
  "replaycount": 2024215,
  "gamesplayed": 61505300,
  "gamesplayed_delta": 3.4241937668066007,
  "gamesfinished": 44618448,
  "gametime": 8953838336.214819,
  "inputs": 31142626229,
  "piecesplaced": 6916840084
}
