{
  "usercount": 2924401,
  "usercount_delta": 0.07706386667951064,
  "anoncount": 2201922,
  "rankedcount": 29928,
  "replaycount": 4304702,
  "gamesplayed": 138484698,
  "gamesplayed_delta": 3.3330122338888355,
  "gamesfinished": 107443434,
  "gametime": 22720111909.606514,
  "inputs": 76229060203,
  "piecesplaced": 17048252669
}
