{
  "usercount": 864332,
  "usercount_delta": 0.04517800132522137,
  "anoncount": 588330,
  "rankedcount": 14036,
  "replaycount": 1489363,
  "gamesplayed": 45605723,
  "gamesplayed_delta": 2.755858080838504,
  "gamesfinished": 32187238,
  "gametime": 6390762892.574747,
  "inputs": 22902855650,
  "piecesplaced": 5046932174
}
