{
  "usercount": 1145081,
  "usercount_delta": 0.13678553981436248,
  "anoncount": 804595,
  "rankedcount": 16222,
  "replaycount": 1901594,
  "gamesplayed": 57968974,
  "gamesplayed_delta": 3.1265266243282857,
  "gamesfinished": 41774174,
  "gametime": 8367516163.827539,
  "inputs": 29307202756,
  "piecesplaced": 6504683988
}
