{
  "usercount": 957017,
  "usercount_delta": 0.08015261057052628,
  "anoncount": 658947,
  "rankedcount": 14554,
  "replaycount": 1627229,
  "gamesplayed": 49633841,
  "gamesplayed_delta": 2.6450361488273675,
  "gamesfinished": 35303676,
  "gametime": 7028763968.779042,
  "inputs": 24969312004,
  "piecesplaced": 5517595589
}
