{
  "usercount": 989279,
  "usercount_delta": 0.04568365591070368,
  "anoncount": 683828,
  "rankedcount": 14791,
  "replaycount": 1676568,
  "gamesplayed": 51108811,
  "gamesplayed_delta": 2.4364616485708632,
  "gamesfinished": 36440797,
  "gametime": 7261744248.125973,
  "inputs": 25728326617,
  "piecesplaced": 5690701915
}
