{
  "usercount": 964890,
  "usercount_delta": 0.09618313268463154,
  "anoncount": 664980,
  "rankedcount": 14639,
  "replaycount": 1639054,
  "gamesplayed": 49985564,
  "gamesplayed_delta": 2.548853016142736,
  "gamesfinished": 35573443,
  "gametime": 7083874224.325999,
  "inputs": 25149145497,
  "piecesplaced": 5558609828
}
