{
  "usercount": 6230636,
  "usercount_delta": 0.0749428560722449,
  "anoncount": 4972603,
  "rankedcount": 47050,
  "replaycount": 7223127,
  "gamesplayed": 273187097,
  "gamesplayed_delta": 4.309214224154083,
  "gamesfinished": 213008574,
  "gametime": 46590224152.73362,
  "inputs": 158166609916,
  "piecesplaced": 35709409855
}
