{
  "usercount": 766779,
  "usercount_delta": 0.075297802810114,
  "anoncount": 512103,
  "rankedcount": 13867,
  "replaycount": 1322897,
  "gamesplayed": 41028631,
  "gamesplayed_delta": 2.168576720931283,
  "gamesfinished": 28699953,
  "gametime": 5668559749.392263,
  "inputs": 20545659654,
  "piecesplaced": 4508204635
}
