{
  "usercount": 729951,
  "usercount_delta": 0.04982726547967048,
  "anoncount": 483086,
  "rankedcount": 13390,
  "replaycount": 1235377,
  "gamesplayed": 39368722,
  "gamesplayed_delta": 2.6408450704225355,
  "gamesfinished": 27436044,
  "gametime": 5406484922.110593,
  "inputs": 19690487273,
  "piecesplaced": 4313716521
}
