{
  "usercount": 1021196,
  "usercount_delta": 0.05077946478444117,
  "anoncount": 708655,
  "rankedcount": 15306,
  "replaycount": 1728823,
  "gamesplayed": 52667604,
  "gamesplayed_delta": 2.505120262699098,
  "gamesfinished": 37634083,
  "gametime": 7509883073.190089,
  "inputs": 26537343862,
  "piecesplaced": 5874997559
}
