{
  "usercount": 1185517,
  "usercount_delta": 0.13272406666540262,
  "anoncount": 834854,
  "rankedcount": 16581,
  "replaycount": 1950202,
  "gamesplayed": 59346773,
  "gamesplayed_delta": 3.583549799965871,
  "gamesfinished": 42881597,
  "gametime": 8595869258.341167,
  "inputs": 30018135320,
  "piecesplaced": 6664563993
}
