{
  "usercount": 9641334,
  "usercount_delta": 0.0896807365777831,
  "anoncount": 7152574,
  "totalaccounts": 17069696,
  "rankedcount": 48650,
  "replaycount": 14207613,
  "gamesplayed": 655004489,
  "gamesplayed_delta": 3.647016620829846,
  "gamesfinished": 508671958,
  "gametime": 115642876256.93236,
  "inputs": 409421580495,
  "piecesplaced": 94216240560
}
