{
  "usercount": 9348655,
  "usercount_delta": 0.35756244572712875,
  "anoncount": 6944052,
  "totalaccounts": 16241956,
  "rankedcount": 53798,
  "replaycount": 13459016,
  "gamesplayed": 623934222,
  "gamesplayed_delta": 6.299909758049411,
  "gamesfinished": 485185821,
  "gametime": 109866519080.7486,
  "inputs": 387778838421,
  "piecesplaced": 89120961977
}
