{
  "usercount": 776878,
  "usercount_delta": 0.07370418824049677,
  "anoncount": 520056,
  "rankedcount": 13939,
  "replaycount": 1342657,
  "gamesplayed": 41534166,
  "gamesplayed_delta": 2.2664037883952757,
  "gamesfinished": 29082568,
  "gametime": 5749235695.325064,
  "inputs": 20814090573,
  "piecesplaced": 4569724129
}
