{
  "usercount": 1135839,
  "usercount_delta": 0.09437672040896579,
  "anoncount": 797424,
  "rankedcount": 16146,
  "replaycount": 1890203,
  "gamesplayed": 57625845,
  "gamesplayed_delta": 2.815572158867479,
  "gamesfinished": 41501737,
  "gametime": 8312066063.752359,
  "inputs": 29131495036,
  "piecesplaced": 6465039395
}
