{
  "usercount": 1113953,
  "usercount_delta": 0.05803605973845082,
  "anoncount": 780150,
  "rankedcount": 15946,
  "replaycount": 1860643,
  "gamesplayed": 56725813,
  "gamesplayed_delta": 3.946452062214656,
  "gamesfinished": 40792089,
  "gametime": 8166767330.262646,
  "inputs": 28668067377,
  "piecesplaced": 6360061348
}
