{
  "usercount": 1181644,
  "usercount_delta": 0.08271024945411236,
  "anoncount": 831966,
  "rankedcount": 16633,
  "replaycount": 1945337,
  "gamesplayed": 59200213,
  "gamesplayed_delta": 3.721961225435056,
  "gamesfinished": 42765248,
  "gametime": 8571908262.896449,
  "inputs": 29943935274,
  "piecesplaced": 6647918526
}
