{
  "usercount": 7071276,
  "usercount_delta": 0.0694167259601201,
  "anoncount": 5685044,
  "rankedcount": 41449,
  "replaycount": 8198009,
  "gamesplayed": 312445142,
  "gamesplayed_delta": 5.5359838953195775,
  "gamesfinished": 242833153,
  "gametime": 53542616438.26759,
  "inputs": 182948605738,
  "piecesplaced": 41447297725
}
