{
  "usercount": 780636,
  "usercount_delta": 0.03546916842534627,
  "anoncount": 523003,
  "rankedcount": 13908,
  "replaycount": 1350339,
  "gamesplayed": 41728727,
  "gamesplayed_delta": 3.830670189937397,
  "gamesfinished": 29228651,
  "gametime": 5779346543.952994,
  "inputs": 20913798412,
  "piecesplaced": 4592479526
}
