{
  "usercount": 748318,
  "usercount_delta": 0.015543155571444114,
  "anoncount": 497576,
  "rankedcount": 13735,
  "replaycount": 1283250,
  "gamesplayed": 40152874,
  "gamesplayed_delta": 2.4091891135738375,
  "gamesfinished": 28034574,
  "gametime": 5529559246.535856,
  "inputs": 20090526147,
  "piecesplaced": 4404381106
}
