{
  "usercount": 910188,
  "usercount_delta": 0.06112562844786749,
  "anoncount": 623424,
  "rankedcount": 14366,
  "replaycount": 1558285,
  "gamesplayed": 47625680,
  "gamesplayed_delta": 3.728663335319917,
  "gamesfinished": 33751689,
  "gametime": 6711673027.926336,
  "inputs": 23941405690,
  "piecesplaced": 5283778020
}
