{
  "usercount": 7511519,
  "usercount_delta": 0.05770673437590167,
  "anoncount": 6070502,
  "rankedcount": 39584,
  "replaycount": 8576185,
  "gamesplayed": 328686768,
  "gamesplayed_delta": 3.385461750052898,
  "gamesfinished": 255136233,
  "gametime": 56341921345.982796,
  "inputs": 193032085332,
  "piecesplaced": 43794788182
}
