{
  "usercount": 783190,
  "usercount_delta": 0.05345687811831789,
  "anoncount": 525021,
  "rankedcount": 13868,
  "replaycount": 1355392,
  "gamesplayed": 41871255,
  "gamesplayed_delta": 2.1917320028510336,
  "gamesfinished": 29336373,
  "gametime": 5801768602.710374,
  "inputs": 20988013340,
  "piecesplaced": 4609516516
}
