{
  "usercount": 1165797,
  "usercount_delta": 0.2085703450891164,
  "anoncount": 819850,
  "rankedcount": 16332,
  "replaycount": 1924939,
  "gamesplayed": 58641419,
  "gamesplayed_delta": 3.204398938187334,
  "gamesfinished": 42314966,
  "gametime": 8479821916.175523,
  "inputs": 29658040569,
  "piecesplaced": 6583748817
}
