{
  "usercount": 1011146,
  "usercount_delta": 0.17528995880685969,
  "anoncount": 700759,
  "rankedcount": 15212,
  "replaycount": 1712447,
  "gamesplayed": 52174562,
  "gamesplayed_delta": 3.666481638376815,
  "gamesfinished": 37253437,
  "gametime": 7430517320.784087,
  "inputs": 26277278125,
  "piecesplaced": 5815828617
}
