{
  "usercount": 889442,
  "usercount_delta": 0,
  "anoncount": 607818,
  "rankedcount": 14219,
  "replaycount": 1527869,
  "gamesplayed": 46746348,
  "gamesplayed_delta": 2.5690719790868526,
  "gamesfinished": 33071348,
  "gametime": 6571471573.777735,
  "inputs": 23485972565,
  "piecesplaced": 5179984968
}
