{
  "usercount": 909972,
  "usercount_delta": 0.04584632312488538,
  "anoncount": 623267,
  "rankedcount": 14359,
  "replaycount": 1557844,
  "gamesplayed": 47614915,
  "gamesplayed_delta": 3.5760132037410597,
  "gamesfinished": 33743545,
  "gametime": 6709941098.126337,
  "inputs": 23935898621,
  "piecesplaced": 5282508562
}
