{
  "usercount": 945114,
  "usercount_delta": 0.02866356144750985,
  "anoncount": 650039,
  "rankedcount": 14405,
  "replaycount": 1611760,
  "gamesplayed": 49110687,
  "gamesplayed_delta": 2.751701898960946,
  "gamesfinished": 34899972,
  "gametime": 6946120942.33306,
  "inputs": 24698983962,
  "piecesplaced": 5455805038
}
