{
  "usercount": 3117879,
  "usercount_delta": 0.1098357954857488,
  "anoncount": 2360864,
  "rankedcount": 30554,
  "replaycount": 3528644,
  "gamesplayed": 146671701,
  "gamesplayed_delta": 4.631409376315741,
  "gamesfinished": 114119596,
  "gametime": 24198536675.600353,
  "inputs": 81147764434,
  "piecesplaced": 18160627742
}
