{
  "usercount": 1050965,
  "usercount_delta": 0.04718687575695613,
  "anoncount": 731532,
  "rankedcount": 15606,
  "replaycount": 1771412,
  "gamesplayed": 53981608,
  "gamesplayed_delta": 3.3030813029869295,
  "gamesfinished": 38646519,
  "gametime": 7720534071.758862,
  "inputs": 27226983982,
  "piecesplaced": 6032370254
}
