{
  "usercount": 1101274,
  "usercount_delta": 0.0781601109873576,
  "anoncount": 770427,
  "rankedcount": 16056,
  "replaycount": 1842075,
  "gamesplayed": 56163962,
  "gamesplayed_delta": 2.872384078785392,
  "gamesfinished": 40351532,
  "gametime": 8075113284.712565,
  "inputs": 28369375147,
  "piecesplaced": 6291889205
}
