{
  "usercount": 844527,
  "usercount_delta": 0.02866356144750985,
  "anoncount": 572935,
  "rankedcount": 14030,
  "replaycount": 1457773,
  "gamesplayed": 44700957,
  "gamesplayed_delta": 1.9634539591544249,
  "gamesfinished": 31493768,
  "gametime": 6248800895.026143,
  "inputs": 22443567090,
  "piecesplaced": 4942483993
}
