{
  "usercount": 912698,
  "usercount_delta": 0.09014016796117963,
  "anoncount": 625317,
  "rankedcount": 14276,
  "replaycount": 1561867,
  "gamesplayed": 47727032,
  "gamesplayed_delta": 2.7342517614891153,
  "gamesfinished": 33830566,
  "gametime": 6727706000.72027,
  "inputs": 23994000707,
  "piecesplaced": 5295817771
}
