{
  "usercount": 1211804,
  "usercount_delta": 0.17042549565414986,
  "anoncount": 855182,
  "rankedcount": 16948,
  "replaycount": 1982731,
  "gamesplayed": 60281742,
  "gamesplayed_delta": 3.825105569126475,
  "gamesfinished": 43635610,
  "gametime": 8749795318.472088,
  "inputs": 30496085826,
  "piecesplaced": 6771348241
}
