{
  "usercount": 8111302,
  "usercount_delta": 0.3055850155488846,
  "anoncount": 6603957,
  "rankedcount": 40631,
  "replaycount": 9066095,
  "gamesplayed": 349556768,
  "gamesplayed_delta": 5.015189372831695,
  "gamesfinished": 271184000,
  "gametime": 59960011792.61742,
  "inputs": 206009959972,
  "piecesplaced": 46810171896
}
