{
  "usercount": 1482850,
  "usercount_delta": 0.04958267911742831,
  "anoncount": 1063585,
  "rankedcount": 20570,
  "replaycount": 2360669,
  "gamesplayed": 71224583,
  "gamesplayed_delta": 2.9419056276340796,
  "gamesfinished": 52461694,
  "gametime": 10600795572.858414,
  "inputs": 36339747887,
  "piecesplaced": 8084415030
}
