{
  "usercount": 7544339,
  "usercount_delta": 0.35543970853943896,
  "anoncount": 6099193,
  "rankedcount": 39447,
  "replaycount": 8604755,
  "gamesplayed": 329961342,
  "gamesplayed_delta": 3.2137673647107605,
  "gamesfinished": 256105948,
  "gametime": 56564257190.87095,
  "inputs": 193842295865,
  "piecesplaced": 43983351998
}
