{
  "usercount": 945446,
  "usercount_delta": 0.0397377309755613,
  "anoncount": 650295,
  "rankedcount": 14190,
  "replaycount": 1612200,
  "gamesplayed": 49125030,
  "gamesplayed_delta": 2.7220345718259487,
  "gamesfinished": 34911441,
  "gametime": 6948483523.501631,
  "inputs": 24706573916,
  "piecesplaced": 5457524858
}
