{
  "usercount": 807702,
  "usercount_delta": 0.07746053385799934,
  "anoncount": 544318,
  "rankedcount": 13970,
  "replaycount": 1395982,
  "gamesplayed": 42966094,
  "gamesplayed_delta": 2.0449580938511827,
  "gamesfinished": 30170554,
  "gametime": 5975662445.537564,
  "inputs": 21554973249,
  "piecesplaced": 4739544777
}
