{
  "usercount": 816922,
  "usercount_delta": 0.07093833685069253,
  "anoncount": 551528,
  "rankedcount": 13975,
  "replaycount": 1412839,
  "gamesplayed": 43409410,
  "gamesplayed_delta": 2.6247184634756238,
  "gamesfinished": 30506249,
  "gametime": 6045282121.177607,
  "inputs": 21781631200,
  "piecesplaced": 4791323948
}
