{
  "usercount": 976613,
  "usercount_delta": 0,
  "anoncount": 673993,
  "rankedcount": 14708,
  "replaycount": 1656757,
  "gamesplayed": 50515643,
  "gamesplayed_delta": 2.3008340523439745,
  "gamesfinished": 35981574,
  "gametime": 7167206995.470908,
  "inputs": 25418702316,
  "piecesplaced": 5619912764
}
