{
  "usercount": 1197941,
  "usercount_delta": 0.09925229934493483,
  "anoncount": 844561,
  "rankedcount": 16777,
  "replaycount": 1965984,
  "gamesplayed": 59798115,
  "gamesplayed_delta": 5.442334414080593,
  "gamesfinished": 43243495,
  "gametime": 8670588747.251387,
  "inputs": 30250801092,
  "piecesplaced": 6716641427
}
