{
  "usercount": 6852724,
  "usercount_delta": 0.11920371915603768,
  "anoncount": 5033415,
  "rankedcount": 55918,
  "replaycount": 9409917,
  "gamesplayed": 440798202,
  "gamesplayed_delta": 4.336035284300871,
  "gamesfinished": 343274045,
  "gametime": 76144465462.82741,
  "inputs": 264071511608,
  "piecesplaced": 60245322423
}
