{
  "usercount": 1213681,
  "usercount_delta": 0.11607211947690164,
  "anoncount": 856597,
  "rankedcount": 17015,
  "replaycount": 1984914,
  "gamesplayed": 60355498,
  "gamesplayed_delta": 4.93306507776832,
  "gamesfinished": 43696394,
  "gametime": 8762210960.553104,
  "inputs": 30534538540,
  "piecesplaced": 6779956727
}
