{
  "usercount": 805279,
  "usercount_delta": 0.018738873793685,
  "anoncount": 542431,
  "rankedcount": 13854,
  "replaycount": 1391549,
  "gamesplayed": 42845288,
  "gamesplayed_delta": 3.03569755457697,
  "gamesfinished": 30079413,
  "gametime": 5956855330.297173,
  "inputs": 21493870375,
  "piecesplaced": 4725534428
}
