{
  "usercount": 728003,
  "usercount_delta": 0.2168760553343764,
  "anoncount": 481563,
  "rankedcount": 13329,
  "replaycount": 1230768,
  "gamesplayed": 39309479,
  "gamesplayed_delta": 3.330596564063638,
  "gamesfinished": 27390061,
  "gametime": 5397064208.492022,
  "inputs": 19660656095,
  "piecesplaced": 4306955445
}
