{
  "usercount": 991295,
  "usercount_delta": 0.0725068518975043,
  "anoncount": 685331,
  "rankedcount": 14866,
  "replaycount": 1679823,
  "gamesplayed": 51201331,
  "gamesplayed_delta": 2.842268594382169,
  "gamesfinished": 36511461,
  "gametime": 7276483395.283931,
  "inputs": 25775700578,
  "piecesplaced": 5701546654
}
