{
  "usercount": 4155278,
  "usercount_delta": 0.09386850899260317,
  "anoncount": 3221898,
  "rankedcount": 39777,
  "replaycount": 4921007,
  "gamesplayed": 187902388,
  "gamesplayed_delta": 4.7309728532271995,
  "gamesfinished": 146953962,
  "gametime": 31573405097.28868,
  "inputs": 106094229531,
  "piecesplaced": 23811884893
}
