{
  "usercount": 7081053,
  "usercount_delta": 0.08854258898530193,
  "anoncount": 5693502,
  "rankedcount": 41280,
  "replaycount": 8207108,
  "gamesplayed": 312864082,
  "gamesplayed_delta": 5.383389410306357,
  "gamesfinished": 243146348,
  "gametime": 53614822719.10852,
  "inputs": 183208853458,
  "piecesplaced": 41508185643
}
