{
  "usercount": 922942,
  "usercount_delta": 0.035132096683530074,
  "anoncount": 633075,
  "rankedcount": 14233,
  "replaycount": 1578908,
  "gamesplayed": 48168187,
  "gamesplayed_delta": 3.0740584598088816,
  "gamesfinished": 34170737,
  "gametime": 6797115368.781742,
  "inputs": 24217162643,
  "piecesplaced": 5346476055
}
