{
  "usercount": 1178108,
  "usercount_delta": 0.19540409566984523,
  "anoncount": 829203,
  "rankedcount": 16515,
  "replaycount": 1940406,
  "gamesplayed": 59065407,
  "gamesplayed_delta": 3.614975769892137,
  "gamesfinished": 42656587,
  "gametime": 8549547778.985731,
  "inputs": 29872958963,
  "piecesplaced": 6631910373
}
