{
  "usercount": 913644,
  "usercount_delta": 0.11242481590436396,
  "anoncount": 626086,
  "rankedcount": 14315,
  "replaycount": 1563618,
  "gamesplayed": 47769359,
  "gamesplayed_delta": 2.136071502182915,
  "gamesfinished": 33863269,
  "gametime": 6734234390.030306,
  "inputs": 24015984382,
  "piecesplaced": 5300828456
}
