{
  "usercount": 8832258,
  "usercount_delta": 0.20943661550429343,
  "anoncount": 6623979,
  "totalaccounts": 14369661,
  "rankedcount": 49423,
  "replaycount": 11715047,
  "gamesplayed": 561474244,
  "gamesplayed_delta": 2.438440594799988,
  "gamesfinished": 437283109,
  "gametime": 98282536021.23917,
  "inputs": 345289910866,
  "piecesplaced": 79213502892
}
