{
  "usercount": 4488331,
  "usercount_delta": 0.059595643558455876,
  "anoncount": 3504207,
  "rankedcount": 40261,
  "replaycount": 5311607,
  "gamesplayed": 201863017,
  "gamesplayed_delta": 5.080528613358363,
  "gamesfinished": 157715258,
  "gametime": 34046031638.69875,
  "inputs": 114699836887,
  "piecesplaced": 25782367253
}
