{
  "usercount": 4732335,
  "usercount_delta": 0.1743527155435446,
  "anoncount": 3705933,
  "rankedcount": 41550,
  "replaycount": 5622297,
  "gamesplayed": 213191732,
  "gamesplayed_delta": 6.119780315578415,
  "gamesfinished": 166478024,
  "gametime": 36053435258.03044,
  "inputs": 121645417273,
  "piecesplaced": 27371045340
}
