{
  "usercount": 4544105,
  "usercount_delta": 0.12406508099677431,
  "anoncount": 3550466,
  "rankedcount": 40755,
  "replaycount": 5381518,
  "gamesplayed": 204415665,
  "gamesplayed_delta": 5.565205061855305,
  "gamesfinished": 159684405,
  "gametime": 34497325988.8482,
  "inputs": 116261801383,
  "piecesplaced": 26140048340
}
