{
  "usercount": 1210240,
  "usercount_delta": 0.07738141298460109,
  "anoncount": 854006,
  "rankedcount": 16904,
  "replaycount": 1981058,
  "gamesplayed": 60232220,
  "gamesplayed_delta": 3.752998529753153,
  "gamesfinished": 43595465,
  "gametime": 8741884282.285776,
  "inputs": 30471573921,
  "piecesplaced": 6765885260
}
