{
  "usercount": 7302940,
  "usercount_delta": 0.1832396774981676,
  "anoncount": 5886109,
  "rankedcount": 39674,
  "replaycount": 8408765,
  "gamesplayed": 321715520,
  "gamesplayed_delta": 4.596261910579037,
  "gamesfinished": 249814762,
  "gametime": 55141476575.06727,
  "inputs": 188718105677,
  "piecesplaced": 42792842663
}
