{
  "usercount": 781460,
  "usercount_delta": 0.06315423843882723,
  "anoncount": 523679,
  "rankedcount": 13944,
  "replaycount": 1351945,
  "gamesplayed": 41773568,
  "gamesplayed_delta": 2.0525127492618847,
  "gamesfinished": 29262924,
  "gametime": 5786451365.328483,
  "inputs": 20937278457,
  "piecesplaced": 4597823015
}
