{
  "usercount": 1019880,
  "usercount_delta": 0,
  "anoncount": 707602,
  "rankedcount": 15242,
  "replaycount": 1726510,
  "gamesplayed": 52596918,
  "gamesplayed_delta": 2.705353752689533,
  "gamesfinished": 37581364,
  "gametime": 7498613657.036629,
  "inputs": 26499051496,
  "piecesplaced": 5866241091
}
