{
  "usercount": 849616,
  "usercount_delta": 0.09168844267180123,
  "anoncount": 576935,
  "rankedcount": 14044,
  "replaycount": 1466709,
  "gamesplayed": 44945821,
  "gamesplayed_delta": 2.0935527743394613,
  "gamesfinished": 31678243,
  "gametime": 6286861273.132537,
  "inputs": 22567558404,
  "piecesplaced": 4970773384
}
