{
  "usercount": 1937973,
  "usercount_delta": 0.17754630999585727,
  "anoncount": 1417645,
  "rankedcount": 28496,
  "replaycount": 2999060,
  "gamesplayed": 90120060,
  "gamesplayed_delta": 5.7554595490323734,
  "gamesfinished": 68100056,
  "gametime": 13985998815.676704,
  "inputs": 47229756256,
  "piecesplaced": 10500485501
}
