{
  "usercount": 753071,
  "usercount_delta": 0.07482089747666523,
  "anoncount": 501317,
  "rankedcount": 13778,
  "replaycount": 1293784,
  "gamesplayed": 40369231,
  "gamesplayed_delta": 3.030246347804942,
  "gamesfinished": 28198038,
  "gametime": 5563994269.687197,
  "inputs": 20202014929,
  "piecesplaced": 4429643734
}
