{
  "usercount": 8772466,
  "usercount_delta": 0.1720015824145582,
  "anoncount": 6734325,
  "totalaccounts": 12737311,
  "rankedcount": 47086,
  "replaycount": 11354051,
  "gamesplayed": 509026921,
  "gamesplayed_delta": 6.5016598152703,
  "gamesfinished": 396800548,
  "gametime": 88740261475.33992,
  "inputs": 310285955200,
  "piecesplaced": 71039647805
}
