{
  "usercount": 1075501,
  "usercount_delta": 0.0786460299484082,
  "anoncount": 750426,
  "rankedcount": 15737,
  "replaycount": 1806217,
  "gamesplayed": 55087343,
  "gamesplayed_delta": 4.1053227633069085,
  "gamesfinished": 39506689,
  "gametime": 7900930734.295494,
  "inputs": 27809401056,
  "piecesplaced": 6165051244
}
