{
  "usercount": 6575176,
  "usercount_delta": 0.18604336501708216,
  "anoncount": 5264178,
  "rankedcount": 48103,
  "replaycount": 7633438,
  "gamesplayed": 288571301,
  "gamesplayed_delta": 5.97030071373,
  "gamesfinished": 224876943,
  "gametime": 49324950915.610916,
  "inputs": 167765919637,
  "piecesplaced": 37910460840
}
