{
  "usercount": 744665,
  "usercount_delta": 0.0367728175332794,
  "anoncount": 494753,
  "rankedcount": 13734,
  "replaycount": 1273868,
  "gamesplayed": 39973127,
  "gamesplayed_delta": 2.0592777818636465,
  "gamesfinished": 27899167,
  "gametime": 5501500161.397735,
  "inputs": 19998613167,
  "piecesplaced": 4383516118
}
