{
  "usercount": 6033161,
  "usercount_delta": 0.15500571583577144,
  "anoncount": 4322071,
  "rankedcount": 43750,
  "replaycount": 10550575,
  "gamesplayed": 410437689,
  "gamesplayed_delta": 4.398287186840015,
  "gamesfinished": 318967705,
  "gametime": 70669304005.83246,
  "inputs": 244469970196,
  "piecesplaced": 55714524133
}
