{
  "usercount": 2472348,
  "usercount_delta": 0.08102677124521943,
  "anoncount": 1840425,
  "rankedcount": 30863,
  "replaycount": 3753942,
  "gamesplayed": 117185311,
  "gamesplayed_delta": 4.375445647241849,
  "gamesfinished": 90138830,
  "gametime": 18887429467.2757,
  "inputs": 63502824918,
  "piecesplaced": 14167249765
}
