{
  "usercount": 8181388,
  "usercount_delta": 0.21525546210735097,
  "anoncount": 6204453,
  "totalaccounts": 12132161,
  "rankedcount": 44928,
  "replaycount": 10857648,
  "gamesplayed": 490512681,
  "gamesplayed_delta": 4.120604560340719,
  "gamesfinished": 382352852,
  "gametime": 85419426473.88661,
  "inputs": 298121954916,
  "piecesplaced": 68201265335
}
