{
  "usercount": 8510835,
  "usercount_delta": 0.19039528991344337,
  "anoncount": 6928378,
  "rankedcount": 43952,
  "replaycount": 9627780,
  "gamesplayed": 372104461,
  "gamesplayed_delta": 5.741150280466909,
  "gamesfinished": 288905584,
  "gametime": 63937784694.42349,
  "inputs": 220222481046,
  "piecesplaced": 50088599652
}
