{
  "usercount": 738641,
  "usercount_delta": 0.019241500067345253,
  "anoncount": 489954,
  "rankedcount": 13697,
  "replaycount": 1260437,
  "gamesplayed": 39739708,
  "gamesplayed_delta": 2.5398780088895734,
  "gamesfinished": 27720885,
  "gametime": 5464618428.251994,
  "inputs": 19879020208,
  "piecesplaced": 4356410664
}
