{
  "usercount": 1411562,
  "usercount_delta": 0.033345004084763,
  "anoncount": 1009129,
  "rankedcount": 19394,
  "replaycount": 2255004,
  "gamesplayed": 68278251,
  "gamesplayed_delta": 5.168475633138265,
  "gamesfinished": 50090217,
  "gametime": 10104315530.727022,
  "inputs": 34759998208,
  "piecesplaced": 7729712517
}
