{
  "usercount": 5730747,
  "usercount_delta": 0.12864838787488944,
  "anoncount": 4107210,
  "rankedcount": 42446,
  "replaycount": 9922902,
  "gamesplayed": 384640431,
  "gamesplayed_delta": 3.3609391332314864,
  "gamesfinished": 298697874,
  "gametime": 66183795741.19732,
  "inputs": 228374577298,
  "piecesplaced": 51974782603
}
