{
  "usercount": 6475355,
  "usercount_delta": 0.03019414837404511,
  "anoncount": 4701029,
  "rankedcount": 51901,
  "replaycount": 8932594,
  "gamesplayed": 428107514,
  "gamesplayed_delta": 4.121501253057158,
  "gamesfinished": 333083413,
  "gametime": 73816369315.30153,
  "inputs": 255697016110,
  "piecesplaced": 58311403896
}
