{
  "usercount": 5359032,
  "usercount_delta": 0.16037206318659292,
  "anoncount": 4232853,
  "rankedcount": 42346,
  "replaycount": 6301707,
  "gamesplayed": 239177321,
  "gamesplayed_delta": 5.292278085157566,
  "gamesfinished": 186464827,
  "gametime": 40605234122.00831,
  "inputs": 137381627740,
  "piecesplaced": 30968413137
}
