{
  "usercount": 1131572,
  "usercount_delta": 0.1325506532853626,
  "anoncount": 794047,
  "rankedcount": 16203,
  "replaycount": 1885298,
  "gamesplayed": 57470068,
  "gamesplayed_delta": 3.503124408256012,
  "gamesfinished": 41376924,
  "gametime": 8286405499.939227,
  "inputs": 29050691707,
  "piecesplaced": 6446793196
}
