{
  "usercount": 7173056,
  "usercount_delta": 0.38885482254759735,
  "anoncount": 5317499,
  "totalaccounts": 11096897,
  "rankedcount": 59560,
  "replaycount": 9767982,
  "gamesplayed": 451653131,
  "gamesplayed_delta": 5.892646157067436,
  "gamesfinished": 352021929,
  "gametime": 78157286701.7073,
  "inputs": 271270136573,
  "piecesplaced": 61909212761
}
