{
  "usercount": 990995,
  "usercount_delta": 0.08765010079761593,
  "anoncount": 685102,
  "rankedcount": 14852,
  "replaycount": 1679426,
  "gamesplayed": 51188805,
  "gamesplayed_delta": 4.090338037222076,
  "gamesfinished": 36501469,
  "gametime": 7274387792.509294,
  "inputs": 25769133149,
  "piecesplaced": 5700063762
}
