{
  "usercount": 1157175,
  "usercount_delta": 0.079266939344938,
  "anoncount": 813642,
  "rankedcount": 16325,
  "replaycount": 1915504,
  "gamesplayed": 58384494,
  "gamesplayed_delta": 2.948730143631694,
  "gamesfinished": 42108246,
  "gametime": 8436437756.647336,
  "inputs": 29523666508,
  "piecesplaced": 6553433531
}
