{
  "usercount": 1071323,
  "usercount_delta": 0.13677752159130876,
  "anoncount": 747252,
  "rankedcount": 15795,
  "replaycount": 1799941,
  "gamesplayed": 54898561,
  "gamesplayed_delta": 2.676931494001329,
  "gamesfinished": 39361184,
  "gametime": 7870422559.530649,
  "inputs": 27710956081,
  "piecesplaced": 6142653659
}
