{
  "usercount": 1456854,
  "usercount_delta": 0.06593805120089676,
  "anoncount": 1043704,
  "rankedcount": 20204,
  "replaycount": 2318677,
  "gamesplayed": 70124162,
  "gamesplayed_delta": 6.280599376885417,
  "gamesfinished": 51574266,
  "gametime": 10414637911.090088,
  "inputs": 35746187517,
  "piecesplaced": 7951624781
}
