{
  "usercount": 5240877,
  "usercount_delta": 0.047166844852525,
  "anoncount": 4133189,
  "rankedcount": 42426,
  "replaycount": 6168876,
  "gamesplayed": 234390430,
  "gamesplayed_delta": 4.685239922017483,
  "gamesfinished": 182749594,
  "gametime": 39762259992.0569,
  "inputs": 134452026803,
  "piecesplaced": 30299806085
}
