{
  "usercount": 999393,
  "usercount_delta": 0.01917214670526659,
  "anoncount": 691651,
  "rankedcount": 14966,
  "replaycount": 1692680,
  "gamesplayed": 51584395,
  "gamesplayed_delta": 2.607411951916256,
  "gamesfinished": 36803799,
  "gametime": 7336725581.882495,
  "inputs": 25971182002,
  "piecesplaced": 5746006071
}
