{
  "usercount": 914672,
  "usercount_delta": 0.0573271228950197,
  "anoncount": 626845,
  "rankedcount": 14350,
  "replaycount": 1565724,
  "gamesplayed": 47818716,
  "gamesplayed_delta": 2.8090290218559653,
  "gamesfinished": 33901134,
  "gametime": 6741619214.160222,
  "inputs": 24039923024,
  "piecesplaced": 5306229047
}
