{
  "usercount": 817383,
  "usercount_delta": 0.030047625486395935,
  "anoncount": 551891,
  "rankedcount": 13990,
  "replaycount": 1413636,
  "gamesplayed": 43432825,
  "gamesplayed_delta": 2.4789291026276645,
  "gamesfinished": 30523750,
  "gametime": 6048841146.403838,
  "inputs": 21793554652,
  "piecesplaced": 4794053507
}
