{
  "usercount": 843584,
  "usercount_delta": 0.04584492191081634,
  "anoncount": 572194,
  "rankedcount": 14001,
  "replaycount": 1456542,
  "gamesplayed": 44662792,
  "gamesplayed_delta": 3.1327363305724503,
  "gamesfinished": 31463080,
  "gametime": 6242434614.979017,
  "inputs": 22423053471,
  "piecesplaced": 4937854264
}
