{
  "usercount": 5197545,
  "usercount_delta": 0.18580718930894016,
  "anoncount": 4096804,
  "rankedcount": 42316,
  "replaycount": 6119447,
  "gamesplayed": 232735924,
  "gamesplayed_delta": 4.845279782748517,
  "gamesfinished": 181458887,
  "gametime": 39470502727.37376,
  "inputs": 133437738390,
  "piecesplaced": 30068650215
}
