{
  "usercount": 1222582,
  "usercount_delta": 0.019540791402051783,
  "anoncount": 863442,
  "rankedcount": 17188,
  "replaycount": 1998778,
  "gamesplayed": 60754979,
  "gamesplayed_delta": 3.185148998534441,
  "gamesfinished": 44015653,
  "gametime": 8829988936.131914,
  "inputs": 30753227398,
  "piecesplaced": 6829421210
}
