{
  "usercount": 5692624,
  "usercount_delta": 0.17151432859286786,
  "anoncount": 4516604,
  "rankedcount": 43383,
  "replaycount": 6646110,
  "gamesplayed": 252182497,
  "gamesplayed_delta": 6.0315872221825195,
  "gamesfinished": 196588246,
  "gametime": 42895683685.146774,
  "inputs": 145344183611,
  "piecesplaced": 32786848597
}
