{
  "usercount": 800365,
  "usercount_delta": 0.060234613820832145,
  "anoncount": 538667,
  "rankedcount": 13980,
  "replaycount": 1382339,
  "gamesplayed": 42595597,
  "gamesplayed_delta": 1.8371557215353804,
  "gamesfinished": 29890361,
  "gametime": 5916756182.492782,
  "inputs": 21363608290,
  "piecesplaced": 4695688552
}
