{
  "usercount": 1249945,
  "usercount_delta": 0.07926568271532522,
  "anoncount": 884649,
  "rankedcount": 17487,
  "replaycount": 2035793,
  "gamesplayed": 61836940,
  "gamesplayed_delta": 3.5828088587327,
  "gamesfinished": 44887059,
  "gametime": 9008831935.163368,
  "inputs": 31316213356,
  "piecesplaced": 6955848822
}
