{
  "usercount": 814965,
  "usercount_delta": 0.019869260267440243,
  "anoncount": 549987,
  "rankedcount": 13892,
  "replaycount": 1409079,
  "gamesplayed": 43312014,
  "gamesplayed_delta": 3.4175127659997218,
  "gamesfinished": 30430870,
  "gametime": 6029562485.77581,
  "inputs": 21730734562,
  "piecesplaced": 4779667933
}
