{
  "usercount": 854858,
  "usercount_delta": 0.07165993063318715,
  "anoncount": 581016,
  "rankedcount": 14084,
  "replaycount": 1474911,
  "gamesplayed": 45189064,
  "gamesplayed_delta": 3.0240490727204974,
  "gamesfinished": 31863633,
  "gametime": 6324516091.626238,
  "inputs": 22689373915,
  "piecesplaced": 4998454088
}
