{
  "usercount": 8498398,
  "usercount_delta": 0.049298320570545895,
  "anoncount": 6911842,
  "rankedcount": 43770,
  "replaycount": 9659065,
  "gamesplayed": 373467116,
  "gamesplayed_delta": 3.812403457455549,
  "gamesfinished": 289981350,
  "gametime": 64182945768.13448,
  "inputs": 221101241193,
  "piecesplaced": 50292605814
}
