{
  "usercount": 8942907,
  "usercount_delta": 0.037440563106069115,
  "anoncount": 6887930,
  "totalaccounts": 12911605,
  "rankedcount": 47350,
  "replaycount": 11494597,
  "gamesplayed": 514379900,
  "gamesplayed_delta": 4.23078363098581,
  "gamesfinished": 400984917,
  "gametime": 89708174835.02048,
  "inputs": 313810565898,
  "piecesplaced": 71861908289
}
