{
  "usercount": 2278271,
  "usercount_delta": 0.09169685021319517,
  "anoncount": 1686539,
  "rankedcount": 33041,
  "replaycount": 3496085,
  "gamesplayed": 107116594,
  "gamesplayed_delta": 3.8207020922164654,
  "gamesfinished": 81990054,
  "gametime": 17069168833.846804,
  "inputs": 57405156136,
  "piecesplaced": 12780781274
}
