{
  "usercount": 1195725,
  "usercount_delta": 0.0317067757379752,
  "anoncount": 842817,
  "rankedcount": 16716,
  "replaycount": 1963422,
  "gamesplayed": 59725519,
  "gamesplayed_delta": 1.9658200957544627,
  "gamesfinished": 43186352,
  "gametime": 8658833870.32507,
  "inputs": 30214293406,
  "piecesplaced": 6708452818
}
