{
  "usercount": 9384477,
  "usercount_delta": 0.11977482333213559,
  "anoncount": 7284414,
  "totalaccounts": 13363279,
  "rankedcount": 48802,
  "replaycount": 10538128,
  "gamesplayed": 528574463,
  "gamesplayed_delta": 3.8926817582944064,
  "gamesfinished": 412031512,
  "gametime": 92257004713.58723,
  "inputs": 323145479114,
  "piecesplaced": 74037948585
}
