{
  "usercount": 767638,
  "usercount_delta": 0.075295534974776,
  "anoncount": 512772,
  "rankedcount": 13902,
  "replaycount": 1324643,
  "gamesplayed": 41067424,
  "gamesplayed_delta": 2.3040433702281455,
  "gamesfinished": 28729228,
  "gametime": 5674715036.576846,
  "inputs": 20565902556,
  "piecesplaced": 4512832786
}
