{
  "usercount": 1036295,
  "usercount_delta": 0.0317067757379752,
  "anoncount": 720391,
  "rankedcount": 15434,
  "replaycount": 1751339,
  "gamesplayed": 53399690,
  "gamesplayed_delta": 3.4877453311772726,
  "gamesfinished": 38195135,
  "gametime": 7627451257.907015,
  "inputs": 26923884764,
  "piecesplaced": 5963303458
}
