{
  "usercount": 9201969,
  "usercount_delta": 0.37441964954320806,
  "anoncount": 7119554,
  "totalaccounts": 13176775,
  "rankedcount": 47863,
  "replaycount": 11712977,
  "gamesplayed": 522670262,
  "gamesplayed_delta": 4.736408566721582,
  "gamesfinished": 407452764,
  "gametime": 91207653835.15771,
  "inputs": 319314453502,
  "piecesplaced": 73142761604
}
