{
  "usercount": 968378,
  "usercount_delta": 0.06091061367443277,
  "anoncount": 667662,
  "rankedcount": 14585,
  "replaycount": 1644703,
  "gamesplayed": 50142237,
  "gamesplayed_delta": 4.431247144814984,
  "gamesfinished": 35691173,
  "gametime": 7108062149.20285,
  "inputs": 25228239429,
  "piecesplaced": 5576652453
}
