{
  "usercount": 4613185,
  "usercount_delta": 0.09741999383006705,
  "anoncount": 3607560,
  "rankedcount": 41512,
  "replaycount": 5471314,
  "gamesplayed": 207670943,
  "gamesplayed_delta": 5.244443001185276,
  "gamesfinished": 162197792,
  "gametime": 35073893115.21814,
  "inputs": 118248374882,
  "piecesplaced": 26593496136
}
