{
  "usercount": 736883,
  "usercount_delta": 0.07482089747666523,
  "anoncount": 488596,
  "rankedcount": 13618,
  "replaycount": 1254794,
  "gamesplayed": 39650891,
  "gamesplayed_delta": 2.974130674697443,
  "gamesfinished": 27654300,
  "gametime": 5450894656.960186,
  "inputs": 19833359621,
  "piecesplaced": 4346049108
}
