{
  "usercount": 5572984,
  "usercount_delta": 0.11384705461405849,
  "anoncount": 4414808,
  "rankedcount": 43453,
  "replaycount": 6523057,
  "gamesplayed": 247397042,
  "gamesplayed_delta": 5.041798132908305,
  "gamesfinished": 192866132,
  "gametime": 42052537709.65303,
  "inputs": 142406537561,
  "piecesplaced": 32114829143
}
