{
  "usercount": 942914,
  "usercount_delta": 0.033764962098830044,
  "anoncount": 648390,
  "rankedcount": 14332,
  "replaycount": 1608483,
  "gamesplayed": 49021755,
  "gamesplayed_delta": 1.7220130670403324,
  "gamesfinished": 34830565,
  "gametime": 6931804036.4536085,
  "inputs": 24653078127,
  "piecesplaced": 5445395518
}
