{
  "usercount": 798002,
  "usercount_delta": 0.09294976065436632,
  "anoncount": 536839,
  "rankedcount": 13891,
  "replaycount": 1378034,
  "gamesplayed": 42473231,
  "gamesplayed_delta": 2.803984446406717,
  "gamesfinished": 29795174,
  "gametime": 5897001695.675587,
  "inputs": 21298635349,
  "piecesplaced": 4680743909
}
