{
  "usercount": 763664,
  "usercount_delta": 0,
  "anoncount": 509633,
  "rankedcount": 13884,
  "replaycount": 1316223,
  "gamesplayed": 40878926,
  "gamesplayed_delta": 2.315466691698739,
  "gamesfinished": 28586890,
  "gametime": 5644909332.270861,
  "inputs": 20466970669,
  "piecesplaced": 4490176975
}
