{
  "usercount": 1201821,
  "usercount_delta": 0.079266939344938,
  "anoncount": 847487,
  "rankedcount": 16878,
  "replaycount": 1970781,
  "gamesplayed": 59932422,
  "gamesplayed_delta": 4.613335869875392,
  "gamesfinished": 43351672,
  "gametime": 8691813540.745499,
  "inputs": 30315484167,
  "piecesplaced": 6730976304
}
