{
  "usercount": 6897848,
  "usercount_delta": 0.20039715071687528,
  "anoncount": 5537868,
  "rankedcount": 44622,
  "replaycount": 8004099,
  "gamesplayed": 303765647,
  "gamesplayed_delta": 3.680020404073528,
  "gamesfinished": 236357248,
  "gametime": 52021895410.104805,
  "inputs": 177415538498,
  "piecesplaced": 40150908612
}
