{
  "usercount": 1034666,
  "usercount_delta": 0.05803381436917243,
  "anoncount": 719096,
  "rankedcount": 15372,
  "replaycount": 1748923,
  "gamesplayed": 53321314,
  "gamesplayed_delta": 2.0698727125004837,
  "gamesfinished": 38136412,
  "gametime": 7615287478.695005,
  "inputs": 26883041591,
  "piecesplaced": 5953928754
}
