{
  "usercount": 2115484,
  "usercount_delta": 0.03200102403276905,
  "anoncount": 1557015,
  "rankedcount": 32006,
  "replaycount": 3264406,
  "gamesplayed": 98628272,
  "gamesplayed_delta": 7.136228359307498,
  "gamesfinished": 75096020,
  "gametime": 15537479937.937433,
  "inputs": 52287258166,
  "piecesplaced": 11625951832
}
