{
  "usercount": 8234178,
  "usercount_delta": 0.21305442572147976,
  "anoncount": 6095192,
  "totalaccounts": 13756541,
  "rankedcount": 50844,
  "replaycount": 11055194,
  "gamesplayed": 540985279,
  "gamesplayed_delta": 4.803408870811543,
  "gamesfinished": 421638797,
  "gametime": 94507687062.62794,
  "inputs": 331390534976,
  "piecesplaced": 75961208666
}
