{
  "usercount": 982800,
  "usercount_delta": 0.0610407446970853,
  "anoncount": 678777,
  "rankedcount": 14720,
  "replaycount": 1666172,
  "gamesplayed": 50799453,
  "gamesplayed_delta": 2.53319090492904,
  "gamesfinished": 36201782,
  "gametime": 7211870268.285061,
  "inputs": 25564764534,
  "piecesplaced": 5653252621
}
