{
  "usercount": 1140214,
  "usercount_delta": 0.1157943492357573,
  "anoncount": 800853,
  "rankedcount": 16263,
  "replaycount": 1895353,
  "gamesplayed": 57778116,
  "gamesplayed_delta": 3.0768212796929797,
  "gamesfinished": 41621604,
  "gametime": 8336550260.62813,
  "inputs": 29208689935,
  "piecesplaced": 6482375973
}
