{
  "usercount": 1061293,
  "usercount_delta": 0.07071385638015769,
  "anoncount": 739486,
  "rankedcount": 15609,
  "replaycount": 1785877,
  "gamesplayed": 54428671,
  "gamesplayed_delta": 2.2451649400700067,
  "gamesfinished": 38996628,
  "gametime": 7793614680.314601,
  "inputs": 27462429133,
  "piecesplaced": 6085871898
}
