{
  "usercount": 890028,
  "usercount_delta": 0.015059333775073791,
  "anoncount": 608289,
  "rankedcount": 14245,
  "replaycount": 1528821,
  "gamesplayed": 46773461,
  "gamesplayed_delta": 1.8372387205590026,
  "gamesfinished": 33092072,
  "gametime": 6575653620.565775,
  "inputs": 23499628129,
  "piecesplaced": 5183063185
}
