{
  "usercount": 6903703,
  "usercount_delta": 0.18558614290133005,
  "anoncount": 5078807,
  "totalaccounts": 10820544,
  "rankedcount": 57065,
  "replaycount": 9467048,
  "gamesplayed": 442527297,
  "gamesplayed_delta": 6.077946180018559,
  "gamesfinished": 344663743,
  "gametime": 76462173473.31113,
  "inputs": 265212690448,
  "piecesplaced": 60509350505
}
