{
  "usercount": 927182,
  "usercount_delta": 0.017565739781130883,
  "anoncount": 636308,
  "rankedcount": 14394,
  "replaycount": 1585702,
  "gamesplayed": 48366471,
  "gamesplayed_delta": 2.6172952273885013,
  "gamesfinished": 34324337,
  "gametime": 6827836089.201871,
  "inputs": 24317407782,
  "piecesplaced": 5369212428
}
