{
  "usercount": 1168707,
  "usercount_delta": 0.0568806643661598,
  "anoncount": 822049,
  "rankedcount": 16419,
  "replaycount": 1928450,
  "gamesplayed": 58734713,
  "gamesplayed_delta": 6.237912858822192,
  "gamesfinished": 42390345,
  "gametime": 8495279655.706774,
  "inputs": 29704832079,
  "piecesplaced": 6594169133
}
