{
  "usercount": 1145796,
  "usercount_delta": 0.21494450523682976,
  "anoncount": 805151,
  "rankedcount": 16237,
  "replaycount": 1902477,
  "gamesplayed": 57994000,
  "gamesplayed_delta": 3.439112083789276,
  "gamesfinished": 41793808,
  "gametime": 8371531270.872572,
  "inputs": 29320036311,
  "piecesplaced": 6507568680
}
