{
  "usercount": 831328,
  "usercount_delta": 0.02866438307081536,
  "anoncount": 562716,
  "rankedcount": 14064,
  "replaycount": 1436581,
  "gamesplayed": 44080088,
  "gamesplayed_delta": 2.006506814957075,
  "gamesfinished": 31020189,
  "gametime": 6150995548.806465,
  "inputs": 22123780677,
  "piecesplaced": 4869392218
}
