{
  "usercount": 727488,
  "usercount_delta": 0.07012991566877641,
  "anoncount": 481149,
  "replaycount": 1229223,
  "gamesplayed": 39288938,
  "gamesplayed_delta": 3.5415607412732086,
  "gamesfinished": 27374463,
  "gametime": 5393909858.998116,
  "inputs": 19650678378,
  "piecesplaced": 4304717697
}
