{
  "usercount": 7935915,
  "usercount_delta": 0.07754793431689963,
  "anoncount": 5988774,
  "totalaccounts": 11880077,
  "rankedcount": 49334,
  "replaycount": 10606990,
  "gamesplayed": 480695707,
  "gamesplayed_delta": 3.16007832341366,
  "gamesfinished": 374773111,
  "gametime": 83615954882.0799,
  "inputs": 291402967004,
  "piecesplaced": 66620379092
}
