{
  "usercount": 799754,
  "usercount_delta": 0.030118213989910398,
  "anoncount": 538184,
  "rankedcount": 13941,
  "replaycount": 1380982,
  "gamesplayed": 42555206,
  "gamesplayed_delta": 2.3793389052029212,
  "gamesfinished": 29859329,
  "gametime": 5910350791.90689,
  "inputs": 21342162719,
  "piecesplaced": 4690740013
}
