{
  "usercount": 737601,
  "usercount_delta": 0.015058426695578846,
  "anoncount": 489140,
  "rankedcount": 13645,
  "replaycount": 1257109,
  "gamesplayed": 39688628,
  "gamesplayed_delta": 1.8371280568606192,
  "gamesfinished": 27683049,
  "gametime": 5456862893.210864,
  "inputs": 19852554122,
  "piecesplaced": 4350374575
}
