{
  "usercount": 9602752,
  "usercount_delta": 0.14959758250306673,
  "anoncount": 7132730,
  "totalaccounts": 16884790,
  "rankedcount": 51104,
  "replaycount": 14044275,
  "gamesplayed": 647713413,
  "gamesplayed_delta": 2.662836968554588,
  "gamesfinished": 503195086,
  "gametime": 114291193221.95338,
  "inputs": 404260293358,
  "piecesplaced": 92992895342
}
