{
  "usercount": 811258,
  "usercount_delta": 0.04584422133590062,
  "anoncount": 547072,
  "rankedcount": 13933,
  "replaycount": 1402692,
  "gamesplayed": 43136725,
  "gamesplayed_delta": 2.24636684545913,
  "gamesfinished": 30297917,
  "gametime": 6002187723.493804,
  "inputs": 21640767712,
  "piecesplaced": 4759141064
}
