{
  "usercount": 6906825,
  "usercount_delta": 0.12604975814202657,
  "anoncount": 5545575,
  "rankedcount": 44372,
  "replaycount": 8014202,
  "gamesplayed": 304205978,
  "gamesplayed_delta": 3.3718310302992105,
  "gamesfinished": 236689634,
  "gametime": 52099059667.615036,
  "inputs": 177692817568,
  "piecesplaced": 40215567153
}
