{
  "usercount": 860117,
  "usercount_delta": 0,
  "anoncount": 585054,
  "rankedcount": 14065,
  "replaycount": 1482802,
  "gamesplayed": 45412520,
  "gamesplayed_delta": 2.5631345744997915,
  "gamesfinished": 32036367,
  "gametime": 6360110107.299633,
  "inputs": 22804312021,
  "piecesplaced": 5024527269
}
