{
  "usercount": 1143383,
  "usercount_delta": 0.03792116190440075,
  "anoncount": 803258,
  "rankedcount": 16145,
  "replaycount": 1899268,
  "gamesplayed": 57898238,
  "gamesplayed_delta": 4.152367228531882,
  "gamesfinished": 41718019,
  "gametime": 8356085514.842443,
  "inputs": 29269330145,
  "piecesplaced": 6496058319
}
