{
  "usercount": 778615,
  "usercount_delta": 0.07894404446128585,
  "anoncount": 521428,
  "rankedcount": 13822,
  "replaycount": 1346387,
  "gamesplayed": 41625309,
  "gamesplayed_delta": 2.320954907161804,
  "gamesfinished": 29151073,
  "gametime": 5763404448.464664,
  "inputs": 20861324250,
  "piecesplaced": 4580507131
}
