{
  "usercount": 2805946,
  "usercount_delta": 0.1522816872810951,
  "anoncount": 2105555,
  "rankedcount": 29624,
  "replaycount": 4170516,
  "gamesplayed": 133440375,
  "gamesplayed_delta": 4.602290993384207,
  "gamesfinished": 103293471,
  "gametime": 21805403320.07978,
  "inputs": 73217231255,
  "piecesplaced": 16368530979
}
