{
  "usercount": 1052130,
  "usercount_delta": 0.08271161767381846,
  "anoncount": 732406,
  "rankedcount": 15663,
  "replaycount": 1773218,
  "gamesplayed": 54027694,
  "gamesplayed_delta": 2.5475178243536085,
  "gamesfinished": 38682749,
  "gametime": 7728247773.871137,
  "inputs": 27251234760,
  "piecesplaced": 6037854716
}
