{
  "usercount": 938179,
  "usercount_delta": 0.05621451458766654,
  "anoncount": 644806,
  "rankedcount": 14352,
  "replaycount": 1602210,
  "gamesplayed": 48831872,
  "gamesplayed_delta": 4.403470309367212,
  "gamesfinished": 34683263,
  "gametime": 6901019803.666701,
  "inputs": 24553441274,
  "piecesplaced": 5422721596
}
