{
  "usercount": 977199,
  "usercount_delta": 0.07303428229210791,
  "anoncount": 674455,
  "rankedcount": 14729,
  "replaycount": 1657716,
  "gamesplayed": 50539539,
  "gamesplayed_delta": 2.8629438658506303,
  "gamesfinished": 35999411,
  "gametime": 7170726752.894043,
  "inputs": 25430540419,
  "piecesplaced": 5622607789
}
