{
  "usercount": 994791,
  "usercount_delta": 0.015227653418608192,
  "anoncount": 688090,
  "rankedcount": 14797,
  "replaycount": 1685261,
  "gamesplayed": 51372327,
  "gamesplayed_delta": 3.1978072179077204,
  "gamesfinished": 36641967,
  "gametime": 7303716278.262099,
  "inputs": 25864164854,
  "piecesplaced": 5721647053
}
