{
  "usercount": 3724093,
  "usercount_delta": 0.11865445844127594,
  "anoncount": 2862522,
  "rankedcount": 34881,
  "replaycount": 4351776,
  "gamesplayed": 171196787,
  "gamesplayed_delta": 6.545770957343723,
  "gamesfinished": 133764123,
  "gametime": 28588531765.356094,
  "inputs": 95959438860,
  "piecesplaced": 21518737932
}
