{
  "usercount": 872310,
  "usercount_delta": 0.03513271382647953,
  "anoncount": 594579,
  "rankedcount": 14348,
  "replaycount": 1501463,
  "gamesplayed": 45964567,
  "gamesplayed_delta": 2.21336097106821,
  "gamesfinished": 32465367,
  "gametime": 6448427967.216352,
  "inputs": 23087566726,
  "piecesplaced": 5089196955
}
