{
  "usercount": 972123,
  "usercount_delta": 0.08700569887327621,
  "anoncount": 670518,
  "rankedcount": 14705,
  "replaycount": 1650542,
  "gamesplayed": 50309084,
  "gamesplayed_delta": 3.001696611128029,
  "gamesfinished": 35819613,
  "gametime": 7134634865.347603,
  "inputs": 25314137080,
  "piecesplaced": 5596209938
}
