{
  "usercount": 1193012,
  "usercount_delta": 0.06616819956328988,
  "anoncount": 840652,
  "rankedcount": 16626,
  "replaycount": 1960020,
  "gamesplayed": 59623903,
  "gamesplayed_delta": 3.9866340236882154,
  "gamesfinished": 43103428,
  "gametime": 8641356506.09801,
  "inputs": 30160192598,
  "piecesplaced": 6696386676
}
