{
  "usercount": 6991289,
  "usercount_delta": 0.2763098815321383,
  "anoncount": 5156191,
  "totalaccounts": 10910413,
  "rankedcount": 57887,
  "replaycount": 9570066,
  "gamesplayed": 445584612,
  "gamesplayed_delta": 4.386419369322695,
  "gamesfinished": 347139002,
  "gametime": 77027588098.90964,
  "inputs": 267230058881,
  "piecesplaced": 60975188659
}
