{
  "usercount": 907713,
  "usercount_delta": 0.06752992419766009,
  "anoncount": 621752,
  "rankedcount": 14284,
  "replaycount": 1554504,
  "gamesplayed": 47534445,
  "gamesplayed_delta": 1.9752502827815577,
  "gamesfinished": 33680905,
  "gametime": 6696870096.459438,
  "inputs": 23893228358,
  "piecesplaced": 5272786033
}
