{
  "usercount": 2228877,
  "usercount_delta": 0.1232931603119317,
  "anoncount": 1647092,
  "rankedcount": 32213,
  "replaycount": 3428328,
  "gamesplayed": 104572044,
  "gamesplayed_delta": 5.409487408686004,
  "gamesfinished": 79937719,
  "gametime": 16610816701.84786,
  "inputs": 55869645381,
  "piecesplaced": 12432624496
}
