{
  "usercount": 1223755,
  "usercount_delta": 0.03787233236758886,
  "anoncount": 864345,
  "rankedcount": 17220,
  "replaycount": 2000548,
  "gamesplayed": 60810105,
  "gamesplayed_delta": 4.31744588990513,
  "gamesfinished": 44059923,
  "gametime": 8838938487.409641,
  "inputs": 30781337415,
  "piecesplaced": 6835699837
}
