{
  "usercount": 1184863,
  "usercount_delta": 0.17411491584445735,
  "anoncount": 834375,
  "rankedcount": 16557,
  "replaycount": 1949362,
  "gamesplayed": 59319146,
  "gamesplayed_delta": 2.7858386535113175,
  "gamesfinished": 42859217,
  "gametime": 8591152056.341578,
  "inputs": 30003450418,
  "piecesplaced": 6661261069
}
