{
  "usercount": 6419787,
  "usercount_delta": 0.07921576393702347,
  "anoncount": 5132011,
  "rankedcount": 48124,
  "replaycount": 7448958,
  "gamesplayed": 281456395,
  "gamesplayed_delta": 4.812357659174176,
  "gamesfinished": 219413969,
  "gametime": 48057434762.120865,
  "inputs": 163292381479,
  "piecesplaced": 36881803470
}
