{
  "usercount": 1100234,
  "usercount_delta": 0.07926568271532522,
  "anoncount": 769618,
  "rankedcount": 16018,
  "replaycount": 1840349,
  "gamesplayed": 56115521,
  "gamesplayed_delta": 3.3925712202159195,
  "gamesfinished": 40313320,
  "gametime": 8067267275.691434,
  "inputs": 28344467506,
  "piecesplaced": 6286248963
}
