{
  "usercount": 745758,
  "usercount_delta": 0.07395136957936461,
  "anoncount": 495597,
  "rankedcount": 13624,
  "replaycount": 1276780,
  "gamesplayed": 40026977,
  "gamesplayed_delta": 2.824942317931728,
  "gamesfinished": 27938596,
  "gametime": 5509902915.293699,
  "inputs": 20026517437,
  "piecesplaced": 4389888218
}
