{
  "usercount": 8216749,
  "usercount_delta": 0.04291415738051983,
  "anoncount": 6235984,
  "totalaccounts": 12168363,
  "rankedcount": 44624,
  "replaycount": 10890093,
  "gamesplayed": 491765855,
  "gamesplayed_delta": 3.5761797817099863,
  "gamesfinished": 383325071,
  "gametime": 85646654915.90913,
  "inputs": 298967647578,
  "piecesplaced": 68399493406
}
