{
  "usercount": 971188,
  "usercount_delta": 0.01692677477233488,
  "anoncount": 669795,
  "rankedcount": 14672,
  "replaycount": 1649140,
  "gamesplayed": 50270522,
  "gamesplayed_delta": 2.7082839635735807,
  "gamesfinished": 35790362,
  "gametime": 7128676216.372682,
  "inputs": 25295012116,
  "piecesplaced": 5591844921
}
