{
  "usercount": 8454839,
  "usercount_delta": 0.2604392742425558,
  "anoncount": 6893557,
  "rankedcount": 43403,
  "replaycount": 9466640,
  "gamesplayed": 365642405,
  "gamesplayed_delta": 5.035159302022745,
  "gamesfinished": 283815185,
  "gametime": 62782966290.77866,
  "inputs": 216070336605,
  "piecesplaced": 49132304601
}
