{
  "usercount": 9392793,
  "usercount_delta": 0.15416396879721272,
  "anoncount": 7291615,
  "totalaccounts": 13371839,
  "rankedcount": 48611,
  "replaycount": 10564449,
  "gamesplayed": 528989314,
  "gamesplayed_delta": 4.933247001510807,
  "gamesfinished": 412340281,
  "gametime": 92333019215.20656,
  "inputs": 323435227358,
  "piecesplaced": 74106610974
}
