{
  "usercount": 819420,
  "usercount_delta": 0.01986886548778065,
  "anoncount": 553479,
  "rankedcount": 13905,
  "replaycount": 1417114,
  "gamesplayed": 43525559,
  "gamesplayed_delta": 2.1060997417047487,
  "gamesfinished": 30593856,
  "gametime": 6063459309.887434,
  "inputs": 21840311159,
  "piecesplaced": 4804726207
}
