{
  "usercount": 1303653,
  "usercount_delta": 0.17410481109627995,
  "anoncount": 926298,
  "rankedcount": 18021,
  "replaycount": 2107912,
  "gamesplayed": 63929014,
  "gamesplayed_delta": 3.172576557754435,
  "gamesfinished": 46567341,
  "gametime": 9358023949.138987,
  "inputs": 32425788527,
  "piecesplaced": 7205413689
}
