{
  "usercount": 3856096,
  "usercount_delta": 0.036101083032490974,
  "anoncount": 2971409,
  "rankedcount": 36474,
  "replaycount": 4535368,
  "gamesplayed": 176137379,
  "gamesplayed_delta": 5.812274368231047,
  "gamesfinished": 137695443,
  "gametime": 29475902375.79667,
  "inputs": 98957227981,
  "piecesplaced": 22194740630
}
