{
  "usercount": 741653,
  "usercount_delta": 0.06217165594205602,
  "anoncount": 492416,
  "rankedcount": 13612,
  "replaycount": 1265530,
  "gamesplayed": 39824095,
  "gamesplayed_delta": 2.906524915291119,
  "gamesfinished": 27784879,
  "gametime": 5477905726.233508,
  "inputs": 19921823980,
  "piecesplaced": 4366121407
}
