{
  "usercount": 869684,
  "usercount_delta": 0.035132096683530074,
  "anoncount": 592562,
  "rankedcount": 14230,
  "replaycount": 1496789,
  "gamesplayed": 45833706,
  "gamesplayed_delta": 2.6173412029229906,
  "gamesfinished": 32365285,
  "gametime": 6427988788.052969,
  "inputs": 23020520731,
  "piecesplaced": 5073917941
}
