{
  "usercount": 1027681,
  "usercount_delta": 0.06770595304592156,
  "anoncount": 713597,
  "rankedcount": 15417,
  "replaycount": 1738937,
  "gamesplayed": 52981467,
  "gamesplayed_delta": 2.031178591377647,
  "gamesfinished": 37874981,
  "gametime": 7560489585.006337,
  "inputs": 26702526429,
  "piecesplaced": 5912703056
}
