{
  "usercount": 8166038,
  "usercount_delta": 0.15745861790698132,
  "anoncount": 6034152,
  "totalaccounts": 13686800,
  "rankedcount": 49941,
  "replaycount": 10970731,
  "gamesplayed": 538566419,
  "gamesplayed_delta": 4.72375853720944,
  "gamesfinished": 419781661,
  "gametime": 94062591438.63881,
  "inputs": 329754958107,
  "piecesplaced": 75578222721
}
