{
  "usercount": 1029115,
  "usercount_delta": 0.07574323044877863,
  "anoncount": 714695,
  "rankedcount": 15287,
  "replaycount": 1740677,
  "gamesplayed": 53048087,
  "gamesplayed_delta": 3.04866502556334,
  "gamesfinished": 37926211,
  "gametime": 7571203946.93407,
  "inputs": 26737201495,
  "piecesplaced": 5920622635
}
