{
  "usercount": 6234564,
  "usercount_delta": 0.3149748020158388,
  "anoncount": 4488767,
  "rankedcount": 45995,
  "replaycount": 8694823,
  "gamesplayed": 420352909,
  "gamesplayed_delta": 4.124670026397888,
  "gamesfinished": 326878038,
  "gametime": 72435666174.30753,
  "inputs": 250788827357,
  "piecesplaced": 57179316616
}
