{
  "usercount": 888578,
  "usercount_delta": 0.0337655321447866,
  "anoncount": 607166,
  "rankedcount": 14195,
  "replaycount": 1526472,
  "gamesplayed": 46702285,
  "gamesplayed_delta": 4.305105348460292,
  "gamesfinished": 33036498,
  "gametime": 6564420154.410798,
  "inputs": 23463248422,
  "piecesplaced": 5174815047
}
