{
  "usercount": 7386839,
  "usercount_delta": 0.19851571328222825,
  "anoncount": 5959547,
  "rankedcount": 39200,
  "replaycount": 8480635,
  "gamesplayed": 324711754,
  "gamesplayed_delta": 5.680603487768377,
  "gamesfinished": 252092841,
  "gametime": 55656618200.10214,
  "inputs": 190575888110,
  "piecesplaced": 43225049454
}
