{
  "usercount": 1160429,
  "usercount_delta": 0.09672863748041245,
  "anoncount": 815949,
  "rankedcount": 16184,
  "replaycount": 1918259,
  "gamesplayed": 58467306,
  "gamesplayed_delta": 3.8497997717204155,
  "gamesfinished": 42174728,
  "gametime": 8450508272.336941,
  "inputs": 29565780617,
  "piecesplaced": 6562855659
}
