{
  "usercount": 1448412,
  "usercount_delta": 0.03380319778251023,
  "anoncount": 1037639,
  "rankedcount": 20097,
  "replaycount": 2305668,
  "gamesplayed": 69774637,
  "gamesplayed_delta": 4.140891728357503,
  "gamesfinished": 51292711,
  "gametime": 10355289053.16411,
  "inputs": 35556069400,
  "piecesplaced": 7908865547
}
