{
  "usercount": 8316218,
  "usercount_delta": 0.08497909514259493,
  "anoncount": 6782830,
  "rankedcount": 42143,
  "replaycount": 9261565,
  "gamesplayed": 357557445,
  "gamesplayed_delta": 3.6710969101601005,
  "gamesfinished": 277454742,
  "gametime": 61357193666.037155,
  "inputs": 210985929162,
  "piecesplaced": 47961161110
}
