{
  "usercount": 1106572,
  "usercount_delta": 0.019540791402051783,
  "anoncount": 774511,
  "rankedcount": 16011,
  "replaycount": 1848574,
  "gamesplayed": 56367880,
  "gamesplayed_delta": 2.813873961895457,
  "gamesfinished": 40511448,
  "gametime": 8108231671.27226,
  "inputs": 28477853979,
  "piecesplaced": 6316707482
}
