{
  "usercount": 743451,
  "usercount_delta": 0.05506607929515419,
  "anoncount": 493805,
  "rankedcount": 13676,
  "replaycount": 1269603,
  "gamesplayed": 39903245,
  "gamesplayed_delta": 2.0558002936857562,
  "gamesfinished": 27845964,
  "gametime": 5490556495.948416,
  "inputs": 19962229360,
  "piecesplaced": 4375244203
}
