{
  "usercount": 770480,
  "usercount_delta": 0,
  "anoncount": 515018,
  "rankedcount": 13848,
  "replaycount": 1330413,
  "gamesplayed": 41208332,
  "gamesplayed_delta": 2.2878830874006812,
  "gamesfinished": 28836091,
  "gametime": 5696843349.851627,
  "inputs": 20639793298,
  "piecesplaced": 4529737325
}
