{
  "usercount": 1137370,
  "usercount_delta": 0.14155840070464626,
  "anoncount": 798673,
  "rankedcount": 16201,
  "replaycount": 1892328,
  "gamesplayed": 57685860,
  "gamesplayed_delta": 2.81543930290352,
  "gamesfinished": 41548649,
  "gametime": 8321669479.070949,
  "inputs": 29163064101,
  "piecesplaced": 6472193002
}
