{
  "usercount": 3140079,
  "usercount_delta": 0.09002358617957905,
  "anoncount": 2379294,
  "rankedcount": 30703,
  "replaycount": 3594160,
  "gamesplayed": 147650465,
  "gamesplayed_delta": 5.059325543292343,
  "gamesfinished": 114911324,
  "gametime": 24372911077.89262,
  "inputs": 81731849901,
  "piecesplaced": 18293225601
}
