{
  "usercount": 7617118,
  "usercount_delta": 0.13095861707700368,
  "anoncount": 6164113,
  "rankedcount": 39498,
  "replaycount": 8659971,
  "gamesplayed": 332215183,
  "gamesplayed_delta": 3.8913417645738235,
  "gamesfinished": 257835968,
  "gametime": 56951320472.36926,
  "inputs": 195225564841,
  "piecesplaced": 44303677040
}
