{
  "usercount": 993872,
  "usercount_delta": 0.07304068366079906,
  "anoncount": 687387,
  "rankedcount": 14763,
  "replaycount": 1683620,
  "gamesplayed": 51322409,
  "gamesplayed_delta": 3.1407493974143597,
  "gamesfinished": 36604515,
  "gametime": 7295900781.056592,
  "inputs": 25838877711,
  "piecesplaced": 5715879871
}
