{
  "usercount": 1221849,
  "usercount_delta": 0.09480290476100188,
  "anoncount": 862884,
  "rankedcount": 17149,
  "replaycount": 1997543,
  "gamesplayed": 60723658,
  "gamesplayed_delta": 3.0147323713998597,
  "gamesfinished": 43990959,
  "gametime": 8824643243.587273,
  "inputs": 30735726456,
  "piecesplaced": 6825440407
}
