{
  "usercount": 777397,
  "usercount_delta": 0,
  "anoncount": 520475,
  "rankedcount": 13957,
  "replaycount": 1343714,
  "gamesplayed": 41561832,
  "gamesplayed_delta": 1.6749224902890132,
  "gamesfinished": 29103665,
  "gametime": 5753411535.635173,
  "inputs": 20827965770,
  "piecesplaced": 4572858079
}
