{
  "usercount": 1026439,
  "usercount_delta": 0.04350221861314927,
  "anoncount": 712637,
  "rankedcount": 15342,
  "replaycount": 1736621,
  "gamesplayed": 52910800,
  "gamesplayed_delta": 2.5231286795626575,
  "gamesfinished": 37821359,
  "gametime": 7549132721.016179,
  "inputs": 26665329087,
  "piecesplaced": 5904187616
}
