{
  "usercount": 887053,
  "usercount_delta": 0.04299595837991229,
  "anoncount": 606010,
  "rankedcount": 14312,
  "replaycount": 1524398,
  "gamesplayed": 46635074,
  "gamesplayed_delta": 3.282024822999971,
  "gamesfinished": 32984626,
  "gametime": 6553847480.721377,
  "inputs": 23429098495,
  "piecesplaced": 5166978414
}
