{
  "usercount": 7683825,
  "usercount_delta": 0.19919326726756634,
  "anoncount": 6223383,
  "rankedcount": 39365,
  "replaycount": 8712773,
  "gamesplayed": 334377183,
  "gamesplayed_delta": 4.697641219726773,
  "gamesfinished": 259495298,
  "gametime": 57325976065.441795,
  "inputs": 196576458357,
  "piecesplaced": 44617037899
}
