{
  "usercount": 1096486,
  "usercount_delta": 0.07926568271532522,
  "anoncount": 766675,
  "rankedcount": 15880,
  "replaycount": 1835422,
  "gamesplayed": 55955404,
  "gamesplayed_delta": 4.565703324402733,
  "gamesfinished": 40186914,
  "gametime": 8041510167.32719,
  "inputs": 28260194192,
  "piecesplaced": 6267154446
}
