{
  "usercount": 6916105,
  "usercount_delta": 0.12752778283840407,
  "anoncount": 5553378,
  "rankedcount": 44816,
  "replaycount": 8024720,
  "gamesplayed": 304643703,
  "gamesplayed_delta": 4.882492257241756,
  "gamesfinished": 237018942,
  "gametime": 52175952981.218925,
  "inputs": 177969450532,
  "piecesplaced": 40280042332
}
