{
  "usercount": 749078,
  "usercount_delta": 0.019242240566491563,
  "anoncount": 498176,
  "rankedcount": 13765,
  "replaycount": 1285190,
  "gamesplayed": 40191318,
  "gamesplayed_delta": 2.2705843868460045,
  "gamesfinished": 28063546,
  "gametime": 5535481523.526444,
  "inputs": 20110049217,
  "piecesplaced": 4408811534
}
