{
  "usercount": 848921,
  "usercount_delta": 0.09934432743890324,
  "anoncount": 576371,
  "rankedcount": 14017,
  "replaycount": 1465576,
  "gamesplayed": 44913869,
  "gamesplayed_delta": 2.2849195310947747,
  "gamesfinished": 31653828,
  "gametime": 6281759447.452738,
  "inputs": 22550756988,
  "piecesplaced": 4966945052
}
