{
  "usercount": 837769,
  "usercount_delta": 0.05621451458766654,
  "anoncount": 567673,
  "rankedcount": 14153,
  "replaycount": 1447142,
  "gamesplayed": 44387709,
  "gamesplayed_delta": 2.6795585286787715,
  "gamesfinished": 31254360,
  "gametime": 6199843677.001274,
  "inputs": 22284200354,
  "piecesplaced": 4906134553
}
