{
  "usercount": 8990480,
  "usercount_delta": 0.08967939615873254,
  "anoncount": 6650561,
  "totalaccounts": 15609507,
  "rankedcount": 50948,
  "replaycount": 12888529,
  "gamesplayed": 602940870,
  "gamesplayed_delta": 4.498916373963082,
  "gamesfinished": 469009068,
  "gametime": 105956317960.29018,
  "inputs": 373457948577,
  "piecesplaced": 85789408910
}
