{
  "usercount": 993054,
  "usercount_delta": 0.07250580046403712,
  "anoncount": 686750,
  "rankedcount": 14734,
  "replaycount": 1682537,
  "gamesplayed": 51287083,
  "gamesplayed_delta": 2.755220417633411,
  "gamesfinished": 36577415,
  "gametime": 7290287961.360582,
  "inputs": 25821139578,
  "piecesplaced": 5711850868
}
