{
  "usercount": 783401,
  "usercount_delta": 0.08867763904653803,
  "anoncount": 525188,
  "rankedcount": 13873,
  "replaycount": 1355714,
  "gamesplayed": 41879832,
  "gamesplayed_delta": 1.9509080590238366,
  "gamesfinished": 29342869,
  "gametime": 5803177837.508072,
  "inputs": 20992712189,
  "piecesplaced": 4610595209
}
