{
  "usercount": 7770964,
  "usercount_delta": 0.0870852564660803,
  "anoncount": 5846700,
  "totalaccounts": 11710202,
  "rankedcount": 52708,
  "replaycount": 10416376,
  "gamesplayed": 473941989,
  "gamesplayed_delta": 4.493599233649743,
  "gamesfinished": 369563452,
  "gametime": 82345610368.14845,
  "inputs": 286662858286,
  "piecesplaced": 65505479966
}
