{
  "usercount": 1060943,
  "usercount_delta": 0.04756016360696281,
  "anoncount": 739210,
  "rankedcount": 15765,
  "replaycount": 1785322,
  "gamesplayed": 54412693,
  "gamesplayed_delta": 2.4255683439551032,
  "gamesfinished": 38984487,
  "gametime": 7791103993.764567,
  "inputs": 27453850925,
  "piecesplaced": 6083892589
}
