{
  "usercount": 774626,
  "usercount_delta": 0.017818006877750654,
  "anoncount": 518262,
  "rankedcount": 13859,
  "replaycount": 1338878,
  "gamesplayed": 41430630,
  "gamesplayed_delta": 2.2094328528410814,
  "gamesfinished": 29003611,
  "gametime": 5732248503.762911,
  "inputs": 20756933791,
  "piecesplaced": 4556533264
}
