{
  "usercount": 758747,
  "usercount_delta": 0.09054362391800369,
  "anoncount": 505787,
  "rankedcount": 13860,
  "replaycount": 1305653,
  "gamesplayed": 40641658,
  "gamesplayed_delta": 3.585527507152946,
  "gamesfinished": 28406685,
  "gametime": 5607393923.931317,
  "inputs": 20343896955,
  "piecesplaced": 4461962181
}
