{
  "usercount": 1205646,
  "usercount_delta": 0.047560917608637066,
  "anoncount": 850547,
  "rankedcount": 16989,
  "replaycount": 1975367,
  "gamesplayed": 60075587,
  "gamesplayed_delta": 2.964630530938377,
  "gamesfinished": 43468688,
  "gametime": 8715753709.43027,
  "inputs": 30390568060,
  "piecesplaced": 6747830317
}
