{
  "usercount": 1035928,
  "usercount_delta": 0.05688282138794084,
  "anoncount": 720104,
  "rankedcount": 15422,
  "replaycount": 1750716,
  "gamesplayed": 53382451,
  "gamesplayed_delta": 1.4599924156238149,
  "gamesfinished": 38183004,
  "gametime": 7624824457.324017,
  "inputs": 26914788665,
  "piecesplaced": 5961207558
}
