{
  "usercount": 9642406,
  "usercount_delta": 0.19209611791208983,
  "anoncount": 7151216,
  "totalaccounts": 17091093,
  "rankedcount": 48561,
  "replaycount": 14229113,
  "gamesplayed": 655929356,
  "gamesplayed_delta": 3.562509823096939,
  "gamesfinished": 509372691,
  "gametime": 115819305029.41751,
  "inputs": 410098887824,
  "piecesplaced": 94377376684
}
