{
  "usercount": 1229967,
  "usercount_delta": 0.037921880925293895,
  "anoncount": 869191,
  "rankedcount": 17234,
  "replaycount": 2008683,
  "gamesplayed": 61061687,
  "gamesplayed_delta": 3.299203640500569,
  "gamesfinished": 44261456,
  "gametime": 8880338312.925365,
  "inputs": 30912815282,
  "piecesplaced": 6865286472
}
