{
  "usercount": 8154585,
  "usercount_delta": 0.22967056628148996,
  "anoncount": 6180393,
  "totalaccounts": 12104765,
  "rankedcount": 45138,
  "replaycount": 10835950,
  "gamesplayed": 489657121,
  "gamesplayed_delta": 3.3445776214741976,
  "gamesfinished": 381686653,
  "gametime": 85264717740.69058,
  "inputs": 297553174691,
  "piecesplaced": 68068124443
}
