{
  "usercount": 836311,
  "usercount_delta": 0.09035736337213679,
  "anoncount": 566550,
  "rankedcount": 14088,
  "replaycount": 1444843,
  "gamesplayed": 44316669,
  "gamesplayed_delta": 2.5149466138578074,
  "gamesfinished": 31199543,
  "gametime": 6188237841.138129,
  "inputs": 22246429997,
  "piecesplaced": 4897524612
}
