{
  "usercount": 765389,
  "usercount_delta": 0.06315523556902868,
  "anoncount": 511028,
  "rankedcount": 13973,
  "replaycount": 1319988,
  "gamesplayed": 40962092,
  "gamesplayed_delta": 2.1788556271314894,
  "gamesfinished": 28649909,
  "gametime": 5657996505.653001,
  "inputs": 20510416624,
  "piecesplaced": 4500102356
}
