{
  "usercount": 6336610,
  "usercount_delta": 0.031590586005370395,
  "anoncount": 5061687,
  "rankedcount": 47699,
  "replaycount": 7350717,
  "gamesplayed": 277864534,
  "gamesplayed_delta": 5.16506081187806,
  "gamesfinished": 216617735,
  "gametime": 47416558154.65866,
  "inputs": 161061339552,
  "piecesplaced": 36371785969
}
