{
  "usercount": 776497,
  "usercount_delta": 0.017818006877750654,
  "anoncount": 519768,
  "rankedcount": 13924,
  "replaycount": 1341965,
  "gamesplayed": 41514927,
  "gamesplayed_delta": 2.654883024784848,
  "gamesfinished": 29067731,
  "gametime": 5746102390.058947,
  "inputs": 20803871550,
  "piecesplaced": 4567398697
}
