{
  "usercount": 785297,
  "usercount_delta": 0.07529893677901268,
  "anoncount": 526652,
  "rankedcount": 13949,
  "replaycount": 1358988,
  "gamesplayed": 41967467,
  "gamesplayed_delta": 2.424625764284208,
  "gamesfinished": 29411011,
  "gametime": 5817377306.74111,
  "inputs": 21039073721,
  "piecesplaced": 4621198367
}
