{
  "usercount": 3089117,
  "usercount_delta": 0.07641520968333537,
  "anoncount": 2337062,
  "rankedcount": 30593,
  "replaycount": 4485815,
  "gamesplayed": 145382113,
  "gamesplayed_delta": 4.325100868076782,
  "gamesfinished": 113071840,
  "gametime": 23968708122.939137,
  "inputs": 80374129732,
  "piecesplaced": 17984902986
}
