{
  "usercount": 897898,
  "usercount_delta": 0.07511906371598984,
  "anoncount": 614488,
  "rankedcount": 14312,
  "replaycount": 1540824,
  "gamesplayed": 47129221,
  "gamesplayed_delta": 2.8545244212076137,
  "gamesfinished": 33366645,
  "gametime": 6631687855.491894,
  "inputs": 23680641923,
  "piecesplaced": 5224027906
}
