{
  "usercount": 1264071,
  "usercount_delta": 0,
  "anoncount": 895647,
  "rankedcount": 17609,
  "replaycount": 2054719,
  "gamesplayed": 62367015,
  "gamesplayed_delta": 3.924914675767918,
  "gamesfinished": 45310536,
  "gametime": 9097053613.135132,
  "inputs": 31595288284,
  "piecesplaced": 7018540803
}
