{
  "usercount": 1079403,
  "usercount_delta": 0,
  "anoncount": 753475,
  "rankedcount": 15885,
  "replaycount": 1811963,
  "gamesplayed": 55263616,
  "gamesplayed_delta": 3.7142359700539727,
  "gamesfinished": 39643866,
  "gametime": 7929660138.983065,
  "inputs": 27902762320,
  "piecesplaced": 6186249981
}
