{
  "usercount": 1034914,
  "usercount_delta": 0.09770395701025893,
  "anoncount": 719273,
  "rankedcount": 15381,
  "replaycount": 1749222,
  "gamesplayed": 53333486,
  "gamesplayed_delta": 2.911577918905716,
  "gamesfinished": 38145802,
  "gametime": 7617215796.355913,
  "inputs": 26889298970,
  "piecesplaced": 5955355860
}
