{
  "usercount": 815768,
  "usercount_delta": 0.03004717406327935,
  "anoncount": 550627,
  "rankedcount": 13920,
  "replaycount": 1410547,
  "gamesplayed": 43351238,
  "gamesplayed_delta": 2.0582314233346355,
  "gamesfinished": 30461113,
  "gametime": 6036058208.053506,
  "inputs": 21751575608,
  "piecesplaced": 4784446764
}
