{
  "usercount": 8487658,
  "usercount_delta": 0.30437694040299507,
  "anoncount": 6907764,
  "rankedcount": 44107,
  "replaycount": 9608325,
  "gamesplayed": 371239407,
  "gamesplayed_delta": 4.124307542460583,
  "gamesfinished": 288223763,
  "gametime": 63781109081.670105,
  "inputs": 219660077376,
  "piecesplaced": 49958240363
}
