{
  "usercount": 1120290,
  "usercount_delta": 0.11724245740190714,
  "anoncount": 785142,
  "rankedcount": 16034,
  "replaycount": 1869691,
  "gamesplayed": 57005563,
  "gamesplayed_delta": 4.240268876035642,
  "gamesfinished": 41011686,
  "gametime": 8211772996.577209,
  "inputs": 28812609977,
  "piecesplaced": 6392968074
}
