{
  "usercount": 751221,
  "usercount_delta": 0.05516125473467436,
  "anoncount": 499859,
  "rankedcount": 13709,
  "replaycount": 1289649,
  "gamesplayed": 40282472,
  "gamesplayed_delta": 2.1145147648291838,
  "gamesfinished": 28131317,
  "gametime": 5549987970.541193,
  "inputs": 20156538250,
  "piecesplaced": 4419389567
}
