{
  "usercount": 862299,
  "usercount_delta": 0.045070083980589815,
  "anoncount": 586772,
  "rankedcount": 14163,
  "replaycount": 1486446,
  "gamesplayed": 45515655,
  "gamesplayed_delta": 3.921097306311314,
  "gamesfinished": 32116176,
  "gametime": 6375952448.811809,
  "inputs": 22855627095,
  "piecesplaced": 5036110635
}
