{
  "usercount": 729471,
  "usercount_delta": 0.08760402978537013,
  "anoncount": 482693,
  "rankedcount": 13369,
  "replaycount": 1233832,
  "gamesplayed": 39350167,
  "gamesplayed_delta": 2.540516863775734,
  "gamesfinished": 27421844,
  "gametime": 5403585593.616908,
  "inputs": 19681052235,
  "piecesplaced": 4311567389
}
