{
  "usercount": 1151089,
  "usercount_delta": 0.1172401664810364,
  "anoncount": 809146,
  "rankedcount": 16170,
  "replaycount": 1908924,
  "gamesplayed": 58195620,
  "gamesplayed_delta": 4.22064599331731,
  "gamesfinished": 41957523,
  "gametime": 8404872484.167483,
  "inputs": 29423437101,
  "piecesplaced": 6530779164
}
