{
  "usercount": 1006520,
  "usercount_delta": 0.08764882039295888,
  "anoncount": 697152,
  "rankedcount": 15158,
  "replaycount": 1705337,
  "gamesplayed": 51948012,
  "gamesplayed_delta": 2.0597472792345335,
  "gamesfinished": 37078929,
  "gametime": 7394856603.215823,
  "inputs": 26160347846,
  "piecesplaced": 5789285172
}
