{
  "usercount": 5975627,
  "usercount_delta": 0.2937342806263884,
  "anoncount": 4755934,
  "rankedcount": 44349,
  "replaycount": 6944692,
  "gamesplayed": 263292045,
  "gamesplayed_delta": 7.655449688825247,
  "gamesfinished": 205280861,
  "gametime": 44855317237.064804,
  "inputs": 152160853065,
  "piecesplaced": 34343595578
}
