{
  "usercount": 5774477,
  "usercount_delta": 0.06423123243677238,
  "anoncount": 4130301,
  "rankedcount": 41712,
  "replaycount": 10070810,
  "gamesplayed": 390703401,
  "gamesplayed_delta": 4.0947410678442395,
  "gamesfinished": 303409611,
  "gametime": 67256680496.03188,
  "inputs": 232270497808,
  "piecesplaced": 52877000149
}
