{
  "usercount": 7779770,
  "usercount_delta": 0.10278724752882326,
  "anoncount": 5854295,
  "totalaccounts": 11719288,
  "rankedcount": 52455,
  "replaycount": 10427672,
  "gamesplayed": 474334076,
  "gamesplayed_delta": 3.8031281585664605,
  "gamesfinished": 369863918,
  "gametime": 82421300436.87183,
  "inputs": 286953198714,
  "piecesplaced": 65573998941
}
