{
  "usercount": 769215,
  "usercount_delta": 0.04647488032718316,
  "anoncount": 514030,
  "rankedcount": 13961,
  "replaycount": 1327845,
  "gamesplayed": 41143989,
  "gamesplayed_delta": 1.8125203327601431,
  "gamesfinished": 28787391,
  "gametime": 5686816228.805993,
  "inputs": 20606320286,
  "piecesplaced": 4522067805
}
