{
  "usercount": 8152128,
  "usercount_delta": 0.07195694096652562,
  "anoncount": 6640176,
  "rankedcount": 40829,
  "replaycount": 9100259,
  "gamesplayed": 350982642,
  "gamesplayed_delta": 3.353193449040094,
  "gamesfinished": 272301401,
  "gametime": 60210418170.08633,
  "inputs": 206903044325,
  "piecesplaced": 47016728973
}
