{
  "usercount": 772533,
  "usercount_delta": 0.03747704530974778,
  "anoncount": 516639,
  "rankedcount": 13919,
  "replaycount": 1334413,
  "gamesplayed": 41313263,
  "gamesplayed_delta": 2.4734849904433536,
  "gamesfinished": 28914030,
  "gametime": 5713481054.8852,
  "inputs": 20694954503,
  "piecesplaced": 4542359903
}
