{
  "usercount": 1048182,
  "usercount_delta": 0.0786435559470257,
  "anoncount": 729371,
  "rankedcount": 15698,
  "replaycount": 1767215,
  "gamesplayed": 53860059,
  "gamesplayed_delta": 2.5480512126836325,
  "gamesfinished": 38552695,
  "gametime": 7701255795.073477,
  "inputs": 27163701059,
  "piecesplaced": 6018042396
}
