{
  "usercount": 9279880,
  "usercount_delta": 0.315994592981409,
  "anoncount": 6887596,
  "totalaccounts": 16122710,
  "rankedcount": 53282,
  "replaycount": 13349094,
  "gamesplayed": 619895720,
  "gamesplayed_delta": 5.565015887505925,
  "gamesfinished": 482091716,
  "gametime": 109120432472.7951,
  "inputs": 385051438879,
  "piecesplaced": 88487321179
}
