{
  "usercount": 6004728,
  "usercount_delta": 0.25994281258123214,
  "anoncount": 4296937,
  "rankedcount": 43181,
  "replaycount": 10525683,
  "gamesplayed": 409400866,
  "gamesplayed_delta": 3.595875574040378,
  "gamesfinished": 318137563,
  "gametime": 70489614760.66853,
  "inputs": 243836946416,
  "piecesplaced": 55567767921
}
