{
  "usercount": 8487444,
  "usercount_delta": 0.17362618282837053,
  "anoncount": 6922355,
  "rankedcount": 43560,
  "replaycount": 9494271,
  "gamesplayed": 366700681,
  "gamesplayed_delta": 5.972740689295946,
  "gamesfinished": 284658842,
  "gametime": 62970325311.55996,
  "inputs": 216731138406,
  "piecesplaced": 49283014742
}
