{
  "usercount": 955425,
  "usercount_delta": 0.0594124112527107,
  "anoncount": 657777,
  "rankedcount": 14493,
  "replaycount": 1624818,
  "gamesplayed": 49563723,
  "gamesplayed_delta": 2.4062026557347833,
  "gamesfinished": 35249593,
  "gametime": 7017549814.160812,
  "inputs": 24933079876,
  "piecesplaced": 5509315421
}
