{
  "usercount": 751028,
  "usercount_delta": 0.06951081762099226,
  "anoncount": 499707,
  "rankedcount": 13699,
  "replaycount": 1289297,
  "gamesplayed": 40275135,
  "gamesplayed_delta": 2.676166478408202,
  "gamesfinished": 28125808,
  "gametime": 5548782729.0755415,
  "inputs": 20152561672,
  "piecesplaced": 4418499387
}
