{
  "usercount": 5488062,
  "usercount_delta": 0.21330408020233416,
  "anoncount": 4342590,
  "rankedcount": 43603,
  "replaycount": 6436502,
  "gamesplayed": 244099393,
  "gamesplayed_delta": 5.972514245665356,
  "gamesfinished": 190301872,
  "gametime": 41472492481.84045,
  "inputs": 140385598278,
  "piecesplaced": 31652836133
}
