{
  "usercount": 1788319,
  "usercount_delta": 0.127228486458118,
  "anoncount": 1302157,
  "rankedcount": 25033,
  "replaycount": 2780666,
  "gamesplayed": 84081658,
  "gamesplayed_delta": 5.932028181109751,
  "gamesfinished": 63081100,
  "gametime": 12884053119.682661,
  "inputs": 43682997747,
  "piecesplaced": 9718393097
}
