{
  "usercount": 1237612,
  "usercount_delta": 0.09672302394862073,
  "anoncount": 875176,
  "rankedcount": 17283,
  "replaycount": 2018739,
  "gamesplayed": 61365314,
  "gamesplayed_delta": 4.043022401052347,
  "gamesfinished": 44505236,
  "gametime": 8930827616.757627,
  "inputs": 31071748074,
  "piecesplaced": 6900989593
}
