{
  "usercount": 1062030,
  "usercount_delta": 0.1323342100474749,
  "anoncount": 740088,
  "rankedcount": 15621,
  "replaycount": 1786694,
  "gamesplayed": 54451883,
  "gamesplayed_delta": 2.0346384794799266,
  "gamesfinished": 39013489,
  "gametime": 7797040936.706847,
  "inputs": 27474221866,
  "piecesplaced": 6088603007
}
