{
  "usercount": 847447,
  "usercount_delta": 0.01433219153540768,
  "anoncount": 575213,
  "rankedcount": 13965,
  "replaycount": 1463499,
  "gamesplayed": 44845790,
  "gamesplayed_delta": 2.321815028736044,
  "gamesfinished": 31601306,
  "gametime": 6270845725.685923,
  "inputs": 22515916735,
  "piecesplaced": 4959020303
}
