{
  "usercount": 1179767,
  "usercount_delta": 0.14156285390713477,
  "anoncount": 830513,
  "rankedcount": 16571,
  "replaycount": 1942686,
  "gamesplayed": 59130356,
  "gamesplayed_delta": 3.712092613564867,
  "gamesfinished": 42708610,
  "gametime": 8560110206.1617985,
  "inputs": 29907055039,
  "piecesplaced": 6639641074
}
