{
  "usercount": 1223460,
  "usercount_delta": 0.04718613356821542,
  "anoncount": 864114,
  "rankedcount": 17211,
  "replaycount": 2000260,
  "gamesplayed": 60797153,
  "gamesplayed_delta": 2.78398188052471,
  "gamesfinished": 44049495,
  "gametime": 8836841905.545935,
  "inputs": 30774778392,
  "piecesplaced": 6834230008
}
