{
  "usercount": 1064658,
  "usercount_delta": 0.07574036203893054,
  "anoncount": 742120,
  "rankedcount": 15722,
  "replaycount": 1790449,
  "gamesplayed": 54572902,
  "gamesplayed_delta": 4.714837536923427,
  "gamesfinished": 39109453,
  "gametime": 7817755305.5049095,
  "inputs": 27537937966,
  "piecesplaced": 6103180997
}
