{
  "usercount": 5661770,
  "usercount_delta": 0.29492145258646113,
  "anoncount": 4490163,
  "rankedcount": 43323,
  "replaycount": 6617911,
  "gamesplayed": 251060333,
  "gamesplayed_delta": 6.999469141385345,
  "gamesfinished": 195704902,
  "gametime": 42697685734.100914,
  "inputs": 144662414975,
  "piecesplaced": 32631584470
}
