{
  "usercount": 9588958,
  "usercount_delta": 0.2278682921271505,
  "anoncount": 7123533,
  "totalaccounts": 16840882,
  "rankedcount": 51799,
  "replaycount": 14003132,
  "gamesplayed": 645915421,
  "gamesplayed_delta": 4.589918455704032,
  "gamesfinished": 501848282,
  "gametime": 113951175484.20955,
  "inputs": 402958320642,
  "piecesplaced": 92683724435
}
