{
  "usercount": 1030265,
  "usercount_delta": 0.11361269432504592,
  "anoncount": 715607,
  "rankedcount": 15336,
  "replaycount": 1742464,
  "gamesplayed": 53103759,
  "gamesplayed_delta": 2.802446460017799,
  "gamesfinished": 37970293,
  "gametime": 7580347363.34345,
  "inputs": 26767348119,
  "piecesplaced": 5927507482
}
