{
  "usercount": 747791,
  "usercount_delta": 0.044369509273227435,
  "anoncount": 497165,
  "rankedcount": 13709,
  "replaycount": 1281890,
  "gamesplayed": 40126985,
  "gamesplayed_delta": 2.410743337178691,
  "gamesfinished": 28015133,
  "gametime": 5525752047.329738,
  "inputs": 20077904699,
  "piecesplaced": 4401511385
}
