{
  "usercount": 5736267,
  "usercount_delta": 0.08580450302031851,
  "anoncount": 4102253,
  "rankedcount": 42006,
  "replaycount": 9997644,
  "gamesplayed": 387628330,
  "gamesplayed_delta": 4.1700988467874796,
  "gamesfinished": 301011663,
  "gametime": 66714717064.571945,
  "inputs": 230299847412,
  "piecesplaced": 52420986105
}
