{
  "usercount": 5931416,
  "usercount_delta": 0.14220480652246045,
  "anoncount": 4238462,
  "rankedcount": 42528,
  "replaycount": 10414041,
  "gamesplayed": 405008205,
  "gamesplayed_delta": 5.16677463698273,
  "gamesfinished": 314661524,
  "gametime": 69727055093.74611,
  "inputs": 241103107521,
  "piecesplaced": 54931789727
}
