{
  "usercount": 813382,
  "usercount_delta": 0,
  "anoncount": 548721,
  "rankedcount": 13836,
  "replaycount": 1406403,
  "gamesplayed": 43237421,
  "gamesplayed_delta": 2.285971256722067,
  "gamesfinished": 30375042,
  "gametime": 6018261067.314931,
  "inputs": 21693878601,
  "piecesplaced": 4771212711
}
