{
  "usercount": 8307733,
  "usercount_delta": 0.1406717074028486,
  "anoncount": 6775683,
  "rankedcount": 42182,
  "replaycount": 9250921,
  "gamesplayed": 357148019,
  "gamesplayed_delta": 4.554246527167224,
  "gamesfinished": 277140501,
  "gametime": 61285105479.87381,
  "inputs": 210722488578,
  "piecesplaced": 47899537255
}
