{
  "usercount": 1258608,
  "usercount_delta": 0.05688282138794084,
  "anoncount": 891466,
  "rankedcount": 17647,
  "replaycount": 2048059,
  "gamesplayed": 62177067,
  "gamesplayed_delta": 2.123625331816458,
  "gamesfinished": 45159261,
  "gametime": 9065225021.331467,
  "inputs": 31495419468,
  "piecesplaced": 6996153519
}
