{
  "usercount": 1195360,
  "usercount_delta": 0.05862122870095357,
  "anoncount": 842524,
  "rankedcount": 16708,
  "replaycount": 1963115,
  "gamesplayed": 59714984,
  "gamesplayed_delta": 3.3023292168203846,
  "gamesfinished": 43177920,
  "gametime": 8657004385.971556,
  "inputs": 30208615429,
  "piecesplaced": 6707186830
}
