{
  "usercount": 943609,
  "usercount_delta": 0.052698145025295115,
  "anoncount": 648908,
  "rankedcount": 14355,
  "replaycount": 1609406,
  "gamesplayed": 49045838,
  "gamesplayed_delta": 3.688870151770658,
  "gamesfinished": 34849257,
  "gametime": 6935445065.659493,
  "inputs": 24664773808,
  "piecesplaced": 5448066225
}
