{
  "usercount": 1153177,
  "usercount_delta": 0.07071260628988633,
  "anoncount": 810756,
  "rankedcount": 16248,
  "replaycount": 1911943,
  "gamesplayed": 58288188,
  "gamesplayed_delta": 3.942227800661163,
  "gamesfinished": 42031912,
  "gametime": 8420317588.891553,
  "inputs": 29474447833,
  "piecesplaced": 6542400851
}
