{
  "usercount": 932460,
  "usercount_delta": 0.0936908576461109,
  "anoncount": 640370,
  "rankedcount": 14392,
  "replaycount": 1594435,
  "gamesplayed": 48603628,
  "gamesplayed_delta": 2.098675211272884,
  "gamesfinished": 34506914,
  "gametime": 6864798763.591748,
  "inputs": 24436776817,
  "piecesplaced": 5396295641
}
