{
  "usercount": 7137811,
  "usercount_delta": 0.1694732463370669,
  "anoncount": 5742247,
  "rankedcount": 40413,
  "replaycount": 8262171,
  "gamesplayed": 315330908,
  "gamesplayed_delta": 5.407737224028225,
  "gamesfinished": 244990198,
  "gametime": 54041785229.43885,
  "inputs": 184758132265,
  "piecesplaced": 41870473154
}
