{
  "usercount": 820871,
  "usercount_delta": 0.03547105561861521,
  "anoncount": 554646,
  "rankedcount": 13963,
  "replaycount": 1419495,
  "gamesplayed": 43595401,
  "gamesplayed_delta": 2.749006810442679,
  "gamesfinished": 30648101,
  "gametime": 6074545197.829987,
  "inputs": 21876171189,
  "piecesplaced": 4812918141
}
