{
  "usercount": 5263231,
  "usercount_delta": 0.1136385158809826,
  "anoncount": 4151826,
  "rankedcount": 42347,
  "replaycount": 6197304,
  "gamesplayed": 235391056,
  "gamesplayed_delta": 5.757684804636452,
  "gamesfinished": 183520951,
  "gametime": 39938440447.384995,
  "inputs": 135070031635,
  "piecesplaced": 30441209125
}
