{
  "usercount": 805898,
  "usercount_delta": 0.07495268611688871,
  "anoncount": 542900,
  "rankedcount": 13893,
  "replaycount": 1392948,
  "gamesplayed": 42880068,
  "gamesplayed_delta": 2.304795098094328,
  "gamesfinished": 30104499,
  "gametime": 5962161069.9261875,
  "inputs": 21511307308,
  "piecesplaced": 4729579891
}
