{
  "usercount": 8631549,
  "usercount_delta": 0.1199616122840691,
  "anoncount": 6354752,
  "totalaccounts": 14954732,
  "rankedcount": 49518,
  "replaycount": 12341803,
  "gamesplayed": 582621228,
  "gamesplayed_delta": 5.658189379398593,
  "gamesfinished": 453339143,
  "gametime": 102190324380.50774,
  "inputs": 359644301737,
  "piecesplaced": 82564871677
}
