{
  "usercount": 6652234,
  "usercount_delta": 0.3678660266965631,
  "anoncount": 4856442,
  "rankedcount": 54775,
  "replaycount": 9173146,
  "gamesplayed": 434082808,
  "gamesplayed_delta": 7.059524226605473,
  "gamesfinished": 337870635,
  "gametime": 74915719764.7916,
  "inputs": 259643154399,
  "piecesplaced": 59222994223
}
