{
  "usercount": 1217635,
  "usercount_delta": 0.01893580761219466,
  "anoncount": 859645,
  "rankedcount": 16984,
  "replaycount": 1991411,
  "gamesplayed": 60535081,
  "gamesplayed_delta": 3.162279871236508,
  "gamesfinished": 43839204,
  "gametime": 8792658600.33617,
  "inputs": 30632865015,
  "piecesplaced": 6802210817
}
