{
  "usercount": 1222086,
  "usercount_delta": 0.08270888127967181,
  "anoncount": 863068,
  "rankedcount": 17161,
  "replaycount": 1997879,
  "gamesplayed": 60733254,
  "gamesplayed_delta": 0.31429374886275285,
  "gamesfinished": 43998388,
  "gametime": 8826244126.150593,
  "inputs": 30741009336,
  "piecesplaced": 6826655742
}
