{
  "usercount": 904324,
  "usercount_delta": 0.37263163929257315,
  "anoncount": 619245,
  "rankedcount": 14362,
  "replaycount": 1549483,
  "gamesplayed": 47390937,
  "gamesplayed_delta": 5.317166852982486,
  "gamesfinished": 33569039,
  "gametime": 6673503916.745531,
  "inputs": 23817151749,
  "piecesplaced": 5255391550
}
