{
  "usercount": 978649,
  "usercount_delta": 0.058002117077273325,
  "anoncount": 675559,
  "rankedcount": 14776,
  "replaycount": 1659916,
  "gamesplayed": 50600326,
  "gamesplayed_delta": 3.2481185563273063,
  "gamesfinished": 36046906,
  "gametime": 7180313522.424643,
  "inputs": 25461526642,
  "piecesplaced": 5629629888
}
