{
  "usercount": 1073389,
  "usercount_delta": 0.09672676623075137,
  "anoncount": 748823,
  "rankedcount": 15875,
  "replaycount": 1803220,
  "gamesplayed": 54992786,
  "gamesplayed_delta": 3.327400758337847,
  "gamesfinished": 39433938,
  "gametime": 7885839390.929624,
  "inputs": 27761276779,
  "piecesplaced": 6154129548
}
