{
  "usercount": 5937966,
  "usercount_delta": 0.09567699446668049,
  "anoncount": 4243474,
  "rankedcount": 42604,
  "replaycount": 10425723,
  "gamesplayed": 405468430,
  "gamesplayed_delta": 2.742740508044841,
  "gamesfinished": 315018763,
  "gametime": 69808057797.21242,
  "inputs": 241398618755,
  "piecesplaced": 55000971768
}
