{
  "usercount": 766592,
  "usercount_delta": 0.07822400225285127,
  "anoncount": 511958,
  "rankedcount": 13864,
  "replaycount": 1322594,
  "gamesplayed": 41019970,
  "gamesplayed_delta": 1.548835244606455,
  "gamesfinished": 28693494,
  "gametime": 5667208230.423695,
  "inputs": 20541091021,
  "piecesplaced": 4507155979
}
