{
  "usercount": 6157717,
  "usercount_delta": 0.08666512595331638,
  "anoncount": 4426532,
  "rankedcount": 45295,
  "replaycount": 10698178,
  "gamesplayed": 416231049,
  "gamesplayed_delta": 3.856598104922579,
  "gamesfinished": 323624365,
  "gametime": 71692846075.48535,
  "inputs": 248107328761,
  "piecesplaced": 56556575105
}
