{
  "usercount": 1007968,
  "usercount_delta": 0.04746234653841286,
  "anoncount": 698236,
  "rankedcount": 15070,
  "replaycount": 1707885,
  "gamesplayed": 52024353,
  "gamesplayed_delta": 4.682951525123403,
  "gamesfinished": 37137907,
  "gametime": 7406803469.199538,
  "inputs": 26199064290,
  "piecesplaced": 5798090985
}
