{
  "usercount": 8963275,
  "usercount_delta": 0.20432835566755778,
  "anoncount": 6738812,
  "totalaccounts": 14504279,
  "rankedcount": 49548,
  "replaycount": 11864477,
  "gamesplayed": 566366762,
  "gamesplayed_delta": 4.188731291184935,
  "gamesfinished": 440993790,
  "gametime": 99186283507.66284,
  "inputs": 348614371400,
  "piecesplaced": 79989568558
}
