{
  "usercount": 868965,
  "usercount_delta": 0.09168984382163269,
  "anoncount": 591990,
  "rankedcount": 14204,
  "replaycount": 1495703,
  "gamesplayed": 45800811,
  "gamesplayed_delta": 2.4756257831840824,
  "gamesfinished": 32339291,
  "gametime": 6422651405.634616,
  "inputs": 23003069662,
  "piecesplaced": 5069929216
}
