{
  "usercount": 1078028,
  "usercount_delta": 0.04962450789029675,
  "anoncount": 752403,
  "rankedcount": 15838,
  "replaycount": 1809875,
  "gamesplayed": 55203913,
  "gamesplayed_delta": 2.200019849803156,
  "gamesfinished": 39597619,
  "gametime": 7919877138.699682,
  "inputs": 27871229164,
  "piecesplaced": 6179107601
}
