{
  "usercount": 1041807,
  "usercount_delta": 0.017678151572471584,
  "anoncount": 724475,
  "rankedcount": 15479,
  "replaycount": 1758545,
  "gamesplayed": 53613381,
  "gamesplayed_delta": 2.79314794845051,
  "gamesfinished": 38361575,
  "gametime": 7662033233.644242,
  "inputs": 27035690220,
  "piecesplaced": 5988802775
}
