{
  "usercount": 1091134,
  "usercount_delta": 0.06292078273453722,
  "anoncount": 762503,
  "rankedcount": 15910,
  "replaycount": 1827789,
  "gamesplayed": 55729296,
  "gamesplayed_delta": 2.0921160259233624,
  "gamesfinished": 40010581,
  "gametime": 8005345519.429868,
  "inputs": 28144283342,
  "piecesplaced": 6241009540
}
