{
  "usercount": 7869043,
  "usercount_delta": 0.28541867351671485,
  "anoncount": 5930824,
  "totalaccounts": 11811226,
  "rankedcount": 50524,
  "replaycount": 10528735,
  "gamesplayed": 477809307,
  "gamesplayed_delta": 3.532056084769346,
  "gamesfinished": 372552260,
  "gametime": 83071298592.78297,
  "inputs": 289370768220,
  "piecesplaced": 66141371951
}
