{
  "usercount": 757978,
  "usercount_delta": 0.08713989438644801,
  "anoncount": 505191,
  "rankedcount": 13824,
  "replaycount": 1304119,
  "gamesplayed": 40604892,
  "gamesplayed_delta": 1.8647937398699874,
  "gamesfinished": 28378522,
  "gametime": 5601317989.180478,
  "inputs": 20324185080,
  "piecesplaced": 4457498985
}
