{
  "usercount": 1243416,
  "usercount_delta": 0.07574323044877863,
  "anoncount": 879596,
  "rankedcount": 17472,
  "replaycount": 2026601,
  "gamesplayed": 61575310,
  "gamesplayed_delta": 4.165877674682825,
  "gamesfinished": 44675053,
  "gametime": 8965492383.633406,
  "inputs": 31180519663,
  "piecesplaced": 6925442959
}
