{
  "usercount": 1230211,
  "usercount_delta": 0.03787018101946527,
  "anoncount": 869367,
  "rankedcount": 17246,
  "replaycount": 2009109,
  "gamesplayed": 61072916,
  "gamesplayed_delta": 3.0864197530864197,
  "gamesfinished": 44270152,
  "gametime": 8882165710.885733,
  "inputs": 30918644769,
  "piecesplaced": 6866601291
}
