{
  "usercount": 1091759,
  "usercount_delta": 0.03868920957944829,
  "anoncount": 762991,
  "rankedcount": 15939,
  "replaycount": 1828752,
  "gamesplayed": 55758472,
  "gamesplayed_delta": 2.3213525747668973,
  "gamesfinished": 40033447,
  "gametime": 8010033957.895321,
  "inputs": 28159729394,
  "piecesplaced": 6244508869
}
