{
  "usercount": 1137056,
  "usercount_delta": 0.09512032721392562,
  "anoncount": 798419,
  "rankedcount": 16193,
  "replaycount": 1891933,
  "gamesplayed": 57674227,
  "gamesplayed_delta": 2.821903040679793,
  "gamesfinished": 41539625,
  "gametime": 8319852555.606608,
  "inputs": 29157197676,
  "piecesplaced": 6470860032
}
