{
  "usercount": 782997,
  "usercount_delta": 0.03685277317118113,
  "anoncount": 524877,
  "rankedcount": 13862,
  "replaycount": 1355115,
  "gamesplayed": 41862677,
  "gamesplayed_delta": 2.8560899207665376,
  "gamesfinished": 29329866,
  "gametime": 5800366400.859157,
  "inputs": 20983314401,
  "piecesplaced": 4608424802
}
