{
  "usercount": 896649,
  "usercount_delta": 0.04299595837991229,
  "anoncount": 613502,
  "rankedcount": 14275,
  "replaycount": 1539048,
  "gamesplayed": 47078915,
  "gamesplayed_delta": 4.6292315189038895,
  "gamesfinished": 33326966,
  "gametime": 6623682461.444557,
  "inputs": 23655269334,
  "piecesplaced": 5218381448
}
