{
  "usercount": 879733,
  "usercount_delta": 0.03513086246267346,
  "anoncount": 600369,
  "rankedcount": 14230,
  "replaycount": 1512758,
  "gamesplayed": 46303455,
  "gamesplayed_delta": 2.3537677849991216,
  "gamesfinished": 32728760,
  "gametime": 6502219097.025132,
  "inputs": 23261872425,
  "piecesplaced": 5128919334
}
