{
  "usercount": 870141,
  "usercount_delta": 0.030118213989910398,
  "anoncount": 592908,
  "rankedcount": 14256,
  "replaycount": 1497707,
  "gamesplayed": 45861046,
  "gamesplayed_delta": 2.28898426323319,
  "gamesfinished": 32386109,
  "gametime": 6432275964.214308,
  "inputs": 23034704555,
  "piecesplaced": 5077136710
}
