{
  "usercount": 1199897,
  "usercount_delta": 0.17302126588649805,
  "anoncount": 846055,
  "rankedcount": 16834,
  "replaycount": 1968692,
  "gamesplayed": 59871207,
  "gamesplayed_delta": 3.539071347678369,
  "gamesfinished": 43302062,
  "gametime": 8682231741.050991,
  "inputs": 30286095165,
  "piecesplaced": 6724446806
}
