{
  "usercount": 1016130,
  "usercount_delta": 0.05843254692863925,
  "anoncount": 704658,
  "rankedcount": 15233,
  "replaycount": 1720964,
  "gamesplayed": 52417812,
  "gamesplayed_delta": 3.91498064421883,
  "gamesfinished": 37441959,
  "gametime": 7469357390.328168,
  "inputs": 26404764470,
  "piecesplaced": 5844830446
}
