{
  "usercount": 5166649,
  "usercount_delta": 0.1874297138573035,
  "anoncount": 4070736,
  "rankedcount": 42298,
  "replaycount": 6160017,
  "gamesplayed": 231649180,
  "gamesplayed_delta": 5.747844558290641,
  "gamesfinished": 180614349,
  "gametime": 39281652064.61105,
  "inputs": 132787350686,
  "piecesplaced": 29920532966
}
