{
  "usercount": 890652,
  "usercount_delta": 0.07495409061949555,
  "anoncount": 608790,
  "rankedcount": 14269,
  "replaycount": 1529612,
  "gamesplayed": 46799953,
  "gamesplayed_delta": 3.897612712213769,
  "gamesfinished": 33111959,
  "gametime": 6579572665.936313,
  "inputs": 23512722658,
  "piecesplaced": 5186039340
}
