{
  "usercount": 9451028,
  "usercount_delta": 0.12728661308506384,
  "anoncount": 7027918,
  "totalaccounts": 16430772,
  "rankedcount": 54093,
  "replaycount": 13620849,
  "gamesplayed": 630154942,
  "gamesplayed_delta": 3.345819543950249,
  "gamesfinished": 489966197,
  "gametime": 111014390694.85301,
  "inputs": 391971202067,
  "piecesplaced": 90097460981
}
