{
  "usercount": 1151659,
  "usercount_delta": 0.07071385638015769,
  "anoncount": 809591,
  "rankedcount": 16184,
  "replaycount": 1909594,
  "gamesplayed": 58220769,
  "gamesplayed_delta": 2.9169465756815045,
  "gamesfinished": 41978401,
  "gametime": 8409138469.836401,
  "inputs": 29437107007,
  "piecesplaced": 6533850748
}
