{
  "usercount": 843373,
  "usercount_delta": 0.1656576609138279,
  "anoncount": 572016,
  "rankedcount": 13999,
  "replaycount": 1456205,
  "gamesplayed": 44654077,
  "gamesplayed_delta": 2.680642149332851,
  "gamesfinished": 31456141,
  "gametime": 6240945738.31768,
  "inputs": 22418404032,
  "piecesplaced": 4936792307
}
