{
  "usercount": 1149373,
  "usercount_delta": 0.07574466473517771,
  "anoncount": 807837,
  "rankedcount": 16135,
  "replaycount": 1907245,
  "gamesplayed": 58133162,
  "gamesplayed_delta": 3.16233975269367,
  "gamesfinished": 41905776,
  "gametime": 8394059092.718901,
  "inputs": 29390164194,
  "piecesplaced": 6523283916
}
