{
  "usercount": 1220364,
  "usercount_delta": 0.01893580761219466,
  "anoncount": 861728,
  "rankedcount": 17075,
  "replaycount": 1994676,
  "gamesplayed": 60646856,
  "gamesplayed_delta": 4.241620905131604,
  "gamesfinished": 43930660,
  "gametime": 8811603373.350937,
  "inputs": 30691931427,
  "piecesplaced": 6815440818
}
