{
  "usercount": 8498640,
  "usercount_delta": 0.26162410430080957,
  "anoncount": 6917562,
  "rankedcount": 44037,
  "replaycount": 9617654,
  "gamesplayed": 371659499,
  "gamesplayed_delta": 4.185985668812953,
  "gamesfinished": 288554074,
  "gametime": 63856966615.98949,
  "inputs": 219933892054,
  "piecesplaced": 50021660781
}
