{
  "usercount": 3212059,
  "usercount_delta": 0.10985590567039567,
  "anoncount": 2437329,
  "rankedcount": 31238,
  "replaycount": 3745151,
  "gamesplayed": 150959170,
  "gamesplayed_delta": 4.632257355768351,
  "gamesfinished": 117581317,
  "gametime": 24961453349.123478,
  "inputs": 83705307554,
  "piecesplaced": 18740290302
}
