{
  "usercount": 2032616,
  "usercount_delta": 0.14024152707440593,
  "anoncount": 1491414,
  "rankedcount": 30556,
  "replaycount": 3142411,
  "gamesplayed": 94506923,
  "gamesplayed_delta": 6.404363069731204,
  "gamesfinished": 71719713,
  "gametime": 14788673951.017616,
  "inputs": 49837365680,
  "piecesplaced": 11078947913
}
