{
  "usercount": 1151360,
  "usercount_delta": 0.10606703436571914,
  "anoncount": 809346,
  "rankedcount": 16178,
  "replaycount": 1909271,
  "gamesplayed": 58208577,
  "gamesplayed_delta": 5.144251166737378,
  "gamesfinished": 41968394,
  "gametime": 8407089369.815507,
  "inputs": 29430577843,
  "piecesplaced": 6532379376
}
