{
  "usercount": 9220847,
  "usercount_delta": 0.21472063311912395,
  "anoncount": 6838899,
  "totalaccounts": 16022546,
  "rankedcount": 53036,
  "replaycount": 13257851,
  "gamesplayed": 616537780,
  "gamesplayed_delta": 4.539807671661478,
  "gamesfinished": 479508921,
  "gametime": 108497660568.67815,
  "inputs": 382773884023,
  "piecesplaced": 87958123209
}
