{
  "usercount": 9069455,
  "usercount_delta": 0.0891440389381162,
  "anoncount": 6831707,
  "totalaccounts": 14613402,
  "rankedcount": 49301,
  "replaycount": 11984830,
  "gamesplayed": 570367106,
  "gamesplayed_delta": 4.1006257911533455,
  "gamesfinished": 444031930,
  "gametime": 99924629792.97305,
  "inputs": 351326952742,
  "piecesplaced": 80622453943
}
