{
  "usercount": 1180109,
  "usercount_delta": 0.09512032721392562,
  "anoncount": 830788,
  "rankedcount": 16579,
  "replaycount": 1943052,
  "gamesplayed": 59141634,
  "gamesplayed_delta": 2.8377564285487806,
  "gamesfinished": 42717841,
  "gametime": 8561965631.093223,
  "inputs": 29912883254,
  "piecesplaced": 6640964362
}
