{
  "usercount": 9565035,
  "usercount_delta": 0.2554017469479491,
  "anoncount": 7109772,
  "totalaccounts": 16742626,
  "rankedcount": 52839,
  "replaycount": 13911175,
  "gamesplayed": 641753871,
  "gamesplayed_delta": 3.7629190716997836,
  "gamesfinished": 498742310,
  "gametime": 113169003899.67877,
  "inputs": 399974216753,
  "piecesplaced": 91974029086
}
