{
  "usercount": 1063542,
  "usercount_delta": 0.05303445471741475,
  "anoncount": 741278,
  "rankedcount": 15682,
  "replaycount": 1789030,
  "gamesplayed": 54524880,
  "gamesplayed_delta": 4.101331164813407,
  "gamesfinished": 39070760,
  "gametime": 7809156745.471489,
  "inputs": 27513358741,
  "piecesplaced": 6097504900
}
