{
  "usercount": 1229767,
  "usercount_delta": 0.04755940962919514,
  "anoncount": 869032,
  "rankedcount": 17225,
  "replaycount": 2008324,
  "gamesplayed": 61051233,
  "gamesplayed_delta": 5.136416239953075,
  "gamesfinished": 44253388,
  "gametime": 8878656799.56863,
  "inputs": 30907475416,
  "piecesplaced": 6864083612
}
