{
  "usercount": 757410,
  "usercount_delta": 0.018108396863625663,
  "anoncount": 504729,
  "rankedcount": 13952,
  "replaycount": 1303020,
  "gamesplayed": 40580034,
  "gamesplayed_delta": 1.9738152581351973,
  "gamesfinished": 28359317,
  "gametime": 5597398889.813354,
  "inputs": 20311265261,
  "piecesplaced": 4454546843
}
