{
  "usercount": 1192553,
  "usercount_delta": 0.09480290476100188,
  "anoncount": 840286,
  "rankedcount": 16612,
  "replaycount": 1959503,
  "gamesplayed": 59606910,
  "gamesplayed_delta": 3.54562863806147,
  "gamesfinished": 43089787,
  "gametime": 8638609695.125742,
  "inputs": 30151678038,
  "piecesplaced": 6694478240
}
