{
  "usercount": 1008828,
  "usercount_delta": 0.015820531886282015,
  "anoncount": 698904,
  "rankedcount": 15117,
  "replaycount": 1709357,
  "gamesplayed": 52071132,
  "gamesplayed_delta": 2.3256181872834563,
  "gamesfinished": 37174402,
  "gametime": 7414488461.849797,
  "inputs": 26224217942,
  "piecesplaced": 5803808932
}
