{
  "usercount": 1221151,
  "usercount_delta": 0.0189602214553866,
  "anoncount": 862336,
  "rankedcount": 17114,
  "replaycount": 1996158,
  "gamesplayed": 60688350,
  "gamesplayed_delta": 2.5406696750218045,
  "gamesfinished": 43964105,
  "gametime": 8818847333.554638,
  "inputs": 30716271123,
  "piecesplaced": 6820976110
}
