{
  "usercount": 9394219,
  "usercount_delta": 0.11941367883691077,
  "anoncount": 6982149,
  "totalaccounts": 16320048,
  "rankedcount": 54182,
  "replaycount": 13522735,
  "gamesplayed": 626335509,
  "gamesplayed_delta": 4.298892438128788,
  "gamesfinished": 487044453,
  "gametime": 110305180749.94705,
  "inputs": 389367175921,
  "piecesplaced": 89489423046
}
