{
  "usercount": 5755429,
  "usercount_delta": 0.049477191014942114,
  "anoncount": 4128430,
  "rankedcount": 42337,
  "replaycount": 9945225,
  "gamesplayed": 385537262,
  "gamesplayed_delta": 4.469439588349771,
  "gamesfinished": 299398781,
  "gametime": 66342848411.234604,
  "inputs": 228944999607,
  "piecesplaced": 52106460276
}
