{
  "usercount": 1002154,
  "usercount_delta": 0.07629860220960752,
  "anoncount": 693745,
  "rankedcount": 14922,
  "replaycount": 1697226,
  "gamesplayed": 51722651,
  "gamesplayed_delta": 3.2503204541292807,
  "gamesfinished": 36907482,
  "gametime": 7358579081.365016,
  "inputs": 26041838958,
  "piecesplaced": 5762232504
}
