{
  "usercount": 1224477,
  "usercount_delta": 0.17064522856980338,
  "anoncount": 864897,
  "rankedcount": 17241,
  "replaycount": 2001440,
  "gamesplayed": 60839308,
  "gamesplayed_delta": 3.54562863806147,
  "gamesfinished": 44083234,
  "gametime": 8843697472.108545,
  "inputs": 30796093401,
  "piecesplaced": 6839014118
}
