{
  "usercount": 5789148,
  "usercount_delta": 0.1754190122314893,
  "anoncount": 4142808,
  "rankedcount": 41689,
  "replaycount": 10082929,
  "gamesplayed": 391188080,
  "gamesplayed_delta": 3.7635351715119523,
  "gamesfinished": 303793340,
  "gametime": 67342205313.88045,
  "inputs": 232569899604,
  "piecesplaced": 52945726436
}
