{
  "usercount": 1118387,
  "usercount_delta": 0.1426782288875854,
  "anoncount": 783695,
  "rankedcount": 16130,
  "replaycount": 1867179,
  "gamesplayed": 56921944,
  "gamesplayed_delta": 2.885270850837838,
  "gamesfinished": 40945304,
  "gametime": 8198296435.996702,
  "inputs": 28770379079,
  "piecesplaced": 6383370002
}
