{
  "usercount": 3160971,
  "usercount_delta": 0,
  "anoncount": 2395910,
  "rankedcount": 30751,
  "replaycount": 3643444,
  "gamesplayed": 148612980,
  "gamesplayed_delta": 4.457429673746114,
  "gamesfinished": 115686856,
  "gametime": 24544653330.609253,
  "inputs": 82306762005,
  "piecesplaced": 18423677238
}
