{
  "usercount": 879868,
  "usercount_delta": 0.02866397225327486,
  "anoncount": 600481,
  "rankedcount": 14236,
  "replaycount": 1512994,
  "gamesplayed": 46310691,
  "gamesplayed_delta": 2.9093931837073983,
  "gamesfinished": 32734066,
  "gametime": 6503213277.003337,
  "inputs": 23265207551,
  "piecesplaced": 5129684188
}
