{
  "usercount": 1026846,
  "usercount_delta": 0.06091154121427158,
  "anoncount": 712965,
  "rankedcount": 15368,
  "replaycount": 1737424,
  "gamesplayed": 52931337,
  "gamesplayed_delta": 3.18262802844569,
  "gamesfinished": 37837403,
  "gametime": 7552569451.65827,
  "inputs": 26676747971,
  "piecesplaced": 5906795266
}
