{
  "usercount": 1057986,
  "usercount_delta": 0.13272406666540262,
  "anoncount": 736909,
  "rankedcount": 15656,
  "replaycount": 1781148,
  "gamesplayed": 54273017,
  "gamesplayed_delta": 3.943800838057678,
  "gamesfinished": 38875068,
  "gametime": 7768124302.780889,
  "inputs": 27379646732,
  "piecesplaced": 6066956631
}
