{
  "usercount": 898075,
  "usercount_delta": 0.017566048341765037,
  "anoncount": 614629,
  "rankedcount": 14324,
  "replaycount": 1541049,
  "gamesplayed": 47137283,
  "gamesplayed_delta": 2.5997751545812253,
  "gamesfinished": 33372760,
  "gametime": 6632925108.862923,
  "inputs": 23684548984,
  "piecesplaced": 5224914205
}
