{
  "usercount": 1023909,
  "usercount_delta": 0.03385297652296078,
  "anoncount": 710687,
  "rankedcount": 15237,
  "replaycount": 1732434,
  "gamesplayed": 52779659,
  "gamesplayed_delta": 2.7590175866213036,
  "gamesfinished": 37720039,
  "gametime": 7528182089.056104,
  "inputs": 26596106084,
  "piecesplaced": 5888361897
}
