{
  "usercount": 740772,
  "usercount_delta": 0.09620935154897056,
  "anoncount": 491741,
  "rankedcount": 13735,
  "replaycount": 1263066,
  "gamesplayed": 39779974,
  "gamesplayed_delta": 2.6361362324417934,
  "gamesfinished": 27751253,
  "gametime": 5471096087.997573,
  "inputs": 19900009735,
  "piecesplaced": 4361193845
}
