{
  "usercount": 1161818,
  "usercount_delta": 0.03535630314494317,
  "anoncount": 816993,
  "rankedcount": 16251,
  "replaycount": 1920737,
  "gamesplayed": 58533430,
  "gamesplayed_delta": 2.916895009457811,
  "gamesfinished": 42228204,
  "gametime": 8461775165.270932,
  "inputs": 29602610142,
  "piecesplaced": 6571253505
}
