{
  "usercount": 823522,
  "usercount_delta": 0.05621556796462167,
  "anoncount": 556701,
  "rankedcount": 13889,
  "replaycount": 1424041,
  "gamesplayed": 43717595,
  "gamesplayed_delta": 3.03564067008957,
  "gamesfinished": 30740361,
  "gametime": 6093454966.285487,
  "inputs": 21937882949,
  "piecesplaced": 4827030667
}
