{
  "usercount": 944182,
  "usercount_delta": 0.042997807111837295,
  "anoncount": 649362,
  "rankedcount": 14379,
  "replaycount": 1610435,
  "gamesplayed": 49072055,
  "gamesplayed_delta": 2.2788837769273766,
  "gamesfinished": 34869792,
  "gametime": 6939824016.746938,
  "inputs": 24679085870,
  "piecesplaced": 5451335572
}
