{
  "usercount": 5742953,
  "usercount_delta": 0.12012836573939009,
  "anoncount": 4117733,
  "rankedcount": 42404,
  "replaycount": 9933975,
  "gamesplayed": 385082846,
  "gamesplayed_delta": 5.114036141476892,
  "gamesfinished": 299043203,
  "gametime": 66262189674.52504,
  "inputs": 228656101551,
  "piecesplaced": 52039664893
}
