{
  "usercount": 6647716,
  "usercount_delta": 0.1503126503126503,
  "anoncount": 5325285,
  "rankedcount": 47272,
  "replaycount": 7720235,
  "gamesplayed": 292023837,
  "gamesplayed_delta": 6.328162578162577,
  "gamesfinished": 227493942,
  "gametime": 49940666125.79578,
  "inputs": 169960135307,
  "piecesplaced": 38418265867
}
