{
  "usercount": 7398551,
  "usercount_delta": 0.17319016279875302,
  "anoncount": 5517152,
  "totalaccounts": 11328164,
  "rankedcount": 59053,
  "replaycount": 10015911,
  "gamesplayed": 459690593,
  "gamesplayed_delta": 5.479106968542369,
  "gamesfinished": 358417706,
  "gametime": 79665865865.70543,
  "inputs": 276748495254,
  "piecesplaced": 63183712015
}
