{
  "usercount": 1253366,
  "usercount_delta": 0.09672489505348887,
  "anoncount": 887371,
  "rankedcount": 17632,
  "replaycount": 2040809,
  "gamesplayed": 61975137,
  "gamesplayed_delta": 4.43000019344979,
  "gamesfinished": 44996115,
  "gametime": 9031372176.277985,
  "inputs": 31388996113,
  "piecesplaced": 6972236940
}
