{
  "usercount": 1129360,
  "usercount_delta": 0.06291583434260818,
  "anoncount": 792319,
  "rankedcount": 16115,
  "replaycount": 1881810,
  "gamesplayed": 57378011,
  "gamesplayed_delta": 2.6896519181464997,
  "gamesfinished": 41305060,
  "gametime": 8271631801.464124,
  "inputs": 29003258411,
  "piecesplaced": 6436093788
}
