{
  "usercount": 736377,
  "usercount_delta": 0.07696748123917645,
  "anoncount": 488186,
  "rankedcount": 13603,
  "replaycount": 1253524,
  "gamesplayed": 39628359,
  "gamesplayed_delta": 3.5212622666923226,
  "gamesfinished": 27636576,
  "gametime": 5447218320.194615,
  "inputs": 19821763346,
  "piecesplaced": 4343419514
}
