{
  "usercount": 1205107,
  "usercount_delta": 0.06616491605326276,
  "anoncount": 850097,
  "rankedcount": 16973,
  "replaycount": 1974779,
  "gamesplayed": 60055359,
  "gamesplayed_delta": 3.6886940699693986,
  "gamesfinished": 43452572,
  "gametime": 8712484341.853973,
  "inputs": 30379913772,
  "piecesplaced": 6745408483
}
