{
  "usercount": 793845,
  "usercount_delta": 0.06258018085672268,
  "anoncount": 533504,
  "rankedcount": 13939,
  "replaycount": 1370581,
  "gamesplayed": 42284508,
  "gamesplayed_delta": 2.503207234268907,
  "gamesfinished": 29651483,
  "gametime": 5867160199.022643,
  "inputs": 21200540015,
  "piecesplaced": 4658140951
}
