{
  "usercount": 963976,
  "usercount_delta": 0.1442746990269473,
  "anoncount": 664274,
  "rankedcount": 14603,
  "replaycount": 1637780,
  "gamesplayed": 49945751,
  "gamesplayed_delta": 3.3503791218479986,
  "gamesfinished": 35543017,
  "gametime": 7077682395.422695,
  "inputs": 25128602121,
  "piecesplaced": 5553912609
}
