{
  "usercount": 1085733,
  "usercount_delta": 0.06291385520376225,
  "anoncount": 758318,
  "rankedcount": 15938,
  "replaycount": 1820667,
  "gamesplayed": 55515074,
  "gamesplayed_delta": 3.1771496877899934,
  "gamesfinished": 39841020,
  "gametime": 7970394055.981454,
  "inputs": 28033389839,
  "piecesplaced": 6215835676
}
