{
  "usercount": 1185890,
  "usercount_delta": 0.07738290998432995,
  "anoncount": 835157,
  "rankedcount": 16598,
  "replaycount": 1950612,
  "gamesplayed": 59360229,
  "gamesplayed_delta": 3.5015766767909304,
  "gamesfinished": 42892521,
  "gametime": 8598120789.533134,
  "inputs": 30025185050,
  "piecesplaced": 6666147001
}
