{
  "usercount": 5853076,
  "usercount_delta": 0.4178543180766763,
  "anoncount": 4653468,
  "rankedcount": 43783,
  "replaycount": 6816383,
  "gamesplayed": 258725275,
  "gamesplayed_delta": 5.73057350505156,
  "gamesfinished": 201682086,
  "gametime": 44048760705.13111,
  "inputs": 149369886040,
  "piecesplaced": 33707605671
}
