{
  "usercount": 804257,
  "usercount_delta": 0.0451773209848656,
  "anoncount": 541659,
  "rankedcount": 13977,
  "replaycount": 1389868,
  "gamesplayed": 42794730,
  "gamesplayed_delta": 2.0932158722987726,
  "gamesfinished": 30040714,
  "gametime": 5948614908.733461,
  "inputs": 21467565678,
  "piecesplaced": 4719536562
}
