{
  "usercount": 892066,
  "usercount_delta": 0.0675310642895732,
  "anoncount": 609890,
  "rankedcount": 14309,
  "replaycount": 1531886,
  "gamesplayed": 46862903,
  "gamesplayed_delta": 2.3298217179902756,
  "gamesfinished": 33160473,
  "gametime": 6589279546.387764,
  "inputs": 23543273081,
  "piecesplaced": 5192903596
}
