{
  "usercount": 955640,
  "usercount_delta": 0.032060530281170854,
  "anoncount": 657940,
  "rankedcount": 14502,
  "replaycount": 1625223,
  "gamesplayed": 49573998,
  "gamesplayed_delta": 2.8854477253053767,
  "gamesfinished": 35257210,
  "gametime": 7019168237.22293,
  "inputs": 24938287240,
  "piecesplaced": 5510487359
}
