{
  "usercount": 914370,
  "usercount_delta": 0.07947230390209012,
  "anoncount": 626617,
  "rankedcount": 14341,
  "replaycount": 1565013,
  "gamesplayed": 47803045,
  "gamesplayed_delta": 1.8079949137725502,
  "gamesfinished": 33889389,
  "gametime": 6739253364.991547,
  "inputs": 24032306675,
  "piecesplaced": 5304496673
}
