{
  "usercount": 979423,
  "usercount_delta": 0.08463100880162491,
  "anoncount": 676180,
  "rankedcount": 14810,
  "replaycount": 1661008,
  "gamesplayed": 50634039,
  "gamesplayed_delta": 1.9126607989167232,
  "gamesfinished": 36072870,
  "gametime": 7185603674.120597,
  "inputs": 25478822456,
  "piecesplaced": 5633547427
}
