{
  "usercount": 1021405,
  "usercount_delta": 0.10225845093055191,
  "anoncount": 708820,
  "rankedcount": 15314,
  "replaycount": 1729274,
  "gamesplayed": 52679352,
  "gamesplayed_delta": 3.0385368276506854,
  "gamesfinished": 37642979,
  "gametime": 7511810415.014518,
  "inputs": 26543875943,
  "piecesplaced": 5876485634
}
