{
  "usercount": 9186020,
  "usercount_delta": 0.1732001616534842,
  "anoncount": 7105178,
  "totalaccounts": 13160461,
  "rankedcount": 47854,
  "replaycount": 11700314,
  "gamesplayed": 522167213,
  "gamesplayed_delta": 4.541693127802475,
  "gamesfinished": 407060563,
  "gametime": 91116971411.44733,
  "inputs": 318983415446,
  "piecesplaced": 73066076661
}
