{
  "usercount": 1026290,
  "usercount_delta": 0.031640563202025,
  "anoncount": 712525,
  "rankedcount": 15334,
  "replaycount": 1736286,
  "gamesplayed": 52901215,
  "gamesplayed_delta": 3.243157728207562,
  "gamesfinished": 37814022,
  "gametime": 7547683553.976386,
  "inputs": 26660411739,
  "piecesplaced": 5903068956
}
