{
  "usercount": 1014467,
  "usercount_delta": 0.043502849436638104,
  "anoncount": 703340,
  "rankedcount": 15151,
  "replaycount": 1718152,
  "gamesplayed": 52345137,
  "gamesplayed_delta": 2.8276852133814767,
  "gamesfinished": 37385614,
  "gametime": 7457753958.146096,
  "inputs": 26366603760,
  "piecesplaced": 5836192554
}
