{
  "usercount": 9177447,
  "usercount_delta": 0.0751089079164789,
  "anoncount": 7097772,
  "totalaccounts": 13151613,
  "rankedcount": 47953,
  "replaycount": 11688871,
  "gamesplayed": 521745701,
  "gamesplayed_delta": 4.0371038005107405,
  "gamesfinished": 406743444,
  "gametime": 91039345902.02434,
  "inputs": 318686623101,
  "piecesplaced": 72996221418
}
