{
  "usercount": 996443,
  "usercount_delta": 0.07613826709304096,
  "anoncount": 689327,
  "rankedcount": 14862,
  "replaycount": 1687892,
  "gamesplayed": 51448326,
  "gamesplayed_delta": 4.492157758489417,
  "gamesfinished": 36699820,
  "gametime": 7315295848.498544,
  "inputs": 25901159556,
  "piecesplaced": 5730079174
}
