{
  "usercount": 1223234,
  "usercount_delta": 0.0317067757379752,
  "anoncount": 863943,
  "rankedcount": 17209,
  "replaycount": 1999880,
  "gamesplayed": 60786019,
  "gamesplayed_delta": 3.3292114524873964,
  "gamesfinished": 44040387,
  "gametime": 8835029257.694479,
  "inputs": 30768998154,
  "piecesplaced": 6832932480
}
