{
  "usercount": 1037109,
  "usercount_delta": 0.08270888127967181,
  "anoncount": 721000,
  "rankedcount": 15455,
  "replaycount": 1752303,
  "gamesplayed": 53432969,
  "gamesplayed_delta": 3.672274328817428,
  "gamesfinished": 38220275,
  "gametime": 7632769635.406102,
  "inputs": 26941489586,
  "piecesplaced": 5967370742
}
