{
  "usercount": 5838181,
  "usercount_delta": 0.271202784348586,
  "anoncount": 4640615,
  "rankedcount": 43796,
  "replaycount": 6801600,
  "gamesplayed": 258169869,
  "gamesplayed_delta": 5.393922044266321,
  "gamesfinished": 201247482,
  "gametime": 43951159258.268295,
  "inputs": 149033263718,
  "piecesplaced": 33630895053
}
