{
  "usercount": 744448,
  "usercount_delta": 0,
  "anoncount": 494589,
  "rankedcount": 13726,
  "replaycount": 1273004,
  "gamesplayed": 39959060,
  "gamesplayed_delta": 2.294462086308486,
  "gamesfinished": 27888928,
  "gametime": 5499321914.191166,
  "inputs": 19991402364,
  "piecesplaced": 4381865632
}
