{
  "usercount": 1196365,
  "usercount_delta": 0.049626149672467416,
  "anoncount": 843307,
  "rankedcount": 16740,
  "replaycount": 1964016,
  "gamesplayed": 59746351,
  "gamesplayed_delta": 3.2587838284920267,
  "gamesfinished": 43202647,
  "gametime": 8662350562.809916,
  "inputs": 30225112405,
  "piecesplaced": 6710903097
}
