{
  "usercount": 8476513,
  "usercount_delta": 0.06916227198063456,
  "anoncount": 6312307,
  "totalaccounts": 14004398,
  "rankedcount": 51275,
  "replaycount": 11322503,
  "gamesplayed": 549109028,
  "gamesplayed_delta": 4.391804270770295,
  "gamesfinished": 427892387,
  "gametime": 95993065878.94717,
  "inputs": 336854616377,
  "piecesplaced": 77237518694
}
