{
  "usercount": 1032114,
  "usercount_delta": 0.06291583434260818,
  "anoncount": 717108,
  "rankedcount": 15424,
  "replaycount": 1745305,
  "gamesplayed": 53188811,
  "gamesplayed_delta": 2.752567752489108,
  "gamesfinished": 38034178,
  "gametime": 7594073288.503089,
  "inputs": 26813392543,
  "piecesplaced": 5938028813
}
