{
  "usercount": 859236,
  "usercount_delta": 0.052697219343392644,
  "anoncount": 584365,
  "rankedcount": 14029,
  "replaycount": 1481262,
  "gamesplayed": 45369542,
  "gamesplayed_delta": 2.915912803667726,
  "gamesfinished": 32003636,
  "gametime": 6353390561.911153,
  "inputs": 22782131352,
  "piecesplaced": 5019484390
}
