{
  "usercount": 962861,
  "usercount_delta": 0.08015132570292713,
  "anoncount": 663434,
  "rankedcount": 14563,
  "replaycount": 1636416,
  "gamesplayed": 49898198,
  "gamesplayed_delta": 3.7029912474752336,
  "gamesfinished": 35505553,
  "gametime": 7070187323.490515,
  "inputs": 25104336486,
  "piecesplaced": 5548370808
}
