{
  "usercount": 4875095,
  "usercount_delta": 0.08774392812017408,
  "anoncount": 3825942,
  "rankedcount": 42211,
  "replaycount": 5787014,
  "gamesplayed": 219230994,
  "gamesplayed_delta": 6.1947213252842905,
  "gamesfinished": 171183408,
  "gametime": 37117432941.03745,
  "inputs": 125325246195,
  "piecesplaced": 28211135330
}
