{
  "usercount": 981724,
  "usercount_delta": 0.11074372320397412,
  "anoncount": 677924,
  "rankedcount": 14883,
  "replaycount": 1664255,
  "gamesplayed": 50741044,
  "gamesplayed_delta": 4.825262225316015,
  "gamesfinished": 36156550,
  "gametime": 7202453202.641287,
  "inputs": 25533076231,
  "piecesplaced": 5645993278
}
