{
  "usercount": 2631622,
  "usercount_delta": 0.12374897520379909,
  "anoncount": 1967069,
  "rankedcount": 29168,
  "replaycount": 3959689,
  "gamesplayed": 125343238,
  "gamesplayed_delta": 5.011833495753863,
  "gamesfinished": 96698363,
  "gametime": 20345932760.575806,
  "inputs": 68396462292,
  "piecesplaced": 15280416032
}
