{
  "usercount": 913236,
  "usercount_delta": 0.030119574711605073,
  "anoncount": 625754,
  "rankedcount": 14302,
  "replaycount": 1562769,
  "gamesplayed": 47751336,
  "gamesplayed_delta": 2.3342670401493932,
  "gamesfinished": 33849237,
  "gametime": 6731506715.762842,
  "inputs": 24006686896,
  "piecesplaced": 5298713397
}
