{
  "usercount": 7286142,
  "usercount_delta": 0.5637971739666655,
  "anoncount": 5417072,
  "totalaccounts": 11213017,
  "rankedcount": 59744,
  "replaycount": 9897761,
  "gamesplayed": 455740484,
  "gamesplayed_delta": 6.466048838930194,
  "gamesfinished": 355274520,
  "gametime": 78924869184.9495,
  "inputs": 274051394850,
  "piecesplaced": 62555804383
}
