{
  "usercount": 1178961,
  "usercount_delta": 0.09437226713643083,
  "anoncount": 829894,
  "rankedcount": 16540,
  "replaycount": 1941557,
  "gamesplayed": 59100115,
  "gamesplayed_delta": 2.752524458145899,
  "gamesfinished": 42684445,
  "gametime": 8555186141.633542,
  "inputs": 29890794594,
  "piecesplaced": 6635906448
}
