{
  "usercount": 988939,
  "usercount_delta": 0.06103981321817155,
  "anoncount": 683559,
  "rankedcount": 14777,
  "replaycount": 1676017,
  "gamesplayed": 51091695,
  "gamesplayed_delta": 1.9837939295905753,
  "gamesfinished": 36427540,
  "gametime": 7258969769.313051,
  "inputs": 25719189367,
  "piecesplaced": 5688609220
}
