{
  "usercount": 3353276,
  "usercount_delta": 0.19774960944452133,
  "anoncount": 2552579,
  "rankedcount": 31760,
  "replaycount": 3800567,
  "gamesplayed": 157398367,
  "gamesplayed_delta": 5.220589689335363,
  "gamesfinished": 122753579,
  "gametime": 26112373893.31354,
  "inputs": 87587551861,
  "piecesplaced": 19620907995
}
