{
  "usercount": 832914,
  "usercount_delta": 0.0716609576770384,
  "anoncount": 563957,
  "rankedcount": 13973,
  "replaycount": 1439446,
  "gamesplayed": 44163586,
  "gamesplayed_delta": 1.9205136657446291,
  "gamesfinished": 31082478,
  "gametime": 6164030092.294307,
  "inputs": 22166498737,
  "piecesplaced": 4879191131
}
