{
  "usercount": 890210,
  "usercount_delta": 0.030562814223933744,
  "anoncount": 608434,
  "rankedcount": 14254,
  "replaycount": 1529139,
  "gamesplayed": 46781598,
  "gamesplayed_delta": 2.4755879521386333,
  "gamesfinished": 33098028,
  "gametime": 6576883794.915653,
  "inputs": 23503801185,
  "piecesplaced": 5184013627
}
