{
  "usercount": 2399627,
  "usercount_delta": 0.057799013563501846,
  "anoncount": 1782712,
  "rankedcount": 31696,
  "replaycount": 3656175,
  "gamesplayed": 113354197,
  "gamesplayed_delta": 5.163378545006164,
  "gamesfinished": 87040346,
  "gametime": 18197932238.177452,
  "inputs": 61192872536,
  "piecesplaced": 13642089297
}
