{
  "usercount": 993600,
  "usercount_delta": 0.03834649896464453,
  "anoncount": 687170,
  "rankedcount": 14756,
  "replaycount": 1683255,
  "gamesplayed": 51309370,
  "gamesplayed_delta": 3.6429174016412302,
  "gamesfinished": 36594556,
  "gametime": 7293893785.173602,
  "inputs": 25832487206,
  "piecesplaced": 5714427457
}
