{
  "usercount": 6693262,
  "usercount_delta": 0.18887686945174198,
  "anoncount": 4893027,
  "rankedcount": 55080,
  "replaycount": 9218827,
  "gamesplayed": 435361175,
  "gamesplayed_delta": 6.267277940898711,
  "gamesfinished": 338907213,
  "gametime": 75148082347.03516,
  "inputs": 260474389576,
  "piecesplaced": 59414168513
}
