{
  "usercount": 792537,
  "usercount_delta": 0.05320658342792282,
  "anoncount": 532488,
  "rankedcount": 14048,
  "replaycount": 1368610,
  "gamesplayed": 42227355,
  "gamesplayed_delta": 2.163734392735528,
  "gamesfinished": 29606978,
  "gametime": 5857871117.477884,
  "inputs": 21171322666,
  "piecesplaced": 4651516968
}
