{
  "usercount": 863537,
  "usercount_delta": 0.06753220441998278,
  "anoncount": 587720,
  "rankedcount": 14010,
  "replaycount": 1488198,
  "gamesplayed": 45568524,
  "gamesplayed_delta": 2.481808512434367,
  "gamesfinished": 32157407,
  "gametime": 6384530091.380831,
  "inputs": 22883148468,
  "piecesplaced": 5042431501
}
