{
  "usercount": 8724912,
  "usercount_delta": 0.22856272142013637,
  "anoncount": 6692327,
  "totalaccounts": 12688414,
  "rankedcount": 47123,
  "replaycount": 11305149,
  "gamesplayed": 507213925,
  "gamesplayed_delta": 3.5236752885604354,
  "gamesfinished": 395409139,
  "gametime": 88411226948.1197,
  "inputs": 309065979062,
  "piecesplaced": 70754169076
}
