{
  "usercount": 1020243,
  "usercount_delta": 0.029215419898622495,
  "anoncount": 707887,
  "rankedcount": 15260,
  "replaycount": 1727071,
  "gamesplayed": 52615255,
  "gamesplayed_delta": 2.1911564923966873,
  "gamesfinished": 37595296,
  "gametime": 7501714287.3691845,
  "inputs": 26509602805,
  "piecesplaced": 5868639565
}
