{
  "usercount": 747283,
  "usercount_delta": 0.03741114852225963,
  "anoncount": 496781,
  "rankedcount": 13685,
  "replaycount": 1280522,
  "gamesplayed": 40099132,
  "gamesplayed_delta": 3.142536475869809,
  "gamesfinished": 27994064,
  "gametime": 5521328892.909961,
  "inputs": 20063275655,
  "piecesplaced": 4398208812
}
