{
  "usercount": 750168,
  "usercount_delta": 0.01924187030979411,
  "anoncount": 499024,
  "rankedcount": 13668,
  "replaycount": 1287698,
  "gamesplayed": 40241288,
  "gamesplayed_delta": 3.5020203963825285,
  "gamesfinished": 28100492,
  "gametime": 5543479749.75998,
  "inputs": 20135717593,
  "piecesplaced": 4414650131
}
