{
  "usercount": 4411074,
  "usercount_delta": 0.16045698148326432,
  "anoncount": 3439221,
  "rankedcount": 40085,
  "replaycount": 5222425,
  "gamesplayed": 198649567,
  "gamesplayed_delta": 5.808542729694169,
  "gamesfinished": 155229831,
  "gametime": 33481758440.89805,
  "inputs": 112762183160,
  "piecesplaced": 25340563468
}
