{
  "usercount": 1113130,
  "usercount_delta": 0.05803381436917243,
  "anoncount": 779528,
  "rankedcount": 16138,
  "replaycount": 1859427,
  "gamesplayed": 56687776,
  "gamesplayed_delta": 2.8436569040894493,
  "gamesfinished": 40762381,
  "gametime": 8160746400.469874,
  "inputs": 28648699358,
  "piecesplaced": 6355618746
}
