{
  "usercount": 840792,
  "usercount_delta": 0.07511906371598984,
  "anoncount": 570033,
  "rankedcount": 14095,
  "replaycount": 1452054,
  "gamesplayed": 44535211,
  "gamesplayed_delta": 2.8094529829780197,
  "gamesfinished": 31366754,
  "gametime": 6222776156.472916,
  "inputs": 22359420087,
  "piecesplaced": 4923310047
}
