{
  "usercount": 1125999,
  "usercount_delta": 0.15148932947035543,
  "anoncount": 789713,
  "rankedcount": 16024,
  "replaycount": 1877811,
  "gamesplayed": 57250776,
  "gamesplayed_delta": 3.2380844174288477,
  "gamesfinished": 41203821,
  "gametime": 8251069732.604895,
  "inputs": 28937694851,
  "piecesplaced": 6421254789
}
