{
  "usercount": 872473,
  "usercount_delta": 0.08441525552497847,
  "anoncount": 594712,
  "rankedcount": 14350,
  "replaycount": 1501807,
  "gamesplayed": 45973722,
  "gamesplayed_delta": 2.481808512434367,
  "gamesfinished": 32472183,
  "gametime": 6449871775.246459,
  "inputs": 23092205238,
  "piecesplaced": 5090273419
}
