{
  "usercount": 5830714,
  "usercount_delta": 0.09013881377321076,
  "anoncount": 4159420,
  "rankedcount": 41769,
  "replaycount": 10267479,
  "gamesplayed": 398979982,
  "gamesplayed_delta": 4.356709332371853,
  "gamesfinished": 309865851,
  "gametime": 68684584956.65598,
  "inputs": 237414758986,
  "piecesplaced": 54076726576
}
