{
  "usercount": 845950,
  "usercount_delta": 0.060092542515473836,
  "anoncount": 574071,
  "rankedcount": 14090,
  "replaycount": 1460499,
  "gamesplayed": 44770719,
  "gamesplayed_delta": 2.3586322937323483,
  "gamesfinished": 31545074,
  "gametime": 6259262683.296082,
  "inputs": 22478576675,
  "piecesplaced": 4950513743
}
