{
  "usercount": 4986021,
  "usercount_delta": 0.13537498871875095,
  "anoncount": 3918936,
  "rankedcount": 42089,
  "replaycount": 5915539,
  "gamesplayed": 224188862,
  "gamesplayed_delta": 5.008874582593785,
  "gamesfinished": 175043223,
  "gametime": 37995983239.7448,
  "inputs": 128380898081,
  "piecesplaced": 28911483354
}
