{
  "usercount": 987222,
  "usercount_delta": 0.05751974844696679,
  "anoncount": 682201,
  "rankedcount": 14882,
  "replaycount": 1672691,
  "gamesplayed": 50999211,
  "gamesplayed_delta": 2.703428177007439,
  "gamesfinished": 36356725,
  "gametime": 7244020299.894545,
  "inputs": 25669080331,
  "piecesplaced": 5677115996
}
