{
  "usercount": 1041402,
  "usercount_delta": 0.09924737407989413,
  "anoncount": 724155,
  "rankedcount": 15457,
  "replaycount": 1757689,
  "gamesplayed": 53591989,
  "gamesplayed_delta": 2.5804317260772476,
  "gamesfinished": 38344936,
  "gametime": 7658398309.790034,
  "inputs": 27023612315,
  "piecesplaced": 5986040269
}
