{
  "usercount": 1072252,
  "usercount_delta": 0.07926568271532522,
  "anoncount": 747974,
  "rankedcount": 15834,
  "replaycount": 1801610,
  "gamesplayed": 54943727,
  "gamesplayed_delta": 1.6170199273926347,
  "gamesfinished": 39395486,
  "gametime": 7877554354.247796,
  "inputs": 27734846071,
  "piecesplaced": 6148118479
}
