{
  "usercount": 1474009,
  "usercount_delta": 0.016672780019340423,
  "anoncount": 1056818,
  "rankedcount": 20502,
  "replaycount": 2346888,
  "gamesplayed": 70853402,
  "gamesplayed_delta": 3.6346660442162126,
  "gamesfinished": 52159612,
  "gametime": 10537398717.631182,
  "inputs": 36137108864,
  "piecesplaced": 8039034952
}
