{
  "usercount": 996181,
  "usercount_delta": 0.09586440937937382,
  "anoncount": 689126,
  "rankedcount": 14855,
  "replaycount": 1687473,
  "gamesplayed": 51435962,
  "gamesplayed_delta": 3.8920950208025773,
  "gamesfinished": 36690046,
  "gametime": 7313315076.769433,
  "inputs": 25894829973,
  "piecesplaced": 5728638211
}
