{
  "usercount": 2455994,
  "usercount_delta": 0.08780402142418123,
  "anoncount": 1827500,
  "rankedcount": 31007,
  "replaycount": 3732773,
  "gamesplayed": 116348015,
  "gamesplayed_delta": 3.5297216612520854,
  "gamesfinished": 89462307,
  "gametime": 18736405575.301212,
  "inputs": 62998542681,
  "piecesplaced": 14052534747
}
