{
  "usercount": 6329424,
  "usercount_delta": 0.07266913741733885,
  "anoncount": 4573096,
  "rankedcount": 48617,
  "replaycount": 8674247,
  "gamesplayed": 423267588,
  "gamesplayed_delta": 3.996802557953637,
  "gamesfinished": 329214973,
  "gametime": 72944431285.12312,
  "inputs": 252591760863,
  "piecesplaced": 57595000636
}
