{
  "usercount": 853239,
  "usercount_delta": 0.09369261327436945,
  "anoncount": 579738,
  "rankedcount": 14019,
  "replaycount": 1472275,
  "gamesplayed": 45116423,
  "gamesplayed_delta": 2.7733013529213357,
  "gamesfinished": 31807024,
  "gametime": 6313076139.846858,
  "inputs": 22651509450,
  "piecesplaced": 4989848550
}
