{
  "usercount": 944681,
  "usercount_delta": 0.12898787513973686,
  "anoncount": 649729,
  "rankedcount": 14387,
  "replaycount": 1611059,
  "gamesplayed": 49089654,
  "gamesplayed_delta": 2.880729211454123,
  "gamesfinished": 34883615,
  "gametime": 6942686026.147593,
  "inputs": 24688224318,
  "piecesplaced": 5453384853
}
