{
  "usercount": 1194736,
  "usercount_delta": 0.26465966421305104,
  "anoncount": 842013,
  "rankedcount": 16688,
  "replaycount": 1962284,
  "gamesplayed": 59691093,
  "gamesplayed_delta": 2.547349268050616,
  "gamesfinished": 43158566,
  "gametime": 8652849119.05144,
  "inputs": 30195572798,
  "piecesplaced": 6704283446
}
