{
  "usercount": 922667,
  "usercount_delta": 0.035132096683530074,
  "anoncount": 632864,
  "rankedcount": 14226,
  "replaycount": 1578530,
  "gamesplayed": 48154808,
  "gamesplayed_delta": 3.0564924114671164,
  "gamesfinished": 34160364,
  "gametime": 6794958544.72962,
  "inputs": 24210290968,
  "piecesplaced": 5344909098
}
