{
  "usercount": 883299,
  "usercount_delta": 0.04299534217126478,
  "anoncount": 603054,
  "rankedcount": 14178,
  "replaycount": 1518443,
  "gamesplayed": 46457648,
  "gamesplayed_delta": 2.995342171264779,
  "gamesfinished": 32847924,
  "gametime": 6526682424.0851755,
  "inputs": 23340838216,
  "piecesplaced": 5146950503
}
