{
  "usercount": 827520,
  "usercount_delta": 0.015281407111966872,
  "anoncount": 559825,
  "rankedcount": 13890,
  "replaycount": 1430394,
  "gamesplayed": 43903689,
  "gamesplayed_delta": 2.750653280154037,
  "gamesfinished": 30883917,
  "gametime": 6122726151.452049,
  "inputs": 22033473911,
  "piecesplaced": 4848814020
}
