{
  "usercount": 6529601,
  "usercount_delta": 0.33724646292697813,
  "anoncount": 4748508,
  "rankedcount": 52671,
  "replaycount": 9008917,
  "gamesplayed": 429894062,
  "gamesplayed_delta": 6.263148597215308,
  "gamesfinished": 334516400,
  "gametime": 74147800525.36131,
  "inputs": 256883698938,
  "piecesplaced": 58585765387
}
