{
  "usercount": 1055136,
  "usercount_delta": 0.09925229934493483,
  "anoncount": 734706,
  "rankedcount": 15554,
  "replaycount": 1777463,
  "gamesplayed": 54164329,
  "gamesplayed_delta": 2.1339244359160987,
  "gamesfinished": 38789930,
  "gametime": 7750300698.865238,
  "inputs": 27322432693,
  "piecesplaced": 6054024913
}
