{
  "usercount": 849960,
  "usercount_delta": 0.0506482982171799,
  "anoncount": 577206,
  "rankedcount": 14060,
  "replaycount": 1467353,
  "gamesplayed": 44963656,
  "gamesplayed_delta": 3.309022150189087,
  "gamesfinished": 31691654,
  "gametime": 6289623533.247204,
  "inputs": 22576545387,
  "piecesplaced": 4972823586
}
