{
  "usercount": 901677,
  "usercount_delta": 0.04517800132522137,
  "anoncount": 617438,
  "rankedcount": 14283,
  "replaycount": 1546751,
  "gamesplayed": 47312593,
  "gamesplayed_delta": 2.74079874706343,
  "gamesfinished": 33509370,
  "gametime": 6661246559.013019,
  "inputs": 23777099662,
  "piecesplaced": 5246225770
}
