{
  "usercount": 2529097,
  "usercount_delta": 0.052684263210579,
  "anoncount": 1885201,
  "rankedcount": 30266,
  "replaycount": 3829132,
  "gamesplayed": 120049056,
  "gamesplayed_delta": 3.389354266547249,
  "gamesfinished": 92447401,
  "gametime": 19402357231.411674,
  "inputs": 65228645330,
  "piecesplaced": 14559800480
}
