{
  "usercount": 900991,
  "usercount_delta": 0.039739310125576216,
  "anoncount": 616886,
  "rankedcount": 14252,
  "replaycount": 1545322,
  "gamesplayed": 47273375,
  "gamesplayed_delta": 2.3446192974089968,
  "gamesfinished": 33480032,
  "gametime": 6655123445.704098,
  "inputs": 23756309918,
  "piecesplaced": 5241415491
}
