{
  "usercount": 1069648,
  "usercount_delta": 0.15632633121641426,
  "anoncount": 745938,
  "rankedcount": 15736,
  "replaycount": 1797728,
  "gamesplayed": 54819063,
  "gamesplayed_delta": 3.7909135319980463,
  "gamesfinished": 39298836,
  "gametime": 7857816215.939029,
  "inputs": 27670321436,
  "piecesplaced": 6133389278
}
