{
  "usercount": 1006994,
  "usercount_delta": 0.07304175066467994,
  "anoncount": 697522,
  "rankedcount": 15016,
  "replaycount": 1706447,
  "gamesplayed": 51974867,
  "gamesplayed_delta": 2.9070616764542616,
  "gamesfinished": 37099243,
  "gametime": 7398867989.025849,
  "inputs": 26173526835,
  "piecesplaced": 5792307306
}
