{
  "usercount": 993370,
  "usercount_delta": 0.09586624741161132,
  "anoncount": 687001,
  "rankedcount": 14747,
  "replaycount": 1682845,
  "gamesplayed": 51297856,
  "gamesplayed_delta": 2.8376409233836952,
  "gamesfinished": 36585784,
  "gametime": 7292042705.789583,
  "inputs": 25826727371,
  "piecesplaced": 5713118402
}
