{
  "usercount": 879241,
  "usercount_delta": 0.03513086246267346,
  "anoncount": 599965,
  "rankedcount": 14209,
  "replaycount": 1511766,
  "gamesplayed": 46278758,
  "gamesplayed_delta": 2.582118391006499,
  "gamesfinished": 32709268,
  "gametime": 6498399829.056485,
  "inputs": 23249209067,
  "piecesplaced": 5126039919
}
