{
  "usercount": 760432,
  "usercount_delta": 0.04693440135171076,
  "anoncount": 507152,
  "rankedcount": 13920,
  "replaycount": 1308957,
  "gamesplayed": 40717275,
  "gamesplayed_delta": 2.6283264756958027,
  "gamesfinished": 28464228,
  "gametime": 5619282553.440368,
  "inputs": 20382211476,
  "piecesplaced": 4470756370
}
