{
  "usercount": 1255735,
  "usercount_delta": 0.1591061768553548,
  "anoncount": 889195,
  "rankedcount": 17538,
  "replaycount": 2044615,
  "gamesplayed": 62071514,
  "gamesplayed_delta": 4.225152918714422,
  "gamesfinished": 45071829,
  "gametime": 9047286339.013863,
  "inputs": 31438863608,
  "piecesplaced": 6983447783
}
