{
  "usercount": 5061389,
  "usercount_delta": 0.2566231413691599,
  "anoncount": 3982398,
  "rankedcount": 42386,
  "replaycount": 6030632,
  "gamesplayed": 227389291,
  "gamesplayed_delta": 5.253226658615744,
  "gamesfinished": 177358441,
  "gametime": 38544342756.055,
  "inputs": 130244008517,
  "piecesplaced": 29339522989
}
