{
  "usercount": 1071654,
  "usercount_delta": 0.07864479292826022,
  "anoncount": 747524,
  "rankedcount": 15811,
  "replaycount": 1800509,
  "gamesplayed": 54917178,
  "gamesplayed_delta": 2.6424650423895435,
  "gamesfinished": 39375183,
  "gametime": 7873322018.689902,
  "inputs": 27720661883,
  "piecesplaced": 6144877894
}
