{
  "usercount": 777646,
  "usercount_delta": 0.07894404446128585,
  "anoncount": 520671,
  "rankedcount": 13972,
  "replaycount": 1344391,
  "gamesplayed": 41576368,
  "gamesplayed_delta": 2.905140836175319,
  "gamesfinished": 29114811,
  "gametime": 5755671959.268849,
  "inputs": 20835601978,
  "piecesplaced": 4574595674
}
