{
  "usercount": 8948404,
  "usercount_delta": 0.1454730602076628,
  "anoncount": 6725652,
  "totalaccounts": 14489028,
  "rankedcount": 49542,
  "replaycount": 11848788,
  "gamesplayed": 565858508,
  "gamesplayed_delta": 3.964140890658811,
  "gamesfinished": 440607376,
  "gametime": 99092103986.8243,
  "inputs": 348269672881,
  "piecesplaced": 79909316283
}
