{
  "usercount": 7053777,
  "usercount_delta": 0.17285188322126768,
  "anoncount": 5669897,
  "rankedcount": 41833,
  "replaycount": 8180705,
  "gamesplayed": 311619699,
  "gamesplayed_delta": 3.802741430867889,
  "gamesfinished": 242226036,
  "gametime": 53401590058.24489,
  "inputs": 182437588244,
  "piecesplaced": 41327263444
}
