{
  "usercount": 7977289,
  "usercount_delta": 0.21708636697615388,
  "anoncount": 6484170,
  "rankedcount": 40345,
  "replaycount": 8959496,
  "gamesplayed": 344921083,
  "gamesplayed_delta": 4.174737826464498,
  "gamesfinished": 267576212,
  "gametime": 59152587433.00067,
  "inputs": 203139473401,
  "piecesplaced": 46144734766
}
