{
  "usercount": 1004147,
  "usercount_delta": 0.05842742583368633,
  "anoncount": 695322,
  "rankedcount": 15058,
  "replaycount": 1700820,
  "gamesplayed": 51823292,
  "gamesplayed_delta": 3.052832999810111,
  "gamesfinished": 36984755,
  "gametime": 7375068279.665588,
  "inputs": 26096326714,
  "piecesplaced": 5774676345
}
