{
  "usercount": 780454,
  "usercount_delta": 0.10690804126650394,
  "anoncount": 522866,
  "rankedcount": 13902,
  "replaycount": 1349915,
  "gamesplayed": 41717611,
  "gamesplayed_delta": 3.1359692104841153,
  "gamesfinished": 29220486,
  "gametime": 5777626900.308544,
  "inputs": 20908211185,
  "piecesplaced": 4591203722
}
