{
  "usercount": 9447080,
  "usercount_delta": 0.187138482477033,
  "anoncount": 7340868,
  "totalaccounts": 13427291,
  "rankedcount": 48599,
  "replaycount": 10643835,
  "gamesplayed": 530539941,
  "gamesplayed_delta": 4.814562776454577,
  "gamesfinished": 413551429,
  "gametime": 92608888804.46696,
  "inputs": 324433236971,
  "piecesplaced": 74339052079
}
