{
  "usercount": 1021928,
  "usercount_delta": 0.07303428229210791,
  "anoncount": 709243,
  "rankedcount": 15342,
  "replaycount": 1730328,
  "gamesplayed": 52708022,
  "gamesplayed_delta": 1.7382159185521684,
  "gamesfinished": 37664815,
  "gametime": 7516332643.594633,
  "inputs": 26558795799,
  "piecesplaced": 5879856619
}
