{
  "usercount": 2826103,
  "usercount_delta": 0.04640586570142466,
  "anoncount": 2121803,
  "rankedcount": 29677,
  "replaycount": 4195626,
  "gamesplayed": 134353786,
  "gamesplayed_delta": 5.955419431682831,
  "gamesfinished": 104043817,
  "gametime": 21971201896.709167,
  "inputs": 73764351254,
  "piecesplaced": 16492027462
}
