{
  "usercount": 953266,
  "usercount_delta": 0.019512956603184514,
  "anoncount": 656115,
  "rankedcount": 14412,
  "replaycount": 1621197,
  "gamesplayed": 49462516,
  "gamesplayed_delta": 1.853730877302529,
  "gamesfinished": 35172126,
  "gametime": 7001735494.260648,
  "inputs": 24880716610,
  "piecesplaced": 5497409215
}
