{
  "usercount": 1113448,
  "usercount_delta": 0.03308355251186872,
  "anoncount": 779767,
  "rankedcount": 15932,
  "replaycount": 1860038,
  "gamesplayed": 56702941,
  "gamesplayed_delta": 3.027145054835988,
  "gamesfinished": 40774165,
  "gametime": 8163141945.247528,
  "inputs": 28656487966,
  "piecesplaced": 6357410313
}
