{
  "usercount": 921596,
  "usercount_delta": 0.035131479562261765,
  "anoncount": 632048,
  "rankedcount": 14384,
  "replaycount": 1576875,
  "gamesplayed": 48109759,
  "gamesplayed_delta": 2.5645980080451087,
  "gamesfinished": 34124935,
  "gametime": 6787813900.380059,
  "inputs": 24187325065,
  "piecesplaced": 5339642009
}
