{
  "usercount": 4111022,
  "usercount_delta": 0.11231808481619948,
  "anoncount": 3184959,
  "rankedcount": 39282,
  "replaycount": 4866697,
  "gamesplayed": 186188698,
  "gamesplayed_delta": 6.209585546267028,
  "gamesfinished": 145605586,
  "gametime": 31266487465.809055,
  "inputs": 105044760493,
  "piecesplaced": 23574125462
}
