{
  "usercount": 781554,
  "usercount_delta": 0,
  "anoncount": 523740,
  "rankedcount": 13952,
  "replaycount": 1352252,
  "gamesplayed": 41780574,
  "gamesplayed_delta": 1.5660999593416358,
  "gamesfinished": 29267987,
  "gametime": 5787499671.392591,
  "inputs": 20940866710,
  "piecesplaced": 4598660995
}
