{
  "usercount": 8091506,
  "usercount_delta": 0.1859586885621102,
  "anoncount": 6124546,
  "totalaccounts": 12040062,
  "rankedcount": 45824,
  "replaycount": 10775524,
  "gamesplayed": 487222590,
  "gamesplayed_delta": 4.234136293414202,
  "gamesfinished": 379797688,
  "gametime": 84820296852.67415,
  "inputs": 295897447214,
  "piecesplaced": 67678882805
}
