{
  "usercount": 5336052,
  "usercount_delta": 0.18108486295168327,
  "anoncount": 4213567,
  "rankedcount": 42325,
  "replaycount": 6274914,
  "gamesplayed": 238161415,
  "gamesplayed_delta": 4.790517738085439,
  "gamesfinished": 185682798,
  "gametime": 40425977682.249855,
  "inputs": 136754578756,
  "piecesplaced": 30824744880
}
