{
  "usercount": 8934033,
  "usercount_delta": 0.0873179420907408,
  "anoncount": 6605461,
  "totalaccounts": 15495645,
  "rankedcount": 51034,
  "replaycount": 12792466,
  "gamesplayed": 599311929,
  "gamesplayed_delta": 3.7372079214837064,
  "gamesfinished": 466220126,
  "gametime": 105282271877.78899,
  "inputs": 370985537601,
  "piecesplaced": 85212319602
}
