{
  "usercount": 7592744,
  "usercount_delta": 0.26624068157614483,
  "anoncount": 6142763,
  "rankedcount": 39513,
  "replaycount": 8638605,
  "gamesplayed": 331344065,
  "gamesplayed_delta": 4.761009835244002,
  "gamesfinished": 257173000,
  "gametime": 56800244220.26024,
  "inputs": 194678863440,
  "piecesplaced": 44176483926
}
