{
  "usercount": 5145097,
  "usercount_delta": 0.1243123970537962,
  "anoncount": 4052938,
  "rankedcount": 42404,
  "replaycount": 6131397,
  "gamesplayed": 230638270,
  "gamesplayed_delta": 13.0528016906486,
  "gamesfinished": 179841258,
  "gametime": 39105185235.73266,
  "inputs": 132169329121,
  "piecesplaced": 29778593362
}
