{
  "usercount": 885861,
  "usercount_delta": 0.03747564083345825,
  "anoncount": 605094,
  "rankedcount": 14264,
  "replaycount": 1522357,
  "gamesplayed": 46580322,
  "gamesplayed_delta": 3.878728826262929,
  "gamesfinished": 32942704,
  "gametime": 6545426196.139492,
  "inputs": 23402318056,
  "piecesplaced": 5160962160
}
