{
  "usercount": 9503126,
  "usercount_delta": 0.20552872263898878,
  "anoncount": 7390572,
  "totalaccounts": 13484727,
  "rankedcount": 49681,
  "replaycount": 10734976,
  "gamesplayed": 532473540,
  "gamesplayed_delta": 4.947369966381373,
  "gamesfinished": 415039686,
  "gametime": 92957236397.65196,
  "inputs": 325716274835,
  "piecesplaced": 74639360392
}
