{
  "usercount": 1003755,
  "usercount_delta": 0.0145009498122127,
  "anoncount": 695010,
  "rankedcount": 15029,
  "replaycount": 1699986,
  "gamesplayed": 51803133,
  "gamesplayed_delta": 1.98663012427314,
  "gamesfinished": 36969627,
  "gametime": 7371852054.046701,
  "inputs": 26085504507,
  "piecesplaced": 5772205067
}
