{
  "usercount": 1227999,
  "usercount_delta": 0.019540409566984523,
  "anoncount": 867673,
  "rankedcount": 17372,
  "replaycount": 2005607,
  "gamesplayed": 60981433,
  "gamesplayed_delta": 3.4000312646553073,
  "gamesfinished": 44197821,
  "gametime": 8867261848.365654,
  "inputs": 30870997488,
  "piecesplaced": 6855860390
}
