{
  "usercount": 1025153,
  "usercount_delta": 0.06091061367443277,
  "anoncount": 711656,
  "rankedcount": 15285,
  "replaycount": 1734140,
  "gamesplayed": 52836986,
  "gamesplayed_delta": 3.2130348713263284,
  "gamesfinished": 37765260,
  "gametime": 7537387639.645731,
  "inputs": 26625759432,
  "piecesplaced": 5895142509
}
