{
  "usercount": 1252465,
  "usercount_delta": 0.08839075786235791,
  "anoncount": 886691,
  "rankedcount": 17590,
  "replaycount": 2039485,
  "gamesplayed": 61941795,
  "gamesplayed_delta": 5.8514681704880935,
  "gamesfinished": 44969566,
  "gametime": 9025635923.592047,
  "inputs": 31371071073,
  "piecesplaced": 6968236162
}
