{
  "usercount": 858665,
  "usercount_delta": 0.0506482982171799,
  "anoncount": 583932,
  "rankedcount": 14005,
  "replaycount": 1480532,
  "gamesplayed": 45347859,
  "gamesplayed_delta": 2.971366828741221,
  "gamesfinished": 31986409,
  "gametime": 6349925639.762486,
  "inputs": 22771192692,
  "piecesplaced": 5017015858
}
