{
  "usercount": 1147160,
  "usercount_delta": 0.1516817716430928,
  "anoncount": 806187,
  "rankedcount": 16277,
  "replaycount": 1904433,
  "gamesplayed": 58049871,
  "gamesplayed_delta": 3.4318000834249744,
  "gamesfinished": 41838189,
  "gametime": 8380651313.615075,
  "inputs": 29348531221,
  "piecesplaced": 6513927828
}
