{
  "usercount": 8977476,
  "usercount_delta": 0.08032773716764399,
  "anoncount": 6751337,
  "totalaccounts": 14518857,
  "rankedcount": 49526,
  "replaycount": 11880621,
  "gamesplayed": 566878860,
  "gamesplayed_delta": 5.6550726966021365,
  "gamesfinished": 441385950,
  "gametime": 99281471484.80284,
  "inputs": 348961449921,
  "piecesplaced": 80070283159
}
