{
  "usercount": 8546895,
  "usercount_delta": 0.0891440389381162,
  "anoncount": 6290665,
  "totalaccounts": 14765282,
  "rankedcount": 49044,
  "replaycount": 12154280,
  "gamesplayed": 576054154,
  "gamesplayed_delta": 4.2967426768172015,
  "gamesfinished": 448319580,
  "gametime": 100977107837.04674,
  "inputs": 355207709887,
  "piecesplaced": 81529595145
}
