{
  "usercount": 1184100,
  "usercount_delta": 0.01934610176049526,
  "anoncount": 833782,
  "rankedcount": 16536,
  "replaycount": 1948629,
  "gamesplayed": 59291670,
  "gamesplayed_delta": 3.34687560456568,
  "gamesfinished": 42837826,
  "gametime": 8586689066.477888,
  "inputs": 29989689032,
  "piecesplaced": 6658169540
}
