{
  "usercount": 1106967,
  "usercount_delta": 0.019538882375928098,
  "anoncount": 774826,
  "rankedcount": 16039,
  "replaycount": 1849400,
  "gamesplayed": 56389003,
  "gamesplayed_delta": 3.360687768659633,
  "gamesfinished": 40528039,
  "gametime": 8111772382.978167,
  "inputs": 28489206589,
  "piecesplaced": 6319288006
}
