{
  "usercount": 6151672,
  "usercount_delta": 0.11483128004068308,
  "anoncount": 4422085,
  "rankedcount": 45187,
  "replaycount": 10685958,
  "gamesplayed": 415762940,
  "gamesplayed_delta": 5.790777407765875,
  "gamesfinished": 323258246,
  "gametime": 71604984928.75363,
  "inputs": 247777494033,
  "piecesplaced": 56478896768
}
