{
  "usercount": 816466,
  "usercount_delta": 0.05320658342792282,
  "anoncount": 551175,
  "rankedcount": 13958,
  "replaycount": 1411947,
  "gamesplayed": 43387950,
  "gamesplayed_delta": 2.749006810442679,
  "gamesfinished": 30490129,
  "gametime": 6041920045.383619,
  "inputs": 21770603410,
  "piecesplaced": 4788811486
}
