{
  "usercount": 2311731,
  "usercount_delta": 0.04772206668363452,
  "anoncount": 1713063,
  "rankedcount": 32784,
  "replaycount": 3539713,
  "gamesplayed": 108793317,
  "gamesplayed_delta": 4.167727157037414,
  "gamesfinished": 83351356,
  "gametime": 17372838590.25605,
  "inputs": 58421696302,
  "piecesplaced": 13011915116
}
