{
  "usercount": 811911,
  "usercount_delta": 0.0397377309755613,
  "anoncount": 547589,
  "rankedcount": 13958,
  "replaycount": 1403723,
  "gamesplayed": 43164667,
  "gamesplayed_delta": 3.099543016093781,
  "gamesfinished": 30319408,
  "gametime": 6006788025.294846,
  "inputs": 21655851279,
  "piecesplaced": 4762597838
}
