{
  "usercount": 9464537,
  "usercount_delta": 0.19447685725398675,
  "anoncount": 7037324,
  "totalaccounts": 16466961,
  "rankedcount": 53963,
  "replaycount": 13659348,
  "gamesplayed": 631633445,
  "gamesplayed_delta": 4.532806749842922,
  "gamesfinished": 491081907,
  "gametime": 111294031634.06691,
  "inputs": 393019586540,
  "piecesplaced": 90343403657
}
