{
  "usercount": 8636730,
  "usercount_delta": 0.10118897040222616,
  "anoncount": 6453536,
  "totalaccounts": 14168563,
  "rankedcount": 49713,
  "replaycount": 11500275,
  "gamesplayed": 554801081,
  "gamesplayed_delta": 4.43544986929758,
  "gamesfinished": 432221532,
  "gametime": 97057654378.6155,
  "inputs": 340805715611,
  "piecesplaced": 78166007336
}
