{
  "usercount": 1076475,
  "usercount_delta": 0.07926442612555486,
  "anoncount": 751163,
  "rankedcount": 15777,
  "replaycount": 1807641,
  "gamesplayed": 55133210,
  "gamesplayed_delta": 3.6937222574508564,
  "gamesfinished": 39543129,
  "gametime": 7908513497.162168,
  "inputs": 27833700885,
  "piecesplaced": 6170583029
}
