{
  "usercount": 8480418,
  "usercount_delta": 0.05804841237592152,
  "anoncount": 6901568,
  "rankedcount": 44207,
  "replaycount": 9599456,
  "gamesplayed": 370890205,
  "gamesplayed_delta": 3.250711093051605,
  "gamesfinished": 287958390,
  "gametime": 63717733813.27694,
  "inputs": 219420900817,
  "piecesplaced": 49902380027
}
