{
  "usercount": 997576,
  "usercount_delta": 0.05077860528097495,
  "anoncount": 690221,
  "rankedcount": 14899,
  "replaycount": 1689729,
  "gamesplayed": 51500453,
  "gamesplayed_delta": 2.7928232904536223,
  "gamesfinished": 36740166,
  "gametime": 7323624672.302186,
  "inputs": 25928371568,
  "piecesplaced": 5736256597
}
