{
  "usercount": 1097375,
  "usercount_delta": 0.04718390714207074,
  "anoncount": 767389,
  "rankedcount": 15906,
  "replaycount": 1836476,
  "gamesplayed": 55992240,
  "gamesplayed_delta": 4.2465516427863665,
  "gamesfinished": 40215793,
  "gametime": 8047357610.579424,
  "inputs": 28279312560,
  "piecesplaced": 6271500913
}
