{
  "usercount": 1027896,
  "usercount_delta": 0.08764754002570994,
  "anoncount": 713766,
  "rankedcount": 15429,
  "replaycount": 1739245,
  "gamesplayed": 52992150,
  "gamesplayed_delta": 2.5856024307584433,
  "gamesfinished": 37883123,
  "gametime": 7562182788.485535,
  "inputs": 26708025895,
  "piecesplaced": 5913957788
}
