{
  "usercount": 982199,
  "usercount_delta": 0.03164156435894191,
  "anoncount": 678303,
  "rankedcount": 14898,
  "replaycount": 1664940,
  "gamesplayed": 50763723,
  "gamesplayed_delta": 3.100873307176307,
  "gamesfinished": 36174756,
  "gametime": 7206268324.178841,
  "inputs": 25545650122,
  "piecesplaced": 5648859041
}
