{
  "usercount": 2706750,
  "usercount_delta": 0.08780556336049451,
  "anoncount": 2026792,
  "rankedcount": 28998,
  "replaycount": 4049160,
  "gamesplayed": 128860027,
  "gamesplayed_delta": 3.6702725484686707,
  "gamesfinished": 99545002,
  "gametime": 20974081177.340675,
  "inputs": 70479186976,
  "piecesplaced": 15751532169
}
