{
  "usercount": 1054504,
  "usercount_delta": 0.12374487342667233,
  "anoncount": 734223,
  "rankedcount": 15754,
  "replaycount": 1776667,
  "gamesplayed": 54136368,
  "gamesplayed_delta": 2.8284542497525105,
  "gamesfinished": 38768419,
  "gametime": 7745835940.263575,
  "inputs": 27307756225,
  "piecesplaced": 6050698501
}
