{
  "usercount": 4518641,
  "usercount_delta": 0.0774218523178167,
  "anoncount": 3529270,
  "rankedcount": 40603,
  "replaycount": 5351638,
  "gamesplayed": 203345530,
  "gamesplayed_delta": 4.81951030678409,
  "gamesfinished": 158850550,
  "gametime": 34306798965.872166,
  "inputs": 115607975775,
  "piecesplaced": 25990809077
}
