{
  "usercount": 7989764,
  "usercount_delta": 0.09196811771919068,
  "anoncount": 6495367,
  "rankedcount": 40295,
  "replaycount": 8969194,
  "gamesplayed": 345368537,
  "gamesplayed_delta": 4.981606376456162,
  "gamesfinished": 267921882,
  "gametime": 59230141654.30612,
  "inputs": 203413801607,
  "piecesplaced": 46208565074
}
