{
  "usercount": 822642,
  "usercount_delta": 0.07165993063318715,
  "anoncount": 556023,
  "rankedcount": 13848,
  "replaycount": 1422425,
  "gamesplayed": 43673759,
  "gamesplayed_delta": 2.966721128213948,
  "gamesfinished": 30708081,
  "gametime": 6086907909.84682,
  "inputs": 21916907284,
  "piecesplaced": 4822241733
}
