{
  "usercount": 941139,
  "usercount_delta": 0.08599314921244608,
  "anoncount": 647002,
  "rankedcount": 14260,
  "replaycount": 1605820,
  "gamesplayed": 48940102,
  "gamesplayed_delta": 3.497054734639474,
  "gamesfinished": 34767524,
  "gametime": 6918670146.773993,
  "inputs": 24609490157,
  "piecesplaced": 5435456561
}
