{
  "usercount": 750822,
  "usercount_delta": 0.2244626924299957,
  "anoncount": 499546,
  "rankedcount": 13694,
  "replaycount": 1288938,
  "gamesplayed": 40267010,
  "gamesplayed_delta": 2.6187314116832834,
  "gamesfinished": 28119847,
  "gametime": 5547503426.275208,
  "inputs": 20148482478,
  "piecesplaced": 4417567610
}
