{
  "usercount": 736626,
  "usercount_delta": 0.09352612184583155,
  "anoncount": 488378,
  "rankedcount": 13614,
  "replaycount": 1254212,
  "gamesplayed": 39639619,
  "gamesplayed_delta": 2.6374366360524495,
  "gamesfinished": 27645337,
  "gametime": 5449024011.424938,
  "inputs": 19827478337,
  "piecesplaced": 4344719914
}
