{
  "usercount": 927740,
  "usercount_delta": 0.015023812743197968,
  "anoncount": 636712,
  "rankedcount": 14189,
  "replaycount": 1586588,
  "gamesplayed": 48393347,
  "gamesplayed_delta": 2.9897387358963954,
  "gamesfinished": 34345071,
  "gametime": 6831972038.61374,
  "inputs": 24330674236,
  "piecesplaced": 5372224058
}
