{
  "usercount": 1111014,
  "usercount_delta": 0.03145791717130409,
  "anoncount": 777911,
  "rankedcount": 16027,
  "replaycount": 1855581,
  "gamesplayed": 56575622,
  "gamesplayed_delta": 1.447064189879988,
  "gamesfinished": 40675026,
  "gametime": 8142253664.958788,
  "inputs": 28587831990,
  "piecesplaced": 6341737407
}
