{
  "usercount": 875613,
  "usercount_delta": 0.035131479562261765,
  "anoncount": 597127,
  "rankedcount": 14283,
  "replaycount": 1506341,
  "gamesplayed": 46111092,
  "gamesplayed_delta": 1.9673628554866587,
  "gamesfinished": 32579501,
  "gametime": 6471800420.48611,
  "inputs": 23163061875,
  "piecesplaced": 5106327024
}
