{
  "usercount": 1230993,
  "usercount_delta": 0.08838919530476595,
  "anoncount": 869967,
  "rankedcount": 17278,
  "replaycount": 2010363,
  "gamesplayed": 61112640,
  "gamesplayed_delta": 2.9168434450572764,
  "gamesfinished": 44301000,
  "gametime": 8888513937.912218,
  "inputs": 30938515587,
  "piecesplaced": 6871065681
}
