{
  "usercount": 1234811,
  "usercount_delta": 0.09925065753560616,
  "anoncount": 873013,
  "rankedcount": 17380,
  "replaycount": 2014691,
  "gamesplayed": 61251836,
  "gamesplayed_delta": 2.2331397945511386,
  "gamesfinished": 44415969,
  "gametime": 8911930790.503704,
  "inputs": 31011691771,
  "piecesplaced": 6887445018
}
