{
  "usercount": 6241089,
  "usercount_delta": 0.12802458071949815,
  "anoncount": 4981113,
  "rankedcount": 47079,
  "replaycount": 7238067,
  "gamesplayed": 273740352,
  "gamesplayed_delta": 4.663752583353147,
  "gamesfinished": 213428364,
  "gametime": 46688265563.83295,
  "inputs": 158517775431,
  "piecesplaced": 35790439530
}
