{
  "usercount": 8424157,
  "usercount_delta": 0.18799883782536617,
  "anoncount": 6834187,
  "rankedcount": 43449,
  "replaycount": 9685021,
  "gamesplayed": 374633894,
  "gamesplayed_delta": 4.2385192527900735,
  "gamesfinished": 290876552,
  "gametime": 64391280914.77649,
  "inputs": 221873630092,
  "piecesplaced": 50473073374
}
