{
  "usercount": 5750820,
  "usercount_delta": 0.30980449705685725,
  "anoncount": 4099131,
  "rankedcount": 41993,
  "replaycount": 10124517,
  "gamesplayed": 392932751,
  "gamesplayed_delta": 3.9133199628234605,
  "gamesfinished": 305142608,
  "gametime": 67644824536.3828,
  "inputs": 233673705022,
  "piecesplaced": 53202988347
}
