{
  "usercount": 2408138,
  "usercount_delta": 0.12964493493444829,
  "anoncount": 1789530,
  "rankedcount": 31611,
  "replaycount": 3667783,
  "gamesplayed": 113801612,
  "gamesplayed_delta": 4.197254768502763,
  "gamesfinished": 87403053,
  "gametime": 18278162933.15563,
  "inputs": 61459693114,
  "piecesplaced": 13702589767
}
