{
  "usercount": 7852828,
  "usercount_delta": 0.15688427823426745,
  "anoncount": 5917150,
  "totalaccounts": 11794449,
  "rankedcount": 51096,
  "replaycount": 10506916,
  "gamesplayed": 477028383,
  "gamesplayed_delta": 3.3337909124781833,
  "gamesfinished": 371952320,
  "gametime": 82923274831.34134,
  "inputs": 288810800136,
  "piecesplaced": 66009148795
}
