{
  "usercount": 808234,
  "usercount_delta": 0.09368910208364563,
  "anoncount": 544725,
  "rankedcount": 13990,
  "replaycount": 1397231,
  "gamesplayed": 42996507,
  "gamesplayed_delta": 2.398441013341328,
  "gamesfinished": 30193199,
  "gametime": 5980522268.314608,
  "inputs": 21571173424,
  "piecesplaced": 4743257031
}
