{
  "usercount": 4343441,
  "usercount_delta": 0.09627573370132059,
  "anoncount": 3382926,
  "rankedcount": 39642,
  "replaycount": 5137784,
  "gamesplayed": 195556047,
  "gamesplayed_delta": 5.150751753020652,
  "gamesfinished": 152828190,
  "gametime": 32927022395.78389,
  "inputs": 110837487032,
  "piecesplaced": 24900401474
}
