{
  "usercount": 802687,
  "usercount_delta": 0.03563664872955347,
  "anoncount": 540448,
  "rankedcount": 13900,
  "replaycount": 1387009,
  "gamesplayed": 42715813,
  "gamesplayed_delta": 2.6549303303517338,
  "gamesfinished": 29980674,
  "gametime": 5935746047.9848585,
  "inputs": 21425602894,
  "piecesplaced": 4709921249
}
