{
  "usercount": 820514,
  "usercount_delta": 0.05320752709149921,
  "anoncount": 554351,
  "rankedcount": 13950,
  "replaycount": 1418862,
  "gamesplayed": 43575715,
  "gamesplayed_delta": 3.0683007289431212,
  "gamesfinished": 30633182,
  "gametime": 6071391862.34432,
  "inputs": 21865726395,
  "piecesplaced": 4810536678
}
