{
  "usercount": 1111143,
  "usercount_delta": 0.05680634716252296,
  "anoncount": 778015,
  "rankedcount": 16036,
  "replaycount": 1855873,
  "gamesplayed": 56583987,
  "gamesplayed_delta": 2.063963946905001,
  "gamesfinished": 40681261,
  "gametime": 8143577553.372701,
  "inputs": 28592434338,
  "piecesplaced": 6342803175
}
