{
  "usercount": 1732759,
  "usercount_delta": 0.17801249054308643,
  "anoncount": 1258774,
  "rankedcount": 24081,
  "replaycount": 2709353,
  "gamesplayed": 82042804,
  "gamesplayed_delta": 5.8447434394980045,
  "gamesfinished": 61381682,
  "gametime": 12515926598.795227,
  "inputs": 42504899389,
  "piecesplaced": 9458407176
}
