{
  "usercount": 1039888,
  "usercount_delta": 0.1354148530748844,
  "anoncount": 722995,
  "rankedcount": 15544,
  "replaycount": 1755348,
  "gamesplayed": 53521058,
  "gamesplayed_delta": 2.553537229412106,
  "gamesfinished": 38288166,
  "gametime": 7646718021.474426,
  "inputs": 26986379361,
  "piecesplaced": 5977587035
}
