{
  "usercount": 1010895,
  "usercount_delta": 0.03385297652296078,
  "anoncount": 700564,
  "rankedcount": 15203,
  "replaycount": 1712144,
  "gamesplayed": 52164053,
  "gamesplayed_delta": 3.063694375327951,
  "gamesfinished": 37245253,
  "gametime": 7428789881.335428,
  "inputs": 26271613658,
  "piecesplaced": 5814550830
}
