{
  "usercount": 900170,
  "usercount_delta": 0,
  "anoncount": 616232,
  "rankedcount": 14221,
  "replaycount": 1544092,
  "gamesplayed": 47232001,
  "gamesplayed_delta": 3.447823561376881,
  "gamesfinished": 33447469,
  "gametime": 6648293612.450349,
  "inputs": 23733988721,
  "piecesplaced": 5236277972
}
