{
  "usercount": 1257741,
  "usercount_delta": 0.0781601109873576,
  "anoncount": 890749,
  "rankedcount": 17604,
  "replaycount": 2046940,
  "gamesplayed": 62142511,
  "gamesplayed_delta": 3.517204994431092,
  "gamesfinished": 45130758,
  "gametime": 9059207813.406197,
  "inputs": 31475866508,
  "piecesplaced": 6991747337
}
