{
  "usercount": 1057666,
  "usercount_delta": 0.019344979010697774,
  "anoncount": 736649,
  "rankedcount": 15647,
  "replaycount": 1780787,
  "gamesplayed": 54261711,
  "gamesplayed_delta": 3.2112665157758307,
  "gamesfinished": 38866080,
  "gametime": 7766265411.77275,
  "inputs": 27373766049,
  "piecesplaced": 6065628650
}
