{
  "usercount": 8668280,
  "usercount_delta": 0.12441126810628277,
  "anoncount": 6640935,
  "totalaccounts": 12630594,
  "rankedcount": 46969,
  "replaycount": 11262893,
  "gamesplayed": 505665429,
  "gamesplayed_delta": 4.034479694303741,
  "gamesfinished": 394196350,
  "gametime": 88135634902.49739,
  "inputs": 308077232528,
  "piecesplaced": 70524774700
}
