{
  "usercount": 972376,
  "usercount_delta": 0.0949231913176921,
  "anoncount": 670725,
  "rankedcount": 14723,
  "replaycount": 1650985,
  "gamesplayed": 50322365,
  "gamesplayed_delta": 2.831875207644481,
  "gamesfinished": 35829348,
  "gametime": 7136780750.790174,
  "inputs": 25321070718,
  "piecesplaced": 5597779680
}
