{
  "usercount": 789753,
  "usercount_delta": 0.03563664872955347,
  "anoncount": 530270,
  "rankedcount": 13931,
  "replaycount": 1363991,
  "gamesplayed": 42100590,
  "gamesplayed_delta": 2.975660168917715,
  "gamesfinished": 29510525,
  "gametime": 5838335166.654471,
  "inputs": 21107375949,
  "piecesplaced": 4636884861
}
