{
  "usercount": 9167665,
  "usercount_delta": 0.1195253137539486,
  "anoncount": 7089280,
  "totalaccounts": 13141558,
  "rankedcount": 48027,
  "replaycount": 11676311,
  "gamesplayed": 521316032,
  "gamesplayed_delta": 3.346708785110561,
  "gamesfinished": 406417920,
  "gametime": 90959617688.22823,
  "inputs": 318384737574,
  "piecesplaced": 72925234935
}
