{
  "usercount": 1035132,
  "usercount_delta": 0.018960940462646948,
  "anoncount": 719451,
  "rankedcount": 15393,
  "replaycount": 1749489,
  "gamesplayed": 53343658,
  "gamesplayed_delta": 2.2373909745923397,
  "gamesfinished": 38153586,
  "gametime": 7618899192.585703,
  "inputs": 26894818533,
  "piecesplaced": 5956619323
}
