{
  "usercount": 8808504,
  "usercount_delta": 0.0963948332369385,
  "anoncount": 6500865,
  "totalaccounts": 15283199,
  "rankedcount": 50224,
  "replaycount": 12608228,
  "gamesplayed": 592395851,
  "gamesplayed_delta": 3.7112010796221324,
  "gamesfinished": 460889953,
  "gametime": 103984952702.34224,
  "inputs": 366201936406,
  "piecesplaced": 84092770024
}
