{
  "usercount": 995509,
  "usercount_delta": 0.043501587807954996,
  "anoncount": 688624,
  "rankedcount": 14825,
  "replaycount": 1686571,
  "gamesplayed": 51404915,
  "gamesplayed_delta": 2.8131026782477564,
  "gamesfinished": 36666389,
  "gametime": 7308642046.344424,
  "inputs": 25879914888,
  "piecesplaced": 5725247956
}
