{
  "usercount": 1197452,
  "usercount_delta": 0.11097195580145532,
  "anoncount": 844158,
  "rankedcount": 16767,
  "replaycount": 1965402,
  "gamesplayed": 59783111,
  "gamesplayed_delta": 6.182723251795368,
  "gamesfinished": 43231182,
  "gametime": 8668152773.746965,
  "inputs": 30243506055,
  "piecesplaced": 6715032723
}
