{
  "usercount": 835153,
  "usercount_delta": 0.0532037526380194,
  "anoncount": 565666,
  "rankedcount": 14030,
  "replaycount": 1442435,
  "gamesplayed": 44256123,
  "gamesplayed_delta": 2.5715147108376044,
  "gamesfinished": 31153372,
  "gametime": 6178323538.318562,
  "inputs": 22213045143,
  "piecesplaced": 4889877866
}
