{
  "usercount": 3551637,
  "usercount_delta": 0.14286621372785574,
  "anoncount": 2719001,
  "rankedcount": 33499,
  "replaycount": 4109755,
  "gamesplayed": 164689400,
  "gamesplayed_delta": 4.111372150612737,
  "gamesfinished": 128599235,
  "gametime": 27425891728.266773,
  "inputs": 92012434608,
  "piecesplaced": 20624023246
}
