{
  "usercount": 1027516,
  "usercount_delta": 0.033854122585777885,
  "anoncount": 713473,
  "rankedcount": 15401,
  "replaycount": 1738648,
  "gamesplayed": 52971199,
  "gamesplayed_delta": 3.4023393198706775,
  "gamesfinished": 37867654,
  "gametime": 7558933087.870322,
  "inputs": 26697585932,
  "piecesplaced": 5911552775
}
