{
  "usercount": 946489,
  "usercount_delta": 0.10129317621636222,
  "anoncount": 651048,
  "rankedcount": 14226,
  "replaycount": 1613476,
  "gamesplayed": 49165109,
  "gamesplayed_delta": 2.566093797481176,
  "gamesfinished": 34943180,
  "gametime": 6955007298.61535,
  "inputs": 24727333496,
  "piecesplaced": 5462263741
}
