{
  "usercount": 5676874,
  "usercount_delta": 0.2077431539187913,
  "anoncount": 4503086,
  "rankedcount": 43307,
  "replaycount": 6631024,
  "gamesplayed": 251597127,
  "gamesplayed_delta": 5.212464589235127,
  "gamesfinished": 196131905,
  "gametime": 42793606159.17819,
  "inputs": 144994242475,
  "piecesplaced": 32707196021
}
