{
  "usercount": 869235,
  "usercount_delta": 0.0764082031846939,
  "anoncount": 592202,
  "rankedcount": 14213,
  "replaycount": 1496136,
  "gamesplayed": 45812641,
  "gamesplayed_delta": 3.1174546899355113,
  "gamesfinished": 32348649,
  "gametime": 6424571468.236176,
  "inputs": 23009281684,
  "piecesplaced": 5071353119
}
