{
  "usercount": 808517,
  "usercount_delta": 0.07093833685069253,
  "anoncount": 544942,
  "rankedcount": 14005,
  "replaycount": 1397881,
  "gamesplayed": 43012685,
  "gamesplayed_delta": 1.986273431819391,
  "gamesfinished": 30205068,
  "gametime": 5982899120.910628,
  "inputs": 21579068414,
  "piecesplaced": 4745075574
}
