{
  "usercount": 749781,
  "usercount_delta": 0.052132207277656134,
  "anoncount": 498722,
  "rankedcount": 13791,
  "replaycount": 1286726,
  "gamesplayed": 40221695,
  "gamesplayed_delta": 3.1974420463629096,
  "gamesfinished": 28085628,
  "gametime": 5540292363.584728,
  "inputs": 20125530377,
  "piecesplaced": 4412341894
}
