{
  "usercount": 1574103,
  "usercount_delta": 0.20262477009881855,
  "anoncount": 1134165,
  "rankedcount": 22159,
  "replaycount": 2491282,
  "gamesplayed": 75034608,
  "gamesplayed_delta": 4.130428005860532,
  "gamesfinished": 55561091,
  "gametime": 11254962115.914791,
  "inputs": 38423772908,
  "piecesplaced": 8550635876
}
