{
  "usercount": 1003557,
  "usercount_delta": 0.07613826709304096,
  "anoncount": 694851,
  "rankedcount": 15006,
  "replaycount": 1699580,
  "gamesplayed": 51792982,
  "gamesplayed_delta": 3.228262524744937,
  "gamesfinished": 36961601,
  "gametime": 7370163403.571579,
  "inputs": 26079955418,
  "piecesplaced": 5770957164
}
