{
  "usercount": 766119,
  "usercount_delta": 0.06196650710291088,
  "anoncount": 511583,
  "rankedcount": 14002,
  "replaycount": 1321706,
  "gamesplayed": 40999454,
  "gamesplayed_delta": 1.8125203327601431,
  "gamesfinished": 28678333,
  "gametime": 5663892394.020698,
  "inputs": 20530263689,
  "piecesplaced": 4504687540
}
