{
  "usercount": 1088370,
  "usercount_delta": 0.2085703450891164,
  "anoncount": 760331,
  "rankedcount": 16006,
  "replaycount": 1823984,
  "gamesplayed": 55608868,
  "gamesplayed_delta": 3.242320819112628,
  "gamesfinished": 39915704,
  "gametime": 7985932268.6229515,
  "inputs": 28081929476,
  "piecesplaced": 6226810907
}
