{
  "usercount": 1032622,
  "usercount_delta": 0,
  "anoncount": 717513,
  "rankedcount": 15445,
  "replaycount": 1746151,
  "gamesplayed": 53218141,
  "gamesplayed_delta": 2.3448033296207282,
  "gamesfinished": 38056679,
  "gametime": 7598855153.57977,
  "inputs": 26829285947,
  "piecesplaced": 5941690205
}
