{
  "usercount": 756966,
  "usercount_delta": 0.017427675148135237,
  "anoncount": 504361,
  "rankedcount": 13933,
  "replaycount": 1301951,
  "gamesplayed": 40557482,
  "gamesplayed_delta": 2.126176368072499,
  "gamesfinished": 28342233,
  "gametime": 5593912915.600541,
  "inputs": 20299476092,
  "piecesplaced": 4451870768
}
