{
  "usercount": 734239,
  "usercount_delta": 0.08884282224031984,
  "anoncount": 486519,
  "rankedcount": 13535,
  "replaycount": 1247752,
  "gamesplayed": 39540240,
  "gamesplayed_delta": 3.9386984526541795,
  "gamesfinished": 27568541,
  "gametime": 5433374311.963491,
  "inputs": 19777120682,
  "piecesplaced": 4333242092
}
