{
  "usercount": 752267,
  "usercount_delta": 0.0521331132157442,
  "anoncount": 500690,
  "rankedcount": 13742,
  "replaycount": 1291691,
  "gamesplayed": 40327283,
  "gamesplayed_delta": 2.8151881136501866,
  "gamesfinished": 28166176,
  "gametime": 5557539675.9591,
  "inputs": 20180803483,
  "piecesplaced": 4424856829
}
