{
  "usercount": 730721,
  "usercount_delta": 0.07971303308090873,
  "anoncount": 483683,
  "rankedcount": 13420,
  "replaycount": 1237766,
  "gamesplayed": 39401237,
  "gamesplayed_delta": 4.607413312076525,
  "gamesfinished": 27461644,
  "gametime": 5411793970.411056,
  "inputs": 19707589067,
  "piecesplaced": 4317561467
}
