{
  "usercount": 8323304,
  "usercount_delta": 0.3340894304654393,
  "anoncount": 6786958,
  "rankedcount": 42001,
  "replaycount": 9282324,
  "gamesplayed": 358428521,
  "gamesplayed_delta": 5.80260589755763,
  "gamesfinished": 278133189,
  "gametime": 61509585586.81873,
  "inputs": 211533363776,
  "piecesplaced": 48088292238
}
