{
  "usercount": 1054698,
  "usercount_delta": 0.04718687575695613,
  "anoncount": 734370,
  "rankedcount": 15757,
  "replaycount": 1776961,
  "gamesplayed": 54146113,
  "gamesplayed_delta": 2.9885021312738886,
  "gamesfinished": 38775717,
  "gametime": 7747402855.228785,
  "inputs": 27312918280,
  "piecesplaced": 6051867720
}
