{
  "usercount": 1050295,
  "usercount_delta": 0.03787089810834864,
  "anoncount": 731025,
  "rankedcount": 15577,
  "replaycount": 1770343,
  "gamesplayed": 53949403,
  "gamesplayed_delta": 2.8592528071803223,
  "gamesfinished": 38621043,
  "gametime": 7715322513.10355,
  "inputs": 27210232933,
  "piecesplaced": 6028608899
}
