{
  "usercount": 784281,
  "usercount_delta": 0.04517936206740761,
  "anoncount": 525858,
  "rankedcount": 13905,
  "replaycount": 1357196,
  "gamesplayed": 41919238,
  "gamesplayed_delta": 3.32821300563236,
  "gamesfinished": 29372966,
  "gametime": 5809423284.320374,
  "inputs": 21013187375,
  "piecesplaced": 4615292796
}
