{
  "usercount": 1235046,
  "usercount_delta": 0.03535567812190638,
  "anoncount": 873201,
  "rankedcount": 17389,
  "replaycount": 2014972,
  "gamesplayed": 61261629,
  "gamesplayed_delta": 2.315796916984868,
  "gamesfinished": 44423595,
  "gametime": 8913594654.733047,
  "inputs": 31017087651,
  "piecesplaced": 6888676872
}
