{
  "usercount": 5940410,
  "usercount_delta": 0.14351549170002073,
  "anoncount": 4244456,
  "rankedcount": 42660,
  "replaycount": 10437233,
  "gamesplayed": 405907773,
  "gamesplayed_delta": 2.663009679322607,
  "gamesfinished": 315358064,
  "gametime": 69885580726.25935,
  "inputs": 241684141892,
  "piecesplaced": 55068061207
}
