{
  "usercount": 954621,
  "usercount_delta": 0.052059834102661996,
  "anoncount": 657174,
  "rankedcount": 14467,
  "replaycount": 1623391,
  "gamesplayed": 49520131,
  "gamesplayed_delta": 2.533578592996217,
  "gamesfinished": 35215611,
  "gametime": 7010644949.680793,
  "inputs": 24910891833,
  "piecesplaced": 5504299557
}
