{
  "usercount": 952916,
  "usercount_delta": 0.05205802734781703,
  "anoncount": 655846,
  "rankedcount": 14394,
  "replaycount": 1620710,
  "gamesplayed": 49441855,
  "gamesplayed_delta": 2.5508433400430346,
  "gamesfinished": 35156456,
  "gametime": 6998598621.907286,
  "inputs": 24870148144,
  "piecesplaced": 5494973422
}
