{
  "usercount": 844378,
  "usercount_delta": 0.10539814147943859,
  "anoncount": 572812,
  "rankedcount": 14023,
  "replaycount": 1457492,
  "gamesplayed": 44692714,
  "gamesplayed_delta": 1.6512375498445377,
  "gamesfinished": 31487419,
  "gametime": 6247471825.199909,
  "inputs": 22439254982,
  "piecesplaced": 4941506885
}
