{
  "usercount": 950026,
  "usercount_delta": 0.059411528807165034,
  "anoncount": 653649,
  "rankedcount": 14322,
  "replaycount": 1617090,
  "gamesplayed": 49322472,
  "gamesplayed_delta": 3.000282204761834,
  "gamesfinished": 35064960,
  "gametime": 6979915782.631814,
  "inputs": 24809307613,
  "piecesplaced": 5481021028
}
