{
  "usercount": 1120604,
  "usercount_delta": 0.05803605973845082,
  "anoncount": 785392,
  "rankedcount": 16041,
  "replaycount": 1870155,
  "gamesplayed": 57021077,
  "gamesplayed_delta": 3.7916892362454537,
  "gamesfinished": 41024031,
  "gametime": 8214221883.948584,
  "inputs": 28820330964,
  "piecesplaced": 6394714037
}
