{
  "usercount": 1173801,
  "usercount_delta": 0.05680634716252296,
  "anoncount": 825940,
  "rankedcount": 16571,
  "replaycount": 1934779,
  "gamesplayed": 58911045,
  "gamesplayed_delta": 2.4994792751510104,
  "gamesfinished": 42532055,
  "gametime": 8524208700.495003,
  "inputs": 29795164110,
  "piecesplaced": 6614486615
}
