{
  "usercount": 8264352,
  "usercount_delta": 0.1973696014928319,
  "anoncount": 6278418,
  "totalaccounts": 12217116,
  "rankedcount": 44958,
  "replaycount": 10933723,
  "gamesplayed": 493442494,
  "gamesplayed_delta": 5.7237184432921255,
  "gamesfinished": 384629602,
  "gametime": 85949178407.21509,
  "inputs": 300091218018,
  "piecesplaced": 68663218254
}
