{
  "usercount": 8668818,
  "usercount_delta": 0.2690381884761976,
  "anoncount": 6385363,
  "totalaccounts": 15028462,
  "rankedcount": 49471,
  "replaycount": 12399115,
  "gamesplayed": 584718456,
  "gamesplayed_delta": 4.110305657275241,
  "gamesfinished": 454953715,
  "gametime": 102570183819.71016,
  "inputs": 361015363726,
  "piecesplaced": 82884628300
}
