{
  "usercount": 929113,
  "usercount_delta": 0.07026419336706015,
  "anoncount": 637763,
  "rankedcount": 14242,
  "replaycount": 1588529,
  "gamesplayed": 48457024,
  "gamesplayed_delta": 2.6876053962900506,
  "gamesfinished": 34395085,
  "gametime": 6842159301.433079,
  "inputs": 24363144078,
  "piecesplaced": 5379614800
}
