{
  "usercount": 8841970,
  "usercount_delta": 0.15337423312883436,
  "anoncount": 6632290,
  "totalaccounts": 14379672,
  "rankedcount": 49944,
  "replaycount": 11728331,
  "gamesplayed": 561908229,
  "gamesplayed_delta": 4.585889570552147,
  "gamesfinished": 437606152,
  "gametime": 98363357866.91173,
  "inputs": 345593382883,
  "piecesplaced": 79284974170
}
