{
  "usercount": 875777,
  "usercount_delta": 0.10697148445857146,
  "anoncount": 597265,
  "rankedcount": 14286,
  "replaycount": 1506650,
  "gamesplayed": 46119430,
  "gamesplayed_delta": 2.8423851584706132,
  "gamesfinished": 32586206,
  "gametime": 6473143154.269558,
  "inputs": 23167399609,
  "piecesplaced": 5107327157
}
