{
  "usercount": 9050880,
  "usercount_delta": 0.11412051125989044,
  "anoncount": 6984834,
  "totalaccounts": 13022062,
  "rankedcount": 47871,
  "replaycount": 11582127,
  "gamesplayed": 517807549,
  "gamesplayed_delta": 3.3475349969567865,
  "gamesfinished": 403666172,
  "gametime": 90327202258.7258,
  "inputs": 316075476488,
  "piecesplaced": 72389753290
}
