{
  "usercount": 954112,
  "usercount_delta": 0.03902743628771026,
  "anoncount": 656775,
  "rankedcount": 14440,
  "replaycount": 1622360,
  "gamesplayed": 49497982,
  "gamesplayed_delta": 2.32213245911876,
  "gamesfinished": 35198999,
  "gametime": 7007297617.947216,
  "inputs": 24899726701,
  "piecesplaced": 5501758508
}
