{
  "usercount": 8504835,
  "usercount_delta": 0.20090251591766087,
  "anoncount": 6337637,
  "totalaccounts": 14033326,
  "rankedcount": 51954,
  "replaycount": 11357762,
  "gamesplayed": 550236698,
  "gamesplayed_delta": 4.821660382023861,
  "gamesfinished": 428750078,
  "gametime": 96203356388.07509,
  "inputs": 337644495434,
  "piecesplaced": 77423799303
}
