{
  "usercount": 803866,
  "usercount_delta": 0.07495549517474,
  "anoncount": 541365,
  "rankedcount": 13950,
  "replaycount": 1389140,
  "gamesplayed": 42771523,
  "gamesplayed_delta": 3.2230862925138197,
  "gamesfinished": 30023320,
  "gametime": 5944958568.088293,
  "inputs": 21455447197,
  "piecesplaced": 4716749391
}
