{
  "usercount": 3178891,
  "usercount_delta": 0.1123721766490617,
  "anoncount": 2410149,
  "rankedcount": 30744,
  "replaycount": 3685095,
  "gamesplayed": 149523883,
  "gamesplayed_delta": 6.0493688429411545,
  "gamesfinished": 116419191,
  "gametime": 24705575241.627956,
  "inputs": 82852022680,
  "piecesplaced": 18547462305
}
