{
  "usercount": 991877,
  "usercount_delta": 0.030519906609085774,
  "anoncount": 685787,
  "rankedcount": 14893,
  "replaycount": 1680834,
  "gamesplayed": 51233938,
  "gamesplayed_delta": 2.85361126794952,
  "gamesfinished": 36536631,
  "gametime": 7281784977.273976,
  "inputs": 25792951786,
  "piecesplaced": 5705462106
}
