{
  "usercount": 1225205,
  "usercount_delta": 0.03908081913396905,
  "anoncount": 865455,
  "rankedcount": 17265,
  "replaycount": 2002275,
  "gamesplayed": 60867336,
  "gamesplayed_delta": 3.810379865561982,
  "gamesfinished": 44106260,
  "gametime": 8848240636.195719,
  "inputs": 30810091304,
  "piecesplaced": 6842100914
}
