{
  "usercount": 8806981,
  "usercount_delta": 0.1644171412343243,
  "anoncount": 6601991,
  "totalaccounts": 14343656,
  "rankedcount": 48765,
  "replaycount": 11684958,
  "gamesplayed": 560512638,
  "gamesplayed_delta": 5.081984365424569,
  "gamesfinished": 436554027,
  "gametime": 98104763126.71277,
  "inputs": 344637435536,
  "piecesplaced": 79060816892
}
