{
  "usercount": 853933,
  "usercount_delta": 0.04584492191081634,
  "anoncount": 580293,
  "rankedcount": 14047,
  "replaycount": 1473313,
  "gamesplayed": 45147241,
  "gamesplayed_delta": 1.8796417983434701,
  "gamesfinished": 31831771,
  "gametime": 6318050222.739852,
  "inputs": 22667984440,
  "piecesplaced": 4993595625
}
