{
  "usercount": 985262,
  "usercount_delta": 0.08763985860769477,
  "anoncount": 680703,
  "rankedcount": 14811,
  "replaycount": 1669926,
  "gamesplayed": 50910196,
  "gamesplayed_delta": 2.3808828255090413,
  "gamesfinished": 36286415,
  "gametime": 7229420290.856921,
  "inputs": 25622195799,
  "piecesplaced": 5666376911
}
