{
  "usercount": 978446,
  "usercount_delta": 0.04568296025582458,
  "anoncount": 675404,
  "rankedcount": 14769,
  "replaycount": 1659562,
  "gamesplayed": 50590196,
  "gamesplayed_delta": 3.319628445256586,
  "gamesfinished": 36039051,
  "gametime": 7178769355.929312,
  "inputs": 25456420059,
  "piecesplaced": 5628477301
}
