{
  "usercount": 845149,
  "usercount_delta": 0.039736941447616775,
  "anoncount": 573433,
  "rankedcount": 14059,
  "replaycount": 1458984,
  "gamesplayed": 44731599,
  "gamesplayed_delta": 2.7418489598855573,
  "gamesfinished": 31516246,
  "gametime": 6253331320.308497,
  "inputs": 22458870023,
  "piecesplaced": 4945991186
}
