{
  "usercount": 8593127,
  "usercount_delta": 0.10736360987131705,
  "anoncount": 6341265,
  "totalaccounts": 14730121,
  "rankedcount": 49092,
  "replaycount": 12114248,
  "gamesplayed": 574679247,
  "gamesplayed_delta": 4.0031288823448214,
  "gamesfinished": 447290293,
  "gametime": 100720045994.93452,
  "inputs": 354249002795,
  "piecesplaced": 81304398172
}
