{
  "usercount": 984432,
  "usercount_delta": 0.03164106377256403,
  "anoncount": 680048,
  "rankedcount": 14782,
  "replaycount": 1668538,
  "gamesplayed": 50869630,
  "gamesplayed_delta": 3.3064911642329413,
  "gamesfinished": 36255963,
  "gametime": 7223138527.579268,
  "inputs": 25601894615,
  "piecesplaced": 5661737419
}
