{
  "usercount": 1012848,
  "usercount_delta": 0.13704470702887075,
  "anoncount": 702065,
  "rankedcount": 15075,
  "replaycount": 1715562,
  "gamesplayed": 52260801,
  "gamesplayed_delta": 3.8524789864782556,
  "gamesfinished": 37319512,
  "gametime": 7444110819.44331,
  "inputs": 26321618879,
  "piecesplaced": 5825899868
}
