{
  "usercount": 797476,
  "usercount_delta": 0.094732853353543,
  "anoncount": 536423,
  "rankedcount": 13872,
  "replaycount": 1376981,
  "gamesplayed": 42447174,
  "gamesplayed_delta": 2.0841227737779464,
  "gamesfinished": 29775060,
  "gametime": 5892826250.262886,
  "inputs": 21285216714,
  "piecesplaced": 4677641371
}
