{
  "usercount": 2074132,
  "usercount_delta": 0.019904458598726114,
  "anoncount": 1523907,
  "rankedcount": 31662,
  "replaycount": 3205131,
  "gamesplayed": 96595118,
  "gamesplayed_delta": 4.896496815286624,
  "gamesfinished": 73429163,
  "gametime": 15169770237.669153,
  "inputs": 51081189041,
  "piecesplaced": 11356260470
}
