{
  "usercount": 966511,
  "usercount_delta": 0.07805639574592643,
  "anoncount": 666285,
  "rankedcount": 14515,
  "replaycount": 1641747,
  "gamesplayed": 50064248,
  "gamesplayed_delta": 2.9856571372816862,
  "gamesfinished": 35632639,
  "gametime": 7096044062.844804,
  "inputs": 25189297111,
  "piecesplaced": 5567755684
}
