{
  "usercount": 6109933,
  "usercount_delta": 0.2296663276354211,
  "anoncount": 4386543,
  "rankedcount": 44805,
  "replaycount": 10643035,
  "gamesplayed": 414059718,
  "gamesplayed_delta": 4.9706355195380425,
  "gamesfinished": 321874315,
  "gametime": 71306104359.61241,
  "inputs": 246730054679,
  "piecesplaced": 56238216306
}
