{
  "usercount": 1195036,
  "usercount_delta": 0.05688282138794084,
  "anoncount": 842260,
  "rankedcount": 16694,
  "replaycount": 1962653,
  "gamesplayed": 59702677,
  "gamesplayed_delta": 2.7114144861585134,
  "gamesfinished": 43167992,
  "gametime": 8654874525.511564,
  "inputs": 30201953250,
  "piecesplaced": 6705698259
}
