{
  "usercount": 746036,
  "usercount_delta": 0.09620750033672626,
  "anoncount": 495820,
  "rankedcount": 13635,
  "replaycount": 1277482,
  "gamesplayed": 40038805,
  "gamesplayed_delta": 3.1171230109099306,
  "gamesfinished": 27946819,
  "gametime": 5511639819.398048,
  "inputs": 20032181678,
  "piecesplaced": 4391185727
}
