{
  "usercount": 5787416,
  "usercount_delta": 0.2303389272787101,
  "anoncount": 4126861,
  "rankedcount": 41791,
  "replaycount": 10188064,
  "gamesplayed": 395695444,
  "gamesplayed_delta": 4.804211911813097,
  "gamesfinished": 307302978,
  "gametime": 68117825300.17829,
  "inputs": 235379309907,
  "piecesplaced": 53601656315
}
