{
  "usercount": 874108,
  "usercount_delta": 0.04299595837991229,
  "anoncount": 595963,
  "rankedcount": 14231,
  "replaycount": 1504148,
  "gamesplayed": 46047514,
  "gamesplayed_delta": 2.2644538080087138,
  "gamesfinished": 32530141,
  "gametime": 6461562834.865821,
  "inputs": 23130130295,
  "piecesplaced": 5098893928
}
