{
  "usercount": 744587,
  "usercount_delta": 0.062172622285776455,
  "anoncount": 494695,
  "rankedcount": 13730,
  "replaycount": 1273493,
  "gamesplayed": 39967588,
  "gamesplayed_delta": 2.3781028024309494,
  "gamesfinished": 27895146,
  "gametime": 5500621323.873628,
  "inputs": 19995705101,
  "piecesplaced": 4382850134
}
