{
  "usercount": 8310792,
  "usercount_delta": 0.1370520112382649,
  "anoncount": 6319609,
  "totalaccounts": 12264675,
  "rankedcount": 45295,
  "replaycount": 10979241,
  "gamesplayed": 495135043,
  "gamesplayed_delta": 3.991639827314466,
  "gamesfinished": 385945410,
  "gametime": 86257512195.76889,
  "inputs": 301231223545,
  "piecesplaced": 68931223023
}
