{
  "usercount": 774481,
  "usercount_delta": 0.13116720070455526,
  "anoncount": 518152,
  "rankedcount": 13855,
  "replaycount": 1338536,
  "gamesplayed": 41422950,
  "gamesplayed_delta": 2.791987557854105,
  "gamesfinished": 28998118,
  "gametime": 5731067941.195872,
  "inputs": 20753051961,
  "piecesplaced": 4555638036
}
