{
  "usercount": 998153,
  "usercount_delta": 0.07669299792928906,
  "anoncount": 690680,
  "rankedcount": 14916,
  "replaycount": 1690670,
  "gamesplayed": 51527441,
  "gamesplayed_delta": 2.3966561852902832,
  "gamesfinished": 36760384,
  "gametime": 7327812097.9518,
  "inputs": 25942424158,
  "piecesplaced": 5739502676
}
