{
  "usercount": 958748,
  "usercount_delta": 0.03259027506192152,
  "anoncount": 660248,
  "rankedcount": 14611,
  "replaycount": 1629928,
  "gamesplayed": 49713535,
  "gamesplayed_delta": 2.167253291617781,
  "gamesfinished": 35364731,
  "gametime": 7041116296.814091,
  "inputs": 25009751500,
  "piecesplaced": 5526859770
}
