{
  "usercount": 877623,
  "usercount_delta": 0.03747704530974778,
  "anoncount": 598701,
  "rankedcount": 14160,
  "replaycount": 1509646,
  "gamesplayed": 46209443,
  "gamesplayed_delta": 2.061237492036128,
  "gamesfinished": 32654391,
  "gametime": 6487312396.947049,
  "inputs": 23213741096,
  "piecesplaced": 5117984125
}
