{
  "usercount": 8224043,
  "usercount_delta": 0.07303534910896874,
  "anoncount": 6242185,
  "totalaccounts": 12175879,
  "rankedcount": 44484,
  "replaycount": 10899535,
  "gamesplayed": 492137359,
  "gamesplayed_delta": 5.2220274612912645,
  "gamesfinished": 383607734,
  "gametime": 85714816982.00914,
  "inputs": 299228851886,
  "piecesplaced": 68461224975
}
