{
  "usercount": 990314,
  "usercount_delta": 0.11503949689393358,
  "anoncount": 684595,
  "rankedcount": 14831,
  "replaycount": 1678368,
  "gamesplayed": 51159592,
  "gamesplayed_delta": 3.2211059130301405,
  "gamesfinished": 36479419,
  "gametime": 7269673192.185504,
  "inputs": 25754356985,
  "piecesplaced": 5696683602
}
