{
  "usercount": 941870,
  "usercount_delta": 0.018738171529222178,
  "anoncount": 647577,
  "rankedcount": 14290,
  "replaycount": 1606719,
  "gamesplayed": 48971304,
  "gamesplayed_delta": 2.6420821856203274,
  "gamesfinished": 34791949,
  "gametime": 6923904744.69547,
  "inputs": 24626454576,
  "piecesplaced": 5439310648
}
