{
  "usercount": 7191269,
  "usercount_delta": 0.2677966635686268,
  "anoncount": 5333584,
  "totalaccounts": 11115580,
  "rankedcount": 60320,
  "replaycount": 9788129,
  "gamesplayed": 452258001,
  "gamesplayed_delta": 5.797010129014981,
  "gamesfinished": 352510134,
  "gametime": 78270643043.20833,
  "inputs": 271676696511,
  "piecesplaced": 62003236395
}
