{
  "usercount": 1510523,
  "usercount_delta": 0.13338224015472339,
  "anoncount": 1084852,
  "rankedcount": 21036,
  "replaycount": 2400031,
  "gamesplayed": 72363325,
  "gamesplayed_delta": 2.984427623461936,
  "gamesfinished": 53386467,
  "gametime": 10795484609.746899,
  "inputs": 36957291819,
  "piecesplaced": 8222781297
}
