{
  "usercount": 1079117,
  "usercount_delta": 0.09511881925839027,
  "anoncount": 753264,
  "rankedcount": 15880,
  "replaycount": 1811445,
  "gamesplayed": 55250594,
  "gamesplayed_delta": 2.409676754545887,
  "gamesfinished": 39633731,
  "gametime": 7927465847.941606,
  "inputs": 27895818968,
  "piecesplaced": 6184683965
}
