{
  "usercount": 8394101,
  "usercount_delta": 0.2179632887546512,
  "anoncount": 6847808,
  "rankedcount": 42115,
  "replaycount": 9354377,
  "gamesplayed": 361234518,
  "gamesplayed_delta": 4.997586835017359,
  "gamesfinished": 280339398,
  "gametime": 62003497349.13212,
  "inputs": 213296580879,
  "piecesplaced": 48494819668
}
