{
  "usercount": 8070322,
  "usercount_delta": 0.06150345188123683,
  "anoncount": 6105902,
  "totalaccounts": 12018295,
  "rankedcount": 46131,
  "replaycount": 10754271,
  "gamesplayed": 486394990,
  "gamesplayed_delta": 3.3826898534680256,
  "gamesfinished": 379156718,
  "gametime": 84667750135.98416,
  "inputs": 295329877382,
  "piecesplaced": 67545466238
}
