{
  "usercount": 5768963,
  "usercount_delta": 0.11413849891568426,
  "anoncount": 4112851,
  "rankedcount": 41906,
  "replaycount": 10156374,
  "gamesplayed": 394342491,
  "gamesplayed_delta": 4.2068189600352195,
  "gamesfinished": 306253215,
  "gametime": 67884760853.70003,
  "inputs": 234529642084,
  "piecesplaced": 53402249270
}
