{
  "usercount": 901856,
  "usercount_delta": 0.01433198612663743,
  "anoncount": 617582,
  "rankedcount": 14296,
  "replaycount": 1546969,
  "gamesplayed": 47320349,
  "gamesplayed_delta": 2.5797575027947373,
  "gamesfinished": 33515290,
  "gametime": 6662531366.282044,
  "inputs": 23781411907,
  "piecesplaced": 5247206403
}
