{
  "usercount": 1131806,
  "usercount_delta": 0.03535630314494317,
  "anoncount": 794232,
  "rankedcount": 16220,
  "replaycount": 1885680,
  "gamesplayed": 57481775,
  "gamesplayed_delta": 2.545653826435908,
  "gamesfinished": 41385925,
  "gametime": 8288344943.3019,
  "inputs": 29056687268,
  "piecesplaced": 6448156646
}
