{
  "usercount": 936157,
  "usercount_delta": 0.05064744314824507,
  "anoncount": 643221,
  "rankedcount": 14294,
  "replaycount": 1599278,
  "gamesplayed": 48749793,
  "gamesplayed_delta": 2.5830196005604984,
  "gamesfinished": 34619706,
  "gametime": 6888099886.645123,
  "inputs": 24511994484,
  "piecesplaced": 5413400169
}
