{
  "usercount": 2589850,
  "usercount_delta": 0.06362638586221707,
  "anoncount": 1933632,
  "rankedcount": 29402,
  "replaycount": 3908788,
  "gamesplayed": 123248865,
  "gamesplayed_delta": 3.9130227305263494,
  "gamesfinished": 95013762,
  "gametime": 19973203990.66748,
  "inputs": 67149529829,
  "piecesplaced": 14996973141
}
