{
  "usercount": 1130814,
  "usercount_delta": 0.09512183521727413,
  "anoncount": 793476,
  "rankedcount": 16171,
  "replaycount": 1884014,
  "gamesplayed": 57436900,
  "gamesplayed_delta": 3.3292642326045945,
  "gamesfinished": 41350893,
  "gametime": 8281170337.409256,
  "inputs": 29034110662,
  "piecesplaced": 6443068893
}
