{
  "usercount": 978115,
  "usercount_delta": 0.20449300341795448,
  "anoncount": 675147,
  "rankedcount": 14765,
  "replaycount": 1659122,
  "gamesplayed": 50576830,
  "gamesplayed_delta": 4.119073354561654,
  "gamesfinished": 36028386,
  "gametime": 7176656326.244635,
  "inputs": 25449554744,
  "piecesplaced": 5626931534
}
