{
  "usercount": 1066675,
  "usercount_delta": 0.06616710502373745,
  "anoncount": 743654,
  "rankedcount": 15794,
  "replaycount": 1793277,
  "gamesplayed": 54668198,
  "gamesplayed_delta": 2.6136006484376293,
  "gamesfinished": 39184405,
  "gametime": 7833338130.597698,
  "inputs": 27588650776,
  "piecesplaced": 6114752620
}
