{
  "usercount": 8365325,
  "usercount_delta": 0.07746983518292565,
  "anoncount": 6212867,
  "totalaccounts": 13890685,
  "rankedcount": 51479,
  "replaycount": 11205066,
  "gamesplayed": 545443227,
  "gamesplayed_delta": 5.519725756783452,
  "gamesfinished": 425068805,
  "gametime": 95314241779.33788,
  "inputs": 334353869672,
  "piecesplaced": 76653062915
}
