{
  "usercount": 8554203,
  "usercount_delta": 0.0891440389381162,
  "anoncount": 6296350,
  "totalaccounts": 14782054,
  "rankedcount": 49034,
  "replaycount": 12168801,
  "gamesplayed": 576573530,
  "gamesplayed_delta": 4.243256253454332,
  "gamesfinished": 448716804,
  "gametime": 101072933031.83368,
  "inputs": 355554984461,
  "piecesplaced": 81610468412
}
