{
  "usercount": 822388,
  "usercount_delta": 0.01433219153540768,
  "anoncount": 555818,
  "rankedcount": 14014,
  "replaycount": 1421977,
  "gamesplayed": 43660448,
  "gamesplayed_delta": 2.3504794118068597,
  "gamesfinished": 30698150,
  "gametime": 6084836395.707561,
  "inputs": 21910342731,
  "piecesplaced": 4820751210
}
