{
  "usercount": 912501,
  "usercount_delta": 0.035131479562261765,
  "anoncount": 625172,
  "rankedcount": 14273,
  "replaycount": 1561604,
  "gamesplayed": 47718561,
  "gamesplayed_delta": 2.230848952203622,
  "gamesfinished": 33823768,
  "gametime": 6726301510.143051,
  "inputs": 23989361167,
  "piecesplaced": 5294761583
}
