{
  "usercount": 778715,
  "usercount_delta": 0.07746053385799934,
  "anoncount": 521503,
  "rankedcount": 13826,
  "replaycount": 1346656,
  "gamesplayed": 41631652,
  "gamesplayed_delta": 1.2858448620427891,
  "gamesfinished": 29155682,
  "gametime": 5764312249.665556,
  "inputs": 20864252099,
  "piecesplaced": 4581175178
}
