{
  "usercount": 2374417,
  "usercount_delta": 0.05268333801629671,
  "anoncount": 1762733,
  "rankedcount": 32025,
  "replaycount": 3623451,
  "gamesplayed": 112062129,
  "gamesplayed_delta": 4.811744872155099,
  "gamesfinished": 85993884,
  "gametime": 17965766629.361694,
  "inputs": 60419298487,
  "piecesplaced": 13466665515
}
