{
  "usercount": 5777916,
  "usercount_delta": 0.06522518996836578,
  "anoncount": 4138278,
  "rankedcount": 41816,
  "replaycount": 10039092,
  "gamesplayed": 389342422,
  "gamesplayed_delta": 4.207024752959593,
  "gamesfinished": 302340387,
  "gametime": 67018235681.028595,
  "inputs": 231409926473,
  "piecesplaced": 52678631068
}
