{
  "usercount": 900668,
  "usercount_delta": 0.1204764844961824,
  "anoncount": 616640,
  "rankedcount": 14237,
  "replaycount": 1544806,
  "gamesplayed": 47254978,
  "gamesplayed_delta": 2.620363537791967,
  "gamesfinished": 33465841,
  "gametime": 6652122337.087833,
  "inputs": 23746338100,
  "piecesplaced": 5239116649
}
