{
  "usercount": 1112606,
  "usercount_delta": 0.01893544905417432,
  "anoncount": 779116,
  "rankedcount": 16098,
  "replaycount": 1858335,
  "gamesplayed": 56658208,
  "gamesplayed_delta": 1.9692867016341293,
  "gamesfinished": 40739451,
  "gametime": 8155826588.540648,
  "inputs": 28632769375,
  "piecesplaced": 6351995836
}
