{
  "usercount": 1234019,
  "usercount_delta": 0.09925065753560616,
  "anoncount": 872354,
  "rankedcount": 17353,
  "replaycount": 2013618,
  "gamesplayed": 61220739,
  "gamesplayed_delta": 3.010603278580054,
  "gamesfinished": 44390464,
  "gametime": 8906587849.397064,
  "inputs": 30994555914,
  "piecesplaced": 6883573985
}
