{
  "usercount": 1129136,
  "usercount_delta": 0.03145742237881028,
  "anoncount": 792140,
  "rankedcount": 16110,
  "replaycount": 1881456,
  "gamesplayed": 57368535,
  "gamesplayed_delta": 2.3278492560319606,
  "gamesfinished": 41297721,
  "gametime": 8270215932.094664,
  "inputs": 28998589887,
  "piecesplaced": 6435030382
}
