{
  "usercount": 1073580,
  "usercount_delta": 0.09925065753560616,
  "anoncount": 748977,
  "rankedcount": 15883,
  "replaycount": 1803509,
  "gamesplayed": 55001961,
  "gamesplayed_delta": 4.218152945263262,
  "gamesfinished": 39441138,
  "gametime": 7887350999.649953,
  "inputs": 27766111331,
  "piecesplaced": 6155209310
}
