{
  "usercount": 9234788,
  "usercount_delta": 0.22197937299364798,
  "anoncount": 7149232,
  "totalaccounts": 13210295,
  "rankedcount": 47932,
  "replaycount": 11740283,
  "gamesplayed": 523697814,
  "gamesplayed_delta": 5.003073560549143,
  "gamesfinished": 408255216,
  "gametime": 91392048033.31119,
  "inputs": 319984814595,
  "piecesplaced": 73298431517
}
