{
  "usercount": 761186,
  "usercount_delta": 0.03157662067005589,
  "anoncount": 507727,
  "rankedcount": 13942,
  "replaycount": 1310376,
  "gamesplayed": 40752620,
  "gamesplayed_delta": 4.357573652467713,
  "gamesfinished": 28491666,
  "gametime": 5624845005.544521,
  "inputs": 20400153318,
  "piecesplaced": 4474836568
}
