{
  "usercount": 5802543,
  "usercount_delta": 0.14472943635925062,
  "anoncount": 4159832,
  "rankedcount": 41697,
  "replaycount": 10059486,
  "gamesplayed": 390237239,
  "gamesplayed_delta": 4.1489105089651845,
  "gamesfinished": 303043978,
  "gametime": 67175268318.93527,
  "inputs": 231978101557,
  "piecesplaced": 52809666680
}
