{
  "usercount": 950561,
  "usercount_delta": 0.04809156634231577,
  "anoncount": 654064,
  "rankedcount": 14337,
  "replaycount": 1617738,
  "gamesplayed": 49348445,
  "gamesplayed_delta": 3.0457992016799986,
  "gamesfinished": 35084435,
  "gametime": 6983937325.251512,
  "inputs": 24822431944,
  "piecesplaced": 5484042280
}
