{
  "usercount": 5806682,
  "usercount_delta": 0.2844141069397042,
  "anoncount": 4141456,
  "rankedcount": 41683,
  "replaycount": 10221298,
  "gamesplayed": 397105313,
  "gamesplayed_delta": 4.771836683099482,
  "gamesfinished": 308403635,
  "gametime": 68359490629.41958,
  "inputs": 236244616219,
  "piecesplaced": 53803380602
}
