{
  "usercount": 1062973,
  "usercount_delta": 0.06616929413905477,
  "anoncount": 740843,
  "rankedcount": 15655,
  "replaycount": 1788007,
  "gamesplayed": 54494247,
  "gamesplayed_delta": 2.8121950009098278,
  "gamesfinished": 39046817,
  "gametime": 7804064172.684564,
  "inputs": 27496840912,
  "piecesplaced": 6093741366
}
