{
  "usercount": 757601,
  "usercount_delta": 0.03429590506893477,
  "anoncount": 504880,
  "rankedcount": 13960,
  "replaycount": 1303377,
  "gamesplayed": 40588937,
  "gamesplayed_delta": 2.280677687084162,
  "gamesfinished": 28366178,
  "gametime": 5598826242.478003,
  "inputs": 20316020344,
  "piecesplaced": 4455636580
}
