{
  "usercount": 1175814,
  "usercount_delta": 0.0946790380609733,
  "anoncount": 827426,
  "rankedcount": 16438,
  "replaycount": 1937628,
  "gamesplayed": 58982398,
  "gamesplayed_delta": 3.503124408256012,
  "gamesfinished": 42588631,
  "gametime": 8535830415.433636,
  "inputs": 29831025919,
  "piecesplaced": 6622531898
}
