{
  "usercount": 763500,
  "usercount_delta": 0.03685209412024838,
  "anoncount": 509513,
  "rankedcount": 13872,
  "replaycount": 1315818,
  "gamesplayed": 40869767,
  "gamesplayed_delta": 2.211125647214903,
  "gamesfinished": 28580582,
  "gametime": 5643592631.310202,
  "inputs": 20462499786,
  "piecesplaced": 4489128468
}
