{
  "usercount": 1243677,
  "usercount_delta": 0.0786460299484082,
  "anoncount": 879803,
  "rankedcount": 17482,
  "replaycount": 2027084,
  "gamesplayed": 61585768,
  "gamesplayed_delta": 3.193028815905373,
  "gamesfinished": 44683328,
  "gametime": 8967222106.037603,
  "inputs": 31186104508,
  "piecesplaced": 6926718122
}
