{
  "usercount": 918117,
  "usercount_delta": 0.04299534217126478,
  "anoncount": 629444,
  "rankedcount": 14254,
  "replaycount": 1571014,
  "gamesplayed": 47960835,
  "gamesplayed_delta": 2.3217484772482977,
  "gamesfinished": 34010761,
  "gametime": 6764350287.109428,
  "inputs": 24112688827,
  "piecesplaced": 5322765002
}
