{
  "usercount": 805059,
  "usercount_delta": 0.037476343058444356,
  "anoncount": 542261,
  "rankedcount": 13846,
  "replaycount": 1391184,
  "gamesplayed": 42834975,
  "gamesplayed_delta": 2.0237225251559954,
  "gamesfinished": 30071784,
  "gametime": 5955188524.697492,
  "inputs": 21488722895,
  "piecesplaced": 4724365184
}
