{
  "usercount": 968073,
  "usercount_delta": 0.04382377001285497,
  "anoncount": 667444,
  "rankedcount": 14576,
  "replaycount": 1644313,
  "gamesplayed": 50130920,
  "gamesplayed_delta": 2.6002103540960615,
  "gamesfinished": 35682460,
  "gametime": 7106282513.95775,
  "inputs": 25222603008,
  "piecesplaced": 5575360609
}
