{
  "usercount": 1233358,
  "usercount_delta": 0.1323342100474749,
  "anoncount": 871822,
  "rankedcount": 17332,
  "replaycount": 2012902,
  "gamesplayed": 61195644,
  "gamesplayed_delta": 2.7293930822291697,
  "gamesfinished": 44369628,
  "gametime": 8902347685.639063,
  "inputs": 30981280293,
  "piecesplaced": 6880588840
}
