{
  "usercount": 1214573,
  "usercount_delta": 0.04756016360696281,
  "anoncount": 857290,
  "rankedcount": 17060,
  "replaycount": 1986168,
  "gamesplayed": 60403218,
  "gamesplayed_delta": 3.138970798059545,
  "gamesfinished": 43734561,
  "gametime": 8770365755.922142,
  "inputs": 30560613762,
  "piecesplaced": 6785852662
}
