{
  "usercount": 2211374,
  "usercount_delta": 0.12956005108367727,
  "anoncount": 1633108,
  "rankedcount": 32178,
  "replaycount": 3402455,
  "gamesplayed": 103647967,
  "gamesplayed_delta": 6.126339558385311,
  "gamesfinished": 79187923,
  "gametime": 16445187265.790873,
  "inputs": 55315933484,
  "piecesplaced": 12307700498
}
