{
  "usercount": 8503741,
  "usercount_delta": 0.08681158413778735,
  "anoncount": 6936858,
  "rankedcount": 43659,
  "replaycount": 9506310,
  "gamesplayed": 367225754,
  "gamesplayed_delta": 4.028057503993333,
  "gamesfinished": 285082437,
  "gametime": 63063629461.66833,
  "inputs": 217061325307,
  "piecesplaced": 49358376946
}
