{
  "usercount": 728683,
  "usercount_delta": 0.046472720513058834,
  "anoncount": 482078,
  "rankedcount": 13362,
  "replaycount": 1232880,
  "gamesplayed": 39338128,
  "gamesplayed_delta": 1.8124361000092946,
  "gamesfinished": 27412860,
  "gametime": 5401789580.658372,
  "inputs": 19675700851,
  "piecesplaced": 4310345050
}
