{
  "usercount": 1338352,
  "usercount_delta": 0.08336529002784401,
  "anoncount": 952630,
  "rankedcount": 18561,
  "replaycount": 2153813,
  "gamesplayed": 65264144,
  "gamesplayed_delta": 4.918552111642796,
  "gamesfinished": 47659012,
  "gametime": 9589779929.252422,
  "inputs": 33145544026,
  "piecesplaced": 7367398311
}
