{
  "usercount": 1037932,
  "usercount_delta": 0.03145791717130409,
  "anoncount": 721640,
  "rankedcount": 15498,
  "replaycount": 1753700,
  "gamesplayed": 53474421,
  "gamesplayed_delta": 2.9885021312738886,
  "gamesfinished": 38252008,
  "gametime": 7639289546.187723,
  "inputs": 26963094131,
  "piecesplaced": 5972279502
}
