{
  "usercount": 6604223,
  "usercount_delta": 0.10168358972124171,
  "anoncount": 5288408,
  "rankedcount": 47737,
  "replaycount": 7670270,
  "gamesplayed": 290031902,
  "gamesplayed_delta": 5.9412268851411225,
  "gamesfinished": 225982893,
  "gametime": 49587305365.45194,
  "inputs": 168706683456,
  "piecesplaced": 38128755227
}
