{
  "usercount": 794172,
  "usercount_delta": 0.017818324364776737,
  "anoncount": 533770,
  "rankedcount": 13951,
  "replaycount": 1371263,
  "gamesplayed": 42301876,
  "gamesplayed_delta": 2.173835572502762,
  "gamesfinished": 29664427,
  "gametime": 5869954572.12996,
  "inputs": 21209712252,
  "piecesplaced": 4660248132
}
