{
  "usercount": 9101672,
  "usercount_delta": 0.1454730602076628,
  "anoncount": 6741916,
  "totalaccounts": 15810122,
  "rankedcount": 51765,
  "replaycount": 13063057,
  "gamesplayed": 609310931,
  "gamesplayed_delta": 4.873347516956703,
  "gamesfinished": 473927451,
  "gametime": 107145570549.19312,
  "inputs": 377806232789,
  "piecesplaced": 86802300056
}
