{
  "usercount": 881893,
  "usercount_delta": 0.075297802810114,
  "anoncount": 602007,
  "rankedcount": 14305,
  "replaycount": 1516060,
  "gamesplayed": 46392035,
  "gamesplayed_delta": 2.1384575998072375,
  "gamesfinished": 32796407,
  "gametime": 6516174498.153024,
  "inputs": 23306851778,
  "piecesplaced": 5139197601
}
