{
  "usercount": 5917101,
  "usercount_delta": 0.26861332322083176,
  "anoncount": 4226148,
  "rankedcount": 42312,
  "replaycount": 10400124,
  "gamesplayed": 404449832,
  "gamesplayed_delta": 4.645430413348502,
  "gamesfinished": 314205823,
  "gametime": 69630380508.34357,
  "inputs": 240762929166,
  "piecesplaced": 54853192614
}
