{
  "usercount": 1015279,
  "usercount_delta": 0.07303428229210791,
  "anoncount": 703994,
  "rankedcount": 15198,
  "replaycount": 1719504,
  "gamesplayed": 52381710,
  "gamesplayed_delta": 2.7606958706416793,
  "gamesfinished": 37413470,
  "gametime": 7463550934.065553,
  "inputs": 26385854971,
  "piecesplaced": 5840571687
}
