{
  "usercount": 1207263,
  "usercount_delta": 0.5416803698903097,
  "anoncount": 851783,
  "rankedcount": 17038,
  "replaycount": 1977432,
  "gamesplayed": 60129308,
  "gamesplayed_delta": 3.9465284092008277,
  "gamesfinished": 43511482,
  "gametime": 8724411406.816883,
  "inputs": 30417920263,
  "piecesplaced": 6753950784
}
