{
  "usercount": 863919,
  "usercount_delta": 0.0337655321447866,
  "anoncount": 588019,
  "rankedcount": 14023,
  "replaycount": 1488741,
  "gamesplayed": 45585099,
  "gamesplayed_delta": 2.4480010804970287,
  "gamesfinished": 32170870,
  "gametime": 6387333286.1927185,
  "inputs": 22892155507,
  "piecesplaced": 5044500423
}
