{
  "usercount": 1009061,
  "usercount_delta": 0.04568296025582458,
  "anoncount": 699097,
  "rankedcount": 15124,
  "replaycount": 1709743,
  "gamesplayed": 52082086,
  "gamesplayed_delta": 2.7257499619308665,
  "gamesfinished": 37182652,
  "gametime": 7416172845.784785,
  "inputs": 26229811114,
  "piecesplaced": 5805078428
}
