{
  "usercount": 8648356,
  "usercount_delta": 0.244140625,
  "anoncount": 6368348,
  "totalaccounts": 14989853,
  "rankedcount": 49372,
  "replaycount": 12369304,
  "gamesplayed": 583646090,
  "gamesplayed_delta": 5.159505208333334,
  "gamesfinished": 454123508,
  "gametime": 102376185583.26309,
  "inputs": 360316729236,
  "piecesplaced": 82721960482
}
