{
  "usercount": 1242757,
  "usercount_delta": 0.09770204783492262,
  "anoncount": 879066,
  "rankedcount": 17454,
  "replaycount": 2025622,
  "gamesplayed": 61547453,
  "gamesplayed_delta": 3.2827888072533997,
  "gamesfinished": 44653009,
  "gametime": 8960970479.018003,
  "inputs": 31165582423,
  "piecesplaced": 6922042692
}
