{
  "usercount": 777274,
  "usercount_delta": 0.03157761778451434,
  "anoncount": 520373,
  "rankedcount": 13966,
  "replaycount": 1343377,
  "gamesplayed": 41553189,
  "gamesplayed_delta": 2.6525198938992043,
  "gamesfinished": 29097320,
  "gametime": 5752174982.537749,
  "inputs": 20823764907,
  "piecesplaced": 4571906379
}
