{
  "usercount": 986965,
  "usercount_delta": 0.05843254692863925,
  "anoncount": 682005,
  "rankedcount": 14874,
  "replaycount": 1672342,
  "gamesplayed": 50988441,
  "gamesplayed_delta": 3.053100577021401,
  "gamesfinished": 36348110,
  "gametime": 7242178180.707418,
  "inputs": 25663145708,
  "piecesplaced": 5675774880
}
