{
  "usercount": 784923,
  "usercount_delta": 0.09035736337213679,
  "anoncount": 526355,
  "rankedcount": 13931,
  "replaycount": 1358225,
  "gamesplayed": 41949246,
  "gamesplayed_delta": 2.304112765989488,
  "gamesfinished": 29396632,
  "gametime": 5814346088.625062,
  "inputs": 21029074779,
  "piecesplaced": 4618931224
}
