{
  "usercount": 891397,
  "usercount_delta": 0.08441098018030185,
  "anoncount": 609356,
  "rankedcount": 14282,
  "replaycount": 1530753,
  "gamesplayed": 46830944,
  "gamesplayed_delta": 3.005030894418746,
  "gamesfinished": 33135872,
  "gametime": 6584316077.329656,
  "inputs": 23527598216,
  "piecesplaced": 5189379650
}
