{
  "usercount": 1033921,
  "usercount_delta": 0.1060689094348295,
  "anoncount": 718519,
  "rankedcount": 15332,
  "replaycount": 1748008,
  "gamesplayed": 53286017,
  "gamesplayed_delta": 4.154365619530822,
  "gamesfinished": 38108636,
  "gametime": 7609351883.626857,
  "inputs": 26863754771,
  "piecesplaced": 5949552702
}
