{
  "usercount": 8613159,
  "usercount_delta": 0.12224511892703713,
  "anoncount": 6340742,
  "totalaccounts": 14917885,
  "rankedcount": 49691,
  "replaycount": 12299990,
  "gamesplayed": 581173586,
  "gamesplayed_delta": 5.274003702280744,
  "gamesfinished": 452239935,
  "gametime": 101920960391.37637,
  "inputs": 358645357071,
  "piecesplaced": 82330723241
}
