{
  "usercount": 8952869,
  "usercount_delta": 0.15396458814472672,
  "anoncount": 6896490,
  "totalaccounts": 12921886,
  "rankedcount": 47360,
  "replaycount": 11506115,
  "gamesplayed": 514822306,
  "gamesplayed_delta": 3.9260969976905313,
  "gamesfinished": 401322924,
  "gametime": 89789734516.96487,
  "inputs": 314118296096,
  "piecesplaced": 71934658207
}
