{
  "usercount": 7969940,
  "usercount_delta": 0.08791827117511561,
  "anoncount": 6477974,
  "rankedcount": 40382,
  "replaycount": 8950151,
  "gamesplayed": 344518468,
  "gamesplayed_delta": 2.848551986073746,
  "gamesfinished": 267270700,
  "gametime": 59082027676.27824,
  "inputs": 202882376442,
  "piecesplaced": 46084061385
}
