{
  "usercount": 8692830,
  "usercount_delta": 0.15323843901110126,
  "anoncount": 6406155,
  "totalaccounts": 15058294,
  "rankedcount": 50130,
  "replaycount": 12427537,
  "gamesplayed": 585738061,
  "gamesplayed_delta": 3.7458285091602535,
  "gamesfinished": 455736521,
  "gametime": 102758950740.58041,
  "inputs": 361708273398,
  "piecesplaced": 83046755335
}
