{
  "usercount": 765791,
  "usercount_delta": 0.07822522607090335,
  "anoncount": 511336,
  "rankedcount": 13993,
  "replaycount": 1320938,
  "gamesplayed": 40984241,
  "gamesplayed_delta": 2.080791013486029,
  "gamesfinished": 28667173,
  "gametime": 5661593176.718485,
  "inputs": 20522471032,
  "piecesplaced": 4502886529
}
