{
  "usercount": 1004360,
  "usercount_delta": 0.07250369768858211,
  "anoncount": 695492,
  "rankedcount": 15074,
  "replaycount": 1701289,
  "gamesplayed": 51835666,
  "gamesplayed_delta": 3.132159740146747,
  "gamesfinished": 36993882,
  "gametime": 7376972804.460143,
  "inputs": 26102817378,
  "piecesplaced": 5776176236
}
