{
  "usercount": 947523,
  "usercount_delta": 0.05960778080232073,
  "anoncount": 651813,
  "rankedcount": 14267,
  "replaycount": 1614722,
  "gamesplayed": 49209992,
  "gamesplayed_delta": 2.6624808758369927,
  "gamesfinished": 34978692,
  "gametime": 6962246523.606056,
  "inputs": 24750332400,
  "piecesplaced": 5467495691
}
