{
  "usercount": 1053817,
  "usercount_delta": 0.05680634716252296,
  "anoncount": 733698,
  "rankedcount": 15733,
  "replaycount": 1775542,
  "gamesplayed": 54102669,
  "gamesplayed_delta": 4.7717331616519285,
  "gamesfinished": 38741915,
  "gametime": 7740222903.24803,
  "inputs": 27289500557,
  "piecesplaced": 6046565645
}
