{
  "usercount": 4649768,
  "usercount_delta": 0.0612266764629349,
  "anoncount": 3637605,
  "rankedcount": 42028,
  "replaycount": 5516592,
  "gamesplayed": 209293769,
  "gamesplayed_delta": 6.826774425617241,
  "gamesfinished": 163463697,
  "gametime": 35363137128.32173,
  "inputs": 119245406127,
  "piecesplaced": 26821031572
}
