{
  "usercount": 1092857,
  "usercount_delta": 0.09672489505348887,
  "anoncount": 763812,
  "rankedcount": 15979,
  "replaycount": 1830531,
  "gamesplayed": 55806025,
  "gamesplayed_delta": 3.8109608651074613,
  "gamesfinished": 40070439,
  "gametime": 8017823967.846897,
  "inputs": 28184884131,
  "piecesplaced": 6250177322
}
