{
  "usercount": 1249660,
  "usercount_delta": 0.07071260628988633,
  "anoncount": 884424,
  "rankedcount": 17476,
  "replaycount": 2035380,
  "gamesplayed": 61824439,
  "gamesplayed_delta": 3.075998373610055,
  "gamesfinished": 44877112,
  "gametime": 9006707996.575941,
  "inputs": 31309307281,
  "piecesplaced": 6954270552
}
