{
  "usercount": 3651287,
  "usercount_delta": 0.11264644037248422,
  "anoncount": 2802135,
  "rankedcount": 34139,
  "replaycount": 4252516,
  "gamesplayed": 168574223,
  "gamesplayed_delta": 5.294382697506759,
  "gamesfinished": 131681710,
  "gametime": 28121727373.350452,
  "inputs": 94381236334,
  "piecesplaced": 21161948148
}
