{
  "usercount": 6353435,
  "usercount_delta": 0.271747335366406,
  "anoncount": 4593356,
  "rankedcount": 49976,
  "replaycount": 8746763,
  "gamesplayed": 424337210,
  "gamesplayed_delta": 5.178296446148736,
  "gamesfinished": 330046963,
  "gametime": 73138210802.79207,
  "inputs": 253297671472,
  "piecesplaced": 57759266450
}
