{
  "usercount": 1429249,
  "usercount_delta": 0.09528800800419267,
  "anoncount": 1022884,
  "rankedcount": 19841,
  "replaycount": 2280455,
  "gamesplayed": 69019335,
  "gamesplayed_delta": 3.3986056188162053,
  "gamesfinished": 50684923,
  "gametime": 10228602877.922644,
  "inputs": 35154797467,
  "piecesplaced": 7818535548
}
