{
  "usercount": 2656743,
  "usercount_delta": 0.11844331641285956,
  "anoncount": 1987014,
  "rankedcount": 29034,
  "replaycount": 3990660,
  "gamesplayed": 126584463,
  "gamesplayed_delta": 3.3671742808798646,
  "gamesfinished": 97697545,
  "gametime": 20567122353.550262,
  "inputs": 69136781196,
  "piecesplaced": 15448662557
}
