{
  "usercount": 1105037,
  "usercount_delta": 0.03308409978164494,
  "anoncount": 773291,
  "rankedcount": 15960,
  "replaycount": 1846338,
  "gamesplayed": 56297757,
  "gamesplayed_delta": 2.6963541322040627,
  "gamesfinished": 40458153,
  "gametime": 8097081672.235045,
  "inputs": 28439747101,
  "piecesplaced": 6307918009
}
