{
  "usercount": 743291,
  "usercount_delta": 0.031086311142888227,
  "anoncount": 493683,
  "rankedcount": 13669,
  "replaycount": 1269156,
  "gamesplayed": 39895323,
  "gamesplayed_delta": 2.3936459580023937,
  "gamesfinished": 27840109,
  "gametime": 5489299356.042984,
  "inputs": 19958264827,
  "piecesplaced": 4374341121
}
