{
  "usercount": 968881,
  "usercount_delta": 0.10150812064965198,
  "anoncount": 668026,
  "rankedcount": 14598,
  "replaycount": 1645491,
  "gamesplayed": 50164199,
  "gamesplayed_delta": 3.001740139211137,
  "gamesfinished": 35708115,
  "gametime": 7111474061.145879,
  "inputs": 25239154898,
  "piecesplaced": 5579126928
}
