{
  "usercount": 6631098,
  "usercount_delta": 0.259307279125764,
  "anoncount": 4837497,
  "rankedcount": 54639,
  "replaycount": 9150119,
  "gamesplayed": 433444844,
  "gamesplayed_delta": 5.019448045934432,
  "gamesfinished": 337360388,
  "gametime": 74800909071.5718,
  "inputs": 259232321248,
  "piecesplaced": 59128257175
}
