{
  "usercount": 754962,
  "usercount_delta": 0.015480595074074649,
  "anoncount": 502770,
  "rankedcount": 13857,
  "replaycount": 1298283,
  "gamesplayed": 40467265,
  "gamesplayed_delta": 2.647181757666765,
  "gamesfinished": 28271987,
  "gametime": 5579400407.258267,
  "inputs": 20252575119,
  "piecesplaced": 4441218199
}
