{
  "usercount": 1079538,
  "usercount_delta": 0,
  "anoncount": 753582,
  "rankedcount": 15890,
  "replaycount": 1812293,
  "gamesplayed": 55272462,
  "gamesplayed_delta": 2.969929464175226,
  "gamesfinished": 39650439,
  "gametime": 7931029909.557851,
  "inputs": 27907058693,
  "piecesplaced": 6187214742
}
