{
  "usercount": 1110874,
  "usercount_delta": 0.07574466473517771,
  "anoncount": 777818,
  "rankedcount": 16022,
  "replaycount": 1855321,
  "gamesplayed": 56567406,
  "gamesplayed_delta": 2.954041924671931,
  "gamesfinished": 40668872,
  "gametime": 8141001476.907565,
  "inputs": 28583548293,
  "piecesplaced": 6340744877
}
