{
  "usercount": 7742786,
  "usercount_delta": 0.20557801685739738,
  "anoncount": 5821788,
  "totalaccounts": 11681314,
  "rankedcount": 53159,
  "replaycount": 10391136,
  "gamesplayed": 472977881,
  "gamesplayed_delta": 5.5163434523401635,
  "gamesfinished": 368803050,
  "gametime": 82166929862.22441,
  "inputs": 286008068350,
  "piecesplaced": 65353004109
}
