{
  "usercount": 1074581,
  "usercount_delta": 0.09437226713643083,
  "anoncount": 749710,
  "rankedcount": 15912,
  "replaycount": 1804999,
  "gamesplayed": 55046292,
  "gamesplayed_delta": 2.9569977036081663,
  "gamesfinished": 39475049,
  "gametime": 7894499268.193578,
  "inputs": 27789181734,
  "piecesplaced": 6160479064
}
