{
  "usercount": 740952,
  "usercount_delta": 0.02958098534262176,
  "anoncount": 491879,
  "rankedcount": 13738,
  "replaycount": 1263614,
  "gamesplayed": 39789654,
  "gamesplayed_delta": 2.0262974959695907,
  "gamesfinished": 27758538,
  "gametime": 5472621942.940143,
  "inputs": 19904855333,
  "piecesplaced": 4362298474
}
