{
  "usercount": 1256568,
  "usercount_delta": 0.11724474841231071,
  "anoncount": 889835,
  "rankedcount": 17568,
  "replaycount": 2045618,
  "gamesplayed": 62101879,
  "gamesplayed_delta": 2.73571079628725,
  "gamesfinished": 45096830,
  "gametime": 9052433068.754684,
  "inputs": 31454624555,
  "piecesplaced": 6986991706
}
