{
  "usercount": 1167012,
  "usercount_delta": 0.094801107276933,
  "anoncount": 820776,
  "rankedcount": 16367,
  "replaycount": 1926514,
  "gamesplayed": 58683071,
  "gamesplayed_delta": 3.697243183800387,
  "gamesfinished": 42347781,
  "gametime": 8486623953.392168,
  "inputs": 29678769040,
  "piecesplaced": 6588387342
}
