{
  "usercount": 771910,
  "usercount_delta": 0.07894155167513972,
  "anoncount": 516148,
  "rankedcount": 13885,
  "replaycount": 1333323,
  "gamesplayed": 41282432,
  "gamesplayed_delta": 1.8156556885282136,
  "gamesfinished": 28890558,
  "gametime": 5708552127.262581,
  "inputs": 20678572824,
  "piecesplaced": 4538599336
}
