{
  "usercount": 808813,
  "usercount_delta": 0.03747774758737,
  "anoncount": 545173,
  "rankedcount": 13862,
  "replaycount": 1398453,
  "gamesplayed": 43027232,
  "gamesplayed_delta": 2.4360535931790497,
  "gamesfinished": 30215936,
  "gametime": 5985136719.73397,
  "inputs": 21586463061,
  "piecesplaced": 4746753357
}
