{
  "usercount": 908756,
  "usercount_delta": 0,
  "anoncount": 622503,
  "rankedcount": 14335,
  "replaycount": 1556472,
  "gamesplayed": 47586982,
  "gamesplayed_delta": 1.8176026383345514,
  "gamesfinished": 33721454,
  "gametime": 6705392279.935452,
  "inputs": 23921367091,
  "piecesplaced": 5279196301
}
