{
  "usercount": 9537086,
  "usercount_delta": 0.06592392379194409,
  "anoncount": 7091796,
  "totalaccounts": 16643000,
  "rankedcount": 53894,
  "replaycount": 13816717,
  "gamesplayed": 637894769,
  "gamesplayed_delta": 3.609334827608939,
  "gamesfinished": 495841395,
  "gametime": 112451893158.8224,
  "inputs": 397292556128,
  "piecesplaced": 91343740898
}
