{
  "usercount": 1108355,
  "usercount_delta": 0.01767783906095319,
  "anoncount": 775878,
  "rankedcount": 15926,
  "replaycount": 1851919,
  "gamesplayed": 56454906,
  "gamesplayed_delta": 3.2350445481544337,
  "gamesfinished": 40579604,
  "gametime": 8122442860.903991,
  "inputs": 28523682062,
  "piecesplaced": 6327113932
}
