{
  "usercount": 7426983,
  "usercount_delta": 0.07028518212647818,
  "anoncount": 5995076,
  "rankedcount": 39237,
  "replaycount": 8513028,
  "gamesplayed": 326059678,
  "gamesplayed_delta": 3.6548294705768654,
  "gamesfinished": 253128179,
  "gametime": 55889305729.818214,
  "inputs": 191411759900,
  "piecesplaced": 43419001352
}
