{
  "usercount": 1028674,
  "usercount_delta": 0.038688461166457105,
  "anoncount": 714358,
  "rankedcount": 15268,
  "replaycount": 1740181,
  "gamesplayed": 53027793,
  "gamesplayed_delta": 3.2691749685656255,
  "gamesfinished": 37910431,
  "gametime": 7567883179.249809,
  "inputs": 26726482052,
  "piecesplaced": 5918164018
}
