{
  "usercount": 865794,
  "usercount_delta": 0.03376610220999139,
  "anoncount": 589516,
  "rankedcount": 14095,
  "replaycount": 1491705,
  "gamesplayed": 45674519,
  "gamesplayed_delta": 2.31297800138441,
  "gamesfinished": 32239858,
  "gametime": 6401483842.8524475,
  "inputs": 22938978935,
  "piecesplaced": 5055229107
}
