{
  "usercount": 3005338,
  "usercount_delta": 0.0477197893966628,
  "anoncount": 2268742,
  "rankedcount": 30264,
  "replaycount": 4388820,
  "gamesplayed": 141766637,
  "gamesplayed_delta": 4.978764693718485,
  "gamesfinished": 110128320,
  "gametime": 23314560913.54774,
  "inputs": 78187298290,
  "piecesplaced": 17490411955
}
