{
  "usercount": 840593,
  "usercount_delta": 0.08441525552497847,
  "anoncount": 569879,
  "rankedcount": 14088,
  "replaycount": 1451681,
  "gamesplayed": 44526440,
  "gamesplayed_delta": 2.971416994479242,
  "gamesfinished": 31360319,
  "gametime": 6221455637.879576,
  "inputs": 22355177400,
  "piecesplaced": 4922353090
}
