{
  "usercount": 3963908,
  "usercount_delta": 0.1582059445883679,
  "anoncount": 3061459,
  "rankedcount": 37461,
  "replaycount": 4678691,
  "gamesplayed": 180420534,
  "gamesplayed_delta": 6.170031838946349,
  "gamesfinished": 141077115,
  "gametime": 30245862135.392387,
  "inputs": 101571227399,
  "piecesplaced": 22787015069
}
