{
  "usercount": 830072,
  "usercount_delta": 0.1012965964343598,
  "anoncount": 561782,
  "rankedcount": 14002,
  "replaycount": 1434489,
  "gamesplayed": 44021165,
  "gamesplayed_delta": 2.853187466234468,
  "gamesfinished": 30974568,
  "gametime": 6141259151.714851,
  "inputs": 22093065630,
  "piecesplaced": 4862402983
}
