{
  "usercount": 1262191,
  "usercount_delta": 0.17042226850975192,
  "anoncount": 894221,
  "rankedcount": 17803,
  "replaycount": 2052710,
  "gamesplayed": 62308834,
  "gamesplayed_delta": 5.548191630373035,
  "gamesfinished": 45264804,
  "gametime": 9087387743.900944,
  "inputs": 31565934998,
  "piecesplaced": 7011991926
}
