{
  "usercount": 851680,
  "usercount_delta": 0.030118213989910398,
  "anoncount": 578506,
  "rankedcount": 14132,
  "replaycount": 1470295,
  "gamesplayed": 45051846,
  "gamesplayed_delta": 2.3341615842180556,
  "gamesfinished": 31757227,
  "gametime": 6302906029.050788,
  "inputs": 22619371112,
  "piecesplaced": 4982535907
}
