{
  "usercount": 8961662,
  "usercount_delta": 0.11151646460945341,
  "anoncount": 6904053,
  "totalaccounts": 12930955,
  "rankedcount": 47249,
  "replaycount": 11517053,
  "gamesplayed": 515250719,
  "gamesplayed_delta": 5.83071800672285,
  "gamesfinished": 401646232,
  "gametime": 89868011408.8663,
  "inputs": 314413097839,
  "piecesplaced": 72004160864
}
