{
  "usercount": 786531,
  "usercount_delta": 0.018426386585590565,
  "anoncount": 527611,
  "rankedcount": 13861,
  "replaycount": 1361398,
  "gamesplayed": 42029884,
  "gamesplayed_delta": 2.340151096370002,
  "gamesfinished": 29457386,
  "gametime": 5827199093.832357,
  "inputs": 21071798073,
  "piecesplaced": 4628705627
}
