{
  "usercount": 8995263,
  "usercount_delta": 0.24337277220308523,
  "anoncount": 6934558,
  "totalaccounts": 12965247,
  "rankedcount": 47189,
  "replaycount": 11541419,
  "gamesplayed": 516250716,
  "gamesplayed_delta": 4.099895162498128,
  "gamesfinished": 402431065,
  "gametime": 90046953111.40587,
  "inputs": 315063221626,
  "piecesplaced": 72154895188
}
