{
  "usercount": 1006787,
  "usercount_delta": 0.029216700265871975,
  "anoncount": 697367,
  "rankedcount": 15176,
  "replaycount": 1706013,
  "gamesplayed": 51962325,
  "gamesplayed_delta": 2.556461273263798,
  "gamesfinished": 37089852,
  "gametime": 7397041608.479853,
  "inputs": 26167422020,
  "piecesplaced": 5790902676
}
