{
  "usercount": 1071506,
  "usercount_delta": 0.05803718248824747,
  "anoncount": 747400,
  "rankedcount": 15803,
  "replaycount": 1800187,
  "gamesplayed": 54907363,
  "gamesplayed_delta": 2.1667214795612386,
  "gamesfinished": 39367837,
  "gametime": 7871809968.774661,
  "inputs": 27715607326,
  "piecesplaced": 6143710548
}
