{
  "usercount": 834983,
  "usercount_delta": 0.10641316685584563,
  "anoncount": 565528,
  "rankedcount": 14021,
  "replaycount": 1442123,
  "gamesplayed": 44247429,
  "gamesplayed_delta": 2.58938706015891,
  "gamesfinished": 31146735,
  "gametime": 6176955657.577769,
  "inputs": 22208590280,
  "piecesplaced": 4888851787
}
