{
  "usercount": 9603215,
  "usercount_delta": 0.2043213975583593,
  "anoncount": 7131081,
  "totalaccounts": 16904780,
  "rankedcount": 50683,
  "replaycount": 14062754,
  "gamesplayed": 648573609,
  "gamesplayed_delta": 5.2612759871277515,
  "gamesfinished": 503831839,
  "gametime": 114451649655.2313,
  "inputs": 404883427497,
  "piecesplaced": 93141224398
}
