{
  "usercount": 8055349,
  "usercount_delta": 0.038774718883288095,
  "anoncount": 6093210,
  "totalaccounts": 12002819,
  "rankedcount": 46578,
  "replaycount": 10733474,
  "gamesplayed": 485636222,
  "gamesplayed_delta": 2.811167119038387,
  "gamesfinished": 378579753,
  "gametime": 84526586369.29826,
  "inputs": 294796031421,
  "piecesplaced": 67419725033
}
