{
  "usercount": 3507980,
  "usercount_delta": 0.23730422401518747,
  "anoncount": 2681842,
  "rankedcount": 33197,
  "replaycount": 4052851,
  "gamesplayed": 163179662,
  "gamesplayed_delta": 8.246321784527765,
  "gamesfinished": 127388430,
  "gametime": 27155388463.247276,
  "inputs": 91103830783,
  "piecesplaced": 20418252937
}
