{
  "usercount": 862581,
  "usercount_delta": 0.0337655321447866,
  "anoncount": 586990,
  "rankedcount": 14168,
  "replaycount": 1486799,
  "gamesplayed": 45526523,
  "gamesplayed_delta": 2.4817666126418154,
  "gamesfinished": 32124399,
  "gametime": 6377656947.484367,
  "inputs": 22860971785,
  "piecesplaced": 5037335374
}
