{
  "usercount": 807994,
  "usercount_delta": 0.1418817061275162,
  "anoncount": 544545,
  "rankedcount": 13984,
  "replaycount": 1396693,
  "gamesplayed": 42981349,
  "gamesplayed_delta": 1.5429635541367386,
  "gamesfinished": 30182028,
  "gametime": 5978226306.49569,
  "inputs": 21563415472,
  "piecesplaced": 4741461314
}
