{
  "usercount": 1117674,
  "usercount_delta": 0.05803269174968566,
  "anoncount": 783151,
  "rankedcount": 16097,
  "replaycount": 1866118,
  "gamesplayed": 56891389,
  "gamesplayed_delta": 3.675403810813425,
  "gamesfinished": 40921580,
  "gametime": 8193323380.839485,
  "inputs": 28754895604,
  "piecesplaced": 6379871214
}
