{
  "usercount": 1013459,
  "usercount_delta": 0.11504170261719873,
  "anoncount": 702543,
  "rankedcount": 15104,
  "replaycount": 1716576,
  "gamesplayed": 52293201,
  "gamesplayed_delta": 4.103154060013422,
  "gamesfinished": 37345601,
  "gametime": 7449374431.84219,
  "inputs": 26338714780,
  "piecesplaced": 5829808474
}
