{
  "usercount": 735877,
  "usercount_delta": 0.12870959438090684,
  "anoncount": 487787,
  "rankedcount": 13587,
  "replaycount": 1252128,
  "gamesplayed": 39607141,
  "gamesplayed_delta": 2.8132239914683925,
  "gamesfinished": 27619781,
  "gametime": 5443767261.765062,
  "inputs": 19810835742,
  "piecesplaced": 4340928455
}
