{
  "usercount": 937725,
  "usercount_delta": 0.09368910208364563,
  "anoncount": 644452,
  "rankedcount": 14339,
  "replaycount": 1601516,
  "gamesplayed": 48811977,
  "gamesplayed_delta": 3.147953830010493,
  "gamesfinished": 34668416,
  "gametime": 6897859590.304773,
  "inputs": 24543396697,
  "piecesplaced": 5420458902
}
