{
  "usercount": 8277317,
  "usercount_delta": 0.06181711406802974,
  "anoncount": 6133645,
  "totalaccounts": 13800735,
  "rankedcount": 51327,
  "replaycount": 11107353,
  "gamesplayed": 542468565,
  "gamesplayed_delta": 4.69810066917026,
  "gamesfinished": 422778992,
  "gametime": 94777373867.61852,
  "inputs": 332382249858,
  "piecesplaced": 76192862382
}
