{
  "usercount": 1057328,
  "usercount_delta": 0.056883899960181276,
  "anoncount": 736373,
  "rankedcount": 15641,
  "replaycount": 1780381,
  "gamesplayed": 54249210,
  "gamesplayed_delta": 3.887066497279054,
  "gamesfinished": 38856302,
  "gametime": 7764353812.622963,
  "inputs": 27367741860,
  "piecesplaced": 6064260948
}
