{
  "usercount": 8316428,
  "usercount_delta": 0.21972502981982547,
  "anoncount": 6168753,
  "totalaccounts": 13840760,
  "rankedcount": 51663,
  "replaycount": 11153803,
  "gamesplayed": 543887081,
  "gamesplayed_delta": 4.567141691254943,
  "gamesfinished": 423856764,
  "gametime": 95034850577.67343,
  "inputs": 333335358516,
  "piecesplaced": 76415997031
}
