{
  "usercount": 1215649,
  "usercount_delta": 0.07926568271532522,
  "anoncount": 858123,
  "rankedcount": 17107,
  "replaycount": 1987997,
  "gamesplayed": 60452404,
  "gamesplayed_delta": 2.869417714294773,
  "gamesfinished": 43772041,
  "gametime": 8778468989.225538,
  "inputs": 30587809621,
  "piecesplaced": 6792109185
}
