{
  "usercount": 851875,
  "usercount_delta": 0.030046722653726543,
  "anoncount": 578649,
  "rankedcount": 14135,
  "replaycount": 1470697,
  "gamesplayed": 45062204,
  "gamesplayed_delta": 2.268527560356354,
  "gamesfinished": 31764437,
  "gametime": 6304350570.19966,
  "inputs": 22624090904,
  "piecesplaced": 4983630184
}
