{
  "usercount": 938418,
  "usercount_delta": 0.0794754619511226,
  "anoncount": 644988,
  "rankedcount": 14362,
  "replaycount": 1602494,
  "gamesplayed": 48841258,
  "gamesplayed_delta": 2.7021657063381683,
  "gamesfinished": 34690397,
  "gametime": 6902622428.110583,
  "inputs": 24558369098,
  "piecesplaced": 5423834454
}
