{
  "usercount": 8238632,
  "usercount_delta": 0.057049404784543414,
  "anoncount": 6717158,
  "rankedcount": 41559,
  "replaycount": 9171253,
  "gamesplayed": 353920722,
  "gamesplayed_delta": 4.373787700148329,
  "gamesfinished": 274604096,
  "gametime": 60721412231.97514,
  "inputs": 208713148062,
  "piecesplaced": 47434250539
}
