{
  "usercount": 3096819,
  "usercount_delta": 0.06482351797232036,
  "anoncount": 2343208,
  "rankedcount": 30602,
  "replaycount": 4495728,
  "gamesplayed": 145790075,
  "gamesplayed_delta": 3.6625287654361,
  "gamesfinished": 113401486,
  "gametime": 24041413013.107468,
  "inputs": 80622689671,
  "piecesplaced": 18041406462
}
