{
  "usercount": 8516737,
  "usercount_delta": 0.09841357320001576,
  "anoncount": 6348248,
  "totalaccounts": 14045514,
  "rankedcount": 51691,
  "replaycount": 11369719,
  "gamesplayed": 550663165,
  "gamesplayed_delta": 5.117505806400819,
  "gamesfinished": 429077946,
  "gametime": 96282033035.47049,
  "inputs": 337935115077,
  "piecesplaced": 77491990147
}
