{
  "usercount": 1198404,
  "usercount_delta": 0.19344604789724146,
  "anoncount": 844907,
  "rankedcount": 16790,
  "replaycount": 1966703,
  "gamesplayed": 59816274,
  "gamesplayed_delta": 4.101056215421519,
  "gamesfinished": 43258588,
  "gametime": 8673571048.066992,
  "inputs": 30259701987,
  "piecesplaced": 6718599821
}
