{
  "usercount": 1129863,
  "usercount_delta": 0.0946790380609733,
  "anoncount": 792730,
  "rankedcount": 16138,
  "replaycount": 1882502,
  "gamesplayed": 57399093,
  "gamesplayed_delta": 2.5752698352584735,
  "gamesfinished": 41321244,
  "gametime": 8274998226.026726,
  "inputs": 29014234216,
  "piecesplaced": 6438586327
}
