{
  "usercount": 9520707,
  "usercount_delta": 0.244140625,
  "anoncount": 7078663,
  "totalaccounts": 16615863,
  "rankedcount": 54083,
  "replaycount": 13790840,
  "gamesplayed": 636903421,
  "gamesplayed_delta": 5.989583333333334,
  "gamesfinished": 495088312,
  "gametime": 112267213940.6581,
  "inputs": 396608064546,
  "piecesplaced": 91183291616
}
