{
  "usercount": 1032413,
  "usercount_delta": 0.04718613356821542,
  "anoncount": 717342,
  "rankedcount": 15436,
  "replaycount": 1745884,
  "gamesplayed": 53207079,
  "gamesplayed_delta": 3.035641259555192,
  "gamesfinished": 38048029,
  "gametime": 7597050011.065332,
  "inputs": 26823290346,
  "piecesplaced": 5940298859
}
