{
  "usercount": 7557694,
  "usercount_delta": 0.18541617503286922,
  "anoncount": 5658023,
  "totalaccounts": 11491427,
  "rankedcount": 57675,
  "replaycount": 10191601,
  "gamesplayed": 465681552,
  "gamesplayed_delta": 4.214003978019755,
  "gamesfinished": 363111353,
  "gametime": 80787283612.2085,
  "inputs": 280874523360,
  "piecesplaced": 64150891901
}
