{
  "usercount": 987694,
  "usercount_delta": 0.11848541783036273,
  "anoncount": 682576,
  "rankedcount": 14908,
  "replaycount": 1673399,
  "gamesplayed": 51020366,
  "gamesplayed_delta": 1.8788401970243234,
  "gamesfinished": 36373562,
  "gametime": 7247528635.56135,
  "inputs": 25680414374,
  "piecesplaced": 5679688273
}
