{
  "usercount": 3128572,
  "usercount_delta": 0.08960172035303078,
  "anoncount": 2369759,
  "rankedcount": 30591,
  "replaycount": 3564576,
  "gamesplayed": 147161166,
  "gamesplayed_delta": 5.5105058017113935,
  "gamesfinished": 114516672,
  "gametime": 24285603499.207836,
  "inputs": 81440226348,
  "piecesplaced": 18227081433
}
