{
  "usercount": 1022704,
  "usercount_delta": 0.2684254927525117,
  "anoncount": 709810,
  "rankedcount": 15371,
  "replaycount": 1730994,
  "gamesplayed": 52730543,
  "gamesplayed_delta": 2.5116956821842167,
  "gamesfinished": 37681675,
  "gametime": 7519835041.95276,
  "inputs": 26570229676,
  "piecesplaced": 5882456768
}
