{
  "usercount": 1233682,
  "usercount_delta": 0.079266939344938,
  "anoncount": 872079,
  "rankedcount": 17340,
  "replaycount": 2013222,
  "gamesplayed": 61208137,
  "gamesplayed_delta": 3.852373252163987,
  "gamesfinished": 44380071,
  "gametime": 8904464244.968699,
  "inputs": 30987821441,
  "piecesplaced": 6882062546
}
