{
  "usercount": 1248700,
  "usercount_delta": 0.019345727496082488,
  "anoncount": 883653,
  "rankedcount": 17440,
  "replaycount": 2034264,
  "gamesplayed": 61782784,
  "gamesplayed_delta": 4.81708614652454,
  "gamesfinished": 44842435,
  "gametime": 8999726234.785946,
  "inputs": 31287709225,
  "piecesplaced": 6949461686
}
