{
  "usercount": 942740,
  "usercount_delta": 0.07495268611688871,
  "anoncount": 648255,
  "rankedcount": 14325,
  "replaycount": 1608245,
  "gamesplayed": 49013678,
  "gamesplayed_delta": 1.9300316675098845,
  "gamesfinished": 34824053,
  "gametime": 6930496922.3079405,
  "inputs": 24648786937,
  "piecesplaced": 5444408751
}
