{
  "usercount": 1082938,
  "usercount_delta": 0.07926316957562499,
  "anoncount": 756165,
  "rankedcount": 15828,
  "replaycount": 1816676,
  "gamesplayed": 55397345,
  "gamesplayed_delta": 3.8363374074602494,
  "gamesfinished": 39748432,
  "gametime": 7951147384.04406,
  "inputs": 27970766403,
  "piecesplaced": 6201635869
}
