{
  "usercount": 968587,
  "usercount_delta": 0.029001058538636663,
  "anoncount": 667806,
  "rankedcount": 14594,
  "replaycount": 1645092,
  "gamesplayed": 50151610,
  "gamesplayed_delta": 3.770137610022766,
  "gamesfinished": 35698307,
  "gametime": 7109483497.775633,
  "inputs": 25232723510,
  "piecesplaced": 5577666124
}
