{
  "usercount": 7698886,
  "usercount_delta": 0.07364637954398162,
  "anoncount": 6236846,
  "rankedcount": 39371,
  "replaycount": 8723636,
  "gamesplayed": 334834059,
  "gamesplayed_delta": 4.16838508218936,
  "gamesfinished": 259853126,
  "gametime": 57405238605.15073,
  "inputs": 196858125954,
  "piecesplaced": 44682249117
}
