{
  "usercount": 6078868,
  "usercount_delta": 0.20959290608625555,
  "anoncount": 4359008,
  "rankedcount": 44150,
  "replaycount": 10616081,
  "gamesplayed": 412998795,
  "gamesplayed_delta": 3.966142684401451,
  "gamesfinished": 321018003,
  "gametime": 71119544640.73796,
  "inputs": 246073637822,
  "piecesplaced": 56086652502
}
