{
  "usercount": 1038816,
  "usercount_delta": 0.3219087294073092,
  "anoncount": 722306,
  "rankedcount": 15536,
  "replaycount": 1754775,
  "gamesplayed": 53505158,
  "gamesplayed_delta": 2.897178564665783,
  "gamesfinished": 38275427,
  "gametime": 7644123389.245742,
  "inputs": 26978527895,
  "piecesplaced": 5975816700
}
