{
  "usercount": 1924496,
  "usercount_delta": 0.10294067185945166,
  "anoncount": 1407114,
  "rankedcount": 28203,
  "replaycount": 2978691,
  "gamesplayed": 89535365,
  "gamesplayed_delta": 6.1764403115671,
  "gamesfinished": 67613716,
  "gametime": 13878934399.682068,
  "inputs": 46884796106,
  "piecesplaced": 10424365975
}
