{
  "usercount": 1128873,
  "usercount_delta": 0.047185391402821686,
  "anoncount": 791935,
  "rankedcount": 16102,
  "replaycount": 1881081,
  "gamesplayed": 57358669,
  "gamesplayed_delta": 2.2177133959326194,
  "gamesfinished": 41289857,
  "gametime": 8268584550.784212,
  "inputs": 28993226032,
  "piecesplaced": 6433806063
}
