{
  "usercount": 987488,
  "usercount_delta": 0.12182308242854316,
  "anoncount": 682409,
  "rankedcount": 14898,
  "replaycount": 1673057,
  "gamesplayed": 51010627,
  "gamesplayed_delta": 3.7917434405884056,
  "gamesfinished": 36365951,
  "gametime": 7245930095.670344,
  "inputs": 25675272628,
  "piecesplaced": 5678513857
}
