{
  "usercount": 1059812,
  "usercount_delta": 0.13541223352806903,
  "anoncount": 738325,
  "rankedcount": 15720,
  "replaycount": 1783700,
  "gamesplayed": 54356428,
  "gamesplayed_delta": 2.4567648082949662,
  "gamesfinished": 38939799,
  "gametime": 7781612190.4412565,
  "inputs": 27423089636,
  "piecesplaced": 6076873548
}
