{
  "usercount": 2262405,
  "usercount_delta": 0.11844732478256456,
  "anoncount": 1673881,
  "rankedcount": 32418,
  "replaycount": 3473642,
  "gamesplayed": 106278508,
  "gamesplayed_delta": 3.891840671427121,
  "gamesfinished": 81315711,
  "gametime": 16918318592.934715,
  "inputs": 56899049257,
  "piecesplaced": 12666004790
}
