{
  "usercount": 752664,
  "usercount_delta": 0.0551592262999191,
  "anoncount": 501010,
  "rankedcount": 13760,
  "replaycount": 1292590,
  "gamesplayed": 40345100,
  "gamesplayed_delta": 2.187982643230124,
  "gamesfinished": 28179601,
  "gametime": 5560343036.999721,
  "inputs": 20189913754,
  "piecesplaced": 4426915914
}
