{
  "usercount": 1142176,
  "usercount_delta": 0.05688282138794084,
  "anoncount": 802328,
  "rankedcount": 16113,
  "replaycount": 1898010,
  "gamesplayed": 57857344,
  "gamesplayed_delta": 3.3181645809632156,
  "gamesfinished": 41684707,
  "gametime": 8349215839.182151,
  "inputs": 29247957448,
  "piecesplaced": 6491235220
}
