{
  "usercount": 4042583,
  "usercount_delta": 0.09524565441701723,
  "anoncount": 3128091,
  "rankedcount": 38468,
  "replaycount": 4775910,
  "gamesplayed": 183346871,
  "gamesplayed_delta": 7.20692118422097,
  "gamesfinished": 143386206,
  "gametime": 30764031407.3355,
  "inputs": 103320526201,
  "piecesplaced": 23182728966
}
