{
  "usercount": 7520755,
  "usercount_delta": 0.07694675284702986,
  "anoncount": 6078306,
  "rankedcount": 39523,
  "replaycount": 8585808,
  "gamesplayed": 329119057,
  "gamesplayed_delta": 4.17436134195137,
  "gamesfinished": 255465969,
  "gametime": 56417520059.38872,
  "inputs": 193309667263,
  "piecesplaced": 43859436918
}
