{
  "usercount": 922456,
  "usercount_delta": 0.1932299260456374,
  "anoncount": 632697,
  "rankedcount": 14219,
  "replaycount": 1578212,
  "gamesplayed": 48145610,
  "gamesplayed_delta": 3.038979745990479,
  "gamesfinished": 34152955,
  "gametime": 6793455470.603076,
  "inputs": 24205446746,
  "piecesplaced": 5343799713
}
