{
  "usercount": 935383,
  "usercount_delta": 0.07495409061949555,
  "anoncount": 642598,
  "rankedcount": 14265,
  "replaycount": 1598108,
  "gamesplayed": 48714080,
  "gamesplayed_delta": 2.061237492036128,
  "gamesfinished": 34592979,
  "gametime": 6882579666.656773,
  "inputs": 24493870172,
  "piecesplaced": 5409273928
}
