{
  "usercount": 8512436,
  "usercount_delta": 0.07507169346726124,
  "anoncount": 6501484,
  "totalaccounts": 12470886,
  "rankedcount": 45474,
  "replaycount": 11129573,
  "gamesplayed": 500748964,
  "gamesplayed_delta": 3.798627689443419,
  "gamesfinished": 390349049,
  "gametime": 87255589647.28534,
  "inputs": 304867253177,
  "piecesplaced": 69777950061
}
