{
  "usercount": 1057055,
  "usercount_delta": 0.019345353246150273,
  "anoncount": 736147,
  "rankedcount": 15634,
  "replaycount": 1780065,
  "gamesplayed": 54239142,
  "gamesplayed_delta": 3.230673992107096,
  "gamesfinished": 38848418,
  "gametime": 7762714114.53049,
  "inputs": 27362509683,
  "piecesplaced": 6063076402
}
