{
  "usercount": 982671,
  "usercount_delta": 0.014608136732159813,
  "anoncount": 678669,
  "rankedcount": 14711,
  "replaycount": 1665832,
  "gamesplayed": 50790306,
  "gamesplayed_delta": 2.585640201592287,
  "gamesfinished": 36195081,
  "gametime": 7210489534.515273,
  "inputs": 25559976538,
  "piecesplaced": 5652145516
}
