{
  "usercount": 764031,
  "usercount_delta": 0.07127329745910695,
  "anoncount": 509917,
  "rankedcount": 13908,
  "replaycount": 1317097,
  "gamesplayed": 40898068,
  "gamesplayed_delta": 3.296390007483696,
  "gamesfinished": 28600307,
  "gametime": 5647801797.315767,
  "inputs": 20476637802,
  "piecesplaced": 4492412491
}
