{
  "usercount": 773434,
  "usercount_delta": 0.0150595605620228,
  "anoncount": 517351,
  "rankedcount": 13952,
  "replaycount": 1336226,
  "gamesplayed": 41364191,
  "gamesplayed_delta": 2.545065734981853,
  "gamesfinished": 28953272,
  "gametime": 5721524223.2971325,
  "inputs": 20721345646,
  "piecesplaced": 4548389406
}
