{
  "usercount": 764641,
  "usercount_delta": 0,
  "anoncount": 510415,
  "rankedcount": 13938,
  "replaycount": 1318481,
  "gamesplayed": 40926587,
  "gamesplayed_delta": 2.417314719385365,
  "gamesfinished": 28622073,
  "gametime": 5652302938.090309,
  "inputs": 20491628911,
  "piecesplaced": 4495826360
}
