{
  "usercount": 1258817,
  "usercount_delta": 0.09770204783492262,
  "anoncount": 891644,
  "rankedcount": 17656,
  "replaycount": 2048360,
  "gamesplayed": 62186292,
  "gamesplayed_delta": 3.0483038924495856,
  "gamesfinished": 45166673,
  "gametime": 9066744282.551895,
  "inputs": 31500603412,
  "piecesplaced": 6997327450
}
