{
  "usercount": 8418115,
  "usercount_delta": 0.27865687386795646,
  "anoncount": 6259883,
  "totalaccounts": 13944725,
  "rankedcount": 51608,
  "replaycount": 11263150,
  "gamesplayed": 547250006,
  "gamesplayed_delta": 4.836687167850958,
  "gamesfinished": 426448027,
  "gametime": 95647094787.47574,
  "inputs": 335587852256,
  "piecesplaced": 76942001655
}
