{
  "usercount": 1089228,
  "usercount_delta": 0.05680742283658398,
  "anoncount": 760990,
  "rankedcount": 15844,
  "replaycount": 1825125,
  "gamesplayed": 55646672,
  "gamesplayed_delta": 3.2569589092974813,
  "gamesfinished": 39946096,
  "gametime": 7991943012.353671,
  "inputs": 28100927401,
  "piecesplaced": 6231121734
}
