{
  "usercount": 901232,
  "usercount_delta": 0,
  "anoncount": 617075,
  "rankedcount": 14263,
  "replaycount": 1545910,
  "gamesplayed": 47289697,
  "gamesplayed_delta": 3.7552155771905427,
  "gamesfinished": 33491997,
  "gametime": 6657560676.205643,
  "inputs": 23764492254,
  "piecesplaced": 5243313233
}
