{
  "usercount": 5310342,
  "usercount_delta": 0.09433517286920429,
  "anoncount": 4191971,
  "rankedcount": 42290,
  "replaycount": 6245533,
  "gamesplayed": 237076836,
  "gamesplayed_delta": 5.455717497602314,
  "gamesfinished": 184840168,
  "gametime": 40234322439.379524,
  "inputs": 136088335972,
  "piecesplaced": 30672571360
}
