{
  "usercount": 5616351,
  "usercount_delta": 0.14637240392278042,
  "anoncount": 4451968,
  "rankedcount": 43521,
  "replaycount": 6567006,
  "gamesplayed": 249047729,
  "gamesplayed_delta": 4.78149852814416,
  "gamesfinished": 194153955,
  "gametime": 42342227032.21539,
  "inputs": 143409343223,
  "piecesplaced": 32343368259
}
