{
  "usercount": 4478419,
  "usercount_delta": 0.11213486085932682,
  "anoncount": 3496217,
  "rankedcount": 40258,
  "replaycount": 5297438,
  "gamesplayed": 201367930,
  "gamesplayed_delta": 5.027379595193152,
  "gamesfinished": 157337686,
  "gametime": 33960251210.019863,
  "inputs": 114400514726,
  "piecesplaced": 25713790939
}
