{
  "usercount": 6373892,
  "usercount_delta": 0.24366471734892786,
  "anoncount": 5092855,
  "rankedcount": 47913,
  "replaycount": 7398262,
  "gamesplayed": 279611825,
  "gamesplayed_delta": 4.905782975958414,
  "gamesfinished": 217969900,
  "gametime": 47727659829.0411,
  "inputs": 162152316141,
  "piecesplaced": 36621732454
}
