{
  "usercount": 8512665,
  "usercount_delta": 0.04612475207945758,
  "anoncount": 6944351,
  "rankedcount": 43698,
  "replaycount": 9517664,
  "gamesplayed": 367663881,
  "gamesplayed_delta": 3.843729339954798,
  "gamesfinished": 285424784,
  "gametime": 63142730566.107735,
  "inputs": 217349161642,
  "piecesplaced": 49425387054
}
