{
  "usercount": 7842082,
  "usercount_delta": 0.39220300427501276,
  "anoncount": 5907836,
  "totalaccounts": 11783426,
  "rankedcount": 51317,
  "replaycount": 10494098,
  "gamesplayed": 476602835,
  "gamesplayed_delta": 3.745538690826372,
  "gamesfinished": 371620474,
  "gametime": 82842428110.5243,
  "inputs": 288511930717,
  "piecesplaced": 65938931013
}
