{
  "usercount": 796369,
  "usercount_delta": 0.01873852265487389,
  "anoncount": 535524,
  "rankedcount": 14047,
  "replaycount": 1375627,
  "gamesplayed": 42412758,
  "gamesplayed_delta": 2.248622718584867,
  "gamesfinished": 29748295,
  "gametime": 5887323788.254232,
  "inputs": 21267568351,
  "piecesplaced": 4673572488
}
