{
  "usercount": 4189536,
  "usercount_delta": 0.13842472661116492,
  "anoncount": 3250539,
  "rankedcount": 40042,
  "replaycount": 4966973,
  "gamesplayed": 189441538,
  "gamesplayed_delta": 5.972038205224544,
  "gamesfinished": 148147307,
  "gametime": 31846939910.64107,
  "inputs": 107049570049,
  "piecesplaced": 24029900591
}
