{
  "usercount": 935141,
  "usercount_delta": 0.1499081812389911,
  "anoncount": 642403,
  "rankedcount": 14254,
  "replaycount": 1597762,
  "gamesplayed": 48704335,
  "gamesplayed_delta": 2.6796087396469663,
  "gamesfinished": 34585380,
  "gametime": 6880998406.710547,
  "inputs": 24488772734,
  "piecesplaced": 5408119598
}
