{
  "usercount": 1101006,
  "usercount_delta": 0.07738141298460109,
  "anoncount": 770218,
  "rankedcount": 16048,
  "replaycount": 1841587,
  "gamesplayed": 56151642,
  "gamesplayed_delta": 2.80507622069179,
  "gamesfinished": 40341553,
  "gametime": 8073077095.674638,
  "inputs": 28362884295,
  "piecesplaced": 6290410755
}
