{
  "usercount": 1134273,
  "usercount_delta": 0.13677752159130876,
  "anoncount": 796169,
  "rankedcount": 16104,
  "replaycount": 1888288,
  "gamesplayed": 57564650,
  "gamesplayed_delta": 2.8723279534174844,
  "gamesfinished": 41452565,
  "gametime": 8302006896.36279,
  "inputs": 29099397400,
  "piecesplaced": 6457804650
}
