{
  "usercount": 9483795,
  "usercount_delta": 0.16441222629100963,
  "anoncount": 7051555,
  "totalaccounts": 16516740,
  "rankedcount": 54045,
  "replaycount": 13702557,
  "gamesplayed": 633317735,
  "gamesplayed_delta": 6.292504297137732,
  "gamesfinished": 492378154,
  "gametime": 111604029678.05592,
  "inputs": 394151811935,
  "piecesplaced": 90607366191
}
