{
  "usercount": 775499,
  "usercount_delta": 0.07745933384972889,
  "anoncount": 518969,
  "rankedcount": 13882,
  "replaycount": 1340154,
  "gamesplayed": 41468314,
  "gamesplayed_delta": 1.9519752130131682,
  "gamesfinished": 29031540,
  "gametime": 5738434971.330197,
  "inputs": 20778446122,
  "piecesplaced": 4561564796
}
