{
  "usercount": 839444,
  "usercount_delta": 0.037476343058444356,
  "anoncount": 568959,
  "rankedcount": 14040,
  "replaycount": 1449637,
  "gamesplayed": 44467440,
  "gamesplayed_delta": 2.6046058425618828,
  "gamesfinished": 31316082,
  "gametime": 6212512928.055207,
  "inputs": 22325672632,
  "piecesplaced": 4915639277
}
