{
  "usercount": 9339230,
  "usercount_delta": 0.25042482783293085,
  "anoncount": 6936302,
  "totalaccounts": 16223757,
  "rankedcount": 53812,
  "replaycount": 13444484,
  "gamesplayed": 623356766,
  "gamesplayed_delta": 5.312583847598605,
  "gamesfinished": 484741063,
  "gametime": 109761409411.61134,
  "inputs": 387395122375,
  "piecesplaced": 89031815974
}
