{
  "usercount": 2685296,
  "usercount_delta": 0.10152627838505533,
  "anoncount": 2009750,
  "rankedcount": 28972,
  "replaycount": 4025015,
  "gamesplayed": 127927420,
  "gamesplayed_delta": 7.39449727571153,
  "gamesfinished": 98781901,
  "gametime": 20807052433.146843,
  "inputs": 69932517436,
  "piecesplaced": 15628539549
}
