{
  "usercount": 804026,
  "usercount_delta": 0.06196554715578138,
  "anoncount": 541488,
  "rankedcount": 13958,
  "replaycount": 1389379,
  "gamesplayed": 42779691,
  "gamesplayed_delta": 1.704052546783988,
  "gamesfinished": 30029350,
  "gametime": 5946235979.254422,
  "inputs": 21459693963,
  "piecesplaced": 4717732007
}
