{
  "usercount": 4903363,
  "usercount_delta": 0.21058173203474598,
  "anoncount": 3849227,
  "rankedcount": 41984,
  "replaycount": 5823229,
  "gamesplayed": 220651396,
  "gamesplayed_delta": 5.387382644555585,
  "gamesfinished": 172277031,
  "gametime": 37369700758.921196,
  "inputs": 126216348136,
  "piecesplaced": 28416489094
}
