{
  "usercount": 737095,
  "usercount_delta": 0.07342548231363695,
  "anoncount": 488754,
  "rankedcount": 13623,
  "replaycount": 1255343,
  "gamesplayed": 39661705,
  "gamesplayed_delta": 3.5060667804761643,
  "gamesfinished": 27662440,
  "gametime": 5452604650.167391,
  "inputs": 19838848894,
  "piecesplaced": 4347285351
}
