{
  "usercount": 8104762,
  "usercount_delta": 0.19296637560905014,
  "anoncount": 6505125,
  "rankedcount": 43311,
  "replaycount": 9751763,
  "gamesplayed": 377666470,
  "gamesplayed_delta": 3.3608310418576233,
  "gamesfinished": 293268986,
  "gametime": 64938401631.89401,
  "inputs": 223856620304,
  "piecesplaced": 50932635518
}
