{
  "usercount": 1887846,
  "usercount_delta": 0.20588487604014757,
  "anoncount": 1379038,
  "rankedcount": 27426,
  "replaycount": 2923217,
  "gamesplayed": 87909594,
  "gamesplayed_delta": 4.443681907866519,
  "gamesfinished": 66268533,
  "gametime": 13583633052.489475,
  "inputs": 45927296070,
  "piecesplaced": 10212099847
}
