{
  "usercount": 3597398,
  "usercount_delta": 0.19855595667870038,
  "anoncount": 2757200,
  "rankedcount": 33674,
  "replaycount": 4178392,
  "gamesplayed": 166544928,
  "gamesplayed_delta": 6.949458483754513,
  "gamesfinished": 130070966,
  "gametime": 27759719596.80823,
  "inputs": 93155589807,
  "piecesplaced": 20884024036
}
