{
  "usercount": 1178687,
  "usercount_delta": 0.1367801942278758,
  "anoncount": 829673,
  "rankedcount": 16534,
  "replaycount": 1941194,
  "gamesplayed": 59090131,
  "gamesplayed_delta": 3.1850245227348224,
  "gamesfinished": 42676343,
  "gametime": 8553530148.001212,
  "inputs": 29885502656,
  "piecesplaced": 6634712455
}
