{
  "usercount": 838630,
  "usercount_delta": 0,
  "anoncount": 568317,
  "rankedcount": 14009,
  "replaycount": 1448507,
  "gamesplayed": 44428885,
  "gamesplayed_delta": 3.1570772555375473,
  "gamesfinished": 31286224,
  "gametime": 6206342831.550785,
  "inputs": 22305561851,
  "piecesplaced": 4911045650
}
