{
  "usercount": 1084074,
  "usercount_delta": 0.07574036203893054,
  "anoncount": 757048,
  "rankedcount": 15873,
  "replaycount": 1818011,
  "gamesplayed": 55444739,
  "gamesplayed_delta": 2.2343406801484513,
  "gamesfinished": 39786565,
  "gametime": 7958817520.351185,
  "inputs": 27995486677,
  "piecesplaced": 6207246877
}
