{
  "usercount": 9502168,
  "usercount_delta": 0.2089832962636772,
  "anoncount": 7064510,
  "totalaccounts": 16565893,
  "rankedcount": 53640,
  "replaycount": 13752194,
  "gamesplayed": 635320318,
  "gamesplayed_delta": 4.836470570673673,
  "gamesfinished": 493877709,
  "gametime": 111976693794.34717,
  "inputs": 395545291695,
  "piecesplaced": 90934386559
}
