{
  "usercount": 1111894,
  "usercount_delta": 0.04962532876780308,
  "anoncount": 778578,
  "rankedcount": 16072,
  "replaycount": 1856894,
  "gamesplayed": 56621398,
  "gamesplayed_delta": 2.3489322283426795,
  "gamesfinished": 40710918,
  "gametime": 8149839546.419055,
  "inputs": 28613051424,
  "piecesplaced": 6347506189
}
