{
  "usercount": 835846,
  "usercount_delta": 0.07640937084524047,
  "anoncount": 566201,
  "rankedcount": 14073,
  "replaycount": 1443914,
  "gamesplayed": 44295211,
  "gamesplayed_delta": 2.368690496202454,
  "gamesfinished": 31183318,
  "gametime": 6184731394.500433,
  "inputs": 22234614706,
  "piecesplaced": 4894829175
}
