{
  "usercount": 1813994,
  "usercount_delta": 0.17800720929197633,
  "anoncount": 1321682,
  "rankedcount": 25554,
  "replaycount": 2818534,
  "gamesplayed": 85075767,
  "gamesplayed_delta": 5.800068236096895,
  "gamesfinished": 63906160,
  "gametime": 13066833055.067623,
  "inputs": 44270625441,
  "piecesplaced": 9848008139
}
