{
  "usercount": 5675821,
  "usercount_delta": 0.10476218982908797,
  "anoncount": 4065480,
  "rankedcount": 42980,
  "replaycount": 9826842,
  "gamesplayed": 380808756,
  "gamesplayed_delta": 4.250351701637284,
  "gamesfinished": 295733427,
  "gametime": 65501915882.711876,
  "inputs": 225901218912,
  "piecesplaced": 51403943878
}
