{
  "usercount": 7061824,
  "usercount_delta": 0.08955758552749418,
  "anoncount": 5676812,
  "rankedcount": 41679,
  "replaycount": 8188779,
  "gamesplayed": 312031570,
  "gamesplayed_delta": 5.433160188667981,
  "gamesfinished": 242526818,
  "gametime": 53471549346.80324,
  "inputs": 182692349320,
  "piecesplaced": 41387227233
}
