{
  "usercount": 758618,
  "usercount_delta": 0.08713533860792583,
  "anoncount": 505688,
  "rankedcount": 13853,
  "replaycount": 1305304,
  "gamesplayed": 40633769,
  "gamesplayed_delta": 2.422362413300338,
  "gamesfinished": 28401082,
  "gametime": 5606181908.498425,
  "inputs": 20339920905,
  "piecesplaced": 4461040683
}
