{
  "usercount": 4626491,
  "usercount_delta": 0.1702707304614337,
  "anoncount": 3618515,
  "rankedcount": 41558,
  "replaycount": 5486965,
  "gamesplayed": 208238126,
  "gamesplayed_delta": 5.170038543101714,
  "gamesfinished": 162641989,
  "gametime": 35174765118.46485,
  "inputs": 118593325551,
  "piecesplaced": 26672064385
}
