{
  "usercount": 2724937,
  "usercount_delta": 0.07706238199822757,
  "anoncount": 2041036,
  "rankedcount": 28982,
  "replaycount": 4071806,
  "gamesplayed": 129728116,
  "gamesplayed_delta": 5.837475436365739,
  "gamesfinished": 100249340,
  "gametime": 21128901396.08297,
  "inputs": 70994118947,
  "piecesplaced": 15868046869
}
