{
  "usercount": 6515748,
  "usercount_delta": 0.08618089369586764,
  "anoncount": 5213348,
  "rankedcount": 48232,
  "replaycount": 7567051,
  "gamesplayed": 285897297,
  "gamesplayed_delta": 5.328851926861149,
  "gamesfinished": 222817927,
  "gametime": 48847679420.34382,
  "inputs": 166082615984,
  "piecesplaced": 37522845920
}
