{
  "usercount": 808644,
  "usercount_delta": 0.094732853353543,
  "anoncount": 545042,
  "rankedcount": 14015,
  "replaycount": 1398122,
  "gamesplayed": 43018956,
  "gamesplayed_delta": 1.8315018315018314,
  "gamesfinished": 30209670,
  "gametime": 5983841378.368956,
  "inputs": 21582238839,
  "piecesplaced": 4745801550
}
