{
  "usercount": 925529,
  "usercount_delta": 0.04299534217126478,
  "anoncount": 635095,
  "rankedcount": 14345,
  "replaycount": 1583222,
  "gamesplayed": 48294903,
  "gamesplayed_delta": 3.4969544965962016,
  "gamesfinished": 34269680,
  "gametime": 6816721723.689288,
  "inputs": 24281464475,
  "piecesplaced": 5361101366
}
