{
  "usercount": 961722,
  "usercount_delta": 0.096180049051825,
  "anoncount": 662587,
  "rankedcount": 14511,
  "replaycount": 1634532,
  "gamesplayed": 49850561,
  "gamesplayed_delta": 2.869371463379446,
  "gamesfinished": 35468020,
  "gametime": 7062483163.996736,
  "inputs": 25079883225,
  "piecesplaced": 5542797065
}
