{
  "usercount": 1176304,
  "usercount_delta": 0.1268271029519008,
  "anoncount": 827798,
  "rankedcount": 16453,
  "replaycount": 1938222,
  "gamesplayed": 58999115,
  "gamesplayed_delta": 4.423095215447541,
  "gamesfinished": 42602225,
  "gametime": 8538546041.868644,
  "inputs": 29839342783,
  "piecesplaced": 6624390312
}
