{
  "usercount": 1152231,
  "usercount_delta": 0.019540409566984523,
  "anoncount": 810033,
  "rankedcount": 16210,
  "replaycount": 1910463,
  "gamesplayed": 58248916,
  "gamesplayed_delta": 3.243707988119431,
  "gamesfinished": 42000917,
  "gametime": 8413730195.309867,
  "inputs": 29452514025,
  "piecesplaced": 6537390623
}
