{
  "usercount": 736097,
  "usercount_delta": 0.01838674683288286,
  "anoncount": 487975,
  "rankedcount": 13593,
  "replaycount": 1252770,
  "gamesplayed": 39616318,
  "gamesplayed_delta": 2.353503594609006,
  "gamesfinished": 27626948,
  "gametime": 5445251588.603294,
  "inputs": 19815528968,
  "piecesplaced": 4342000031
}
