{
  "usercount": 927925,
  "usercount_delta": 0.035132096683530074,
  "anoncount": 636844,
  "rankedcount": 14194,
  "replaycount": 1586857,
  "gamesplayed": 48401401,
  "gamesplayed_delta": 3.197020798201237,
  "gamesfinished": 34351628,
  "gametime": 6833335219.33519,
  "inputs": 24335052973,
  "piecesplaced": 5373222027
}
