{
  "usercount": 1013677,
  "usercount_delta": 0.04577985991362866,
  "anoncount": 702710,
  "rankedcount": 15110,
  "replaycount": 1716872,
  "gamesplayed": 52304334,
  "gamesplayed_delta": 4.181227205444751,
  "gamesfinished": 37354259,
  "gametime": 7451186796.276201,
  "inputs": 26344661953,
  "piecesplaced": 5831177813
}
