{
  "usercount": 3267502,
  "usercount_delta": 0.11865211200759374,
  "anoncount": 2482017,
  "rankedcount": 31561,
  "replaycount": 3847240,
  "gamesplayed": 153732202,
  "gamesplayed_delta": 4.864736592311344,
  "gamesfinished": 119814978,
  "gametime": 25453970278.03811,
  "inputs": 85362204805,
  "piecesplaced": 19115361619
}
