{
  "usercount": 6209524,
  "usercount_delta": 0.24440316746505034,
  "anoncount": 4469184,
  "rankedcount": 45676,
  "replaycount": 8601394,
  "gamesplayed": 418796136,
  "gamesplayed_delta": 5.2139342392544075,
  "gamesfinished": 325657891,
  "gametime": 72155051685.58333,
  "inputs": 249772544635,
  "piecesplaced": 56942773937
}
