{
  "usercount": 8791619,
  "usercount_delta": 0.16366016875181846,
  "anoncount": 6588532,
  "totalaccounts": 14327844,
  "rankedcount": 48808,
  "replaycount": 11668506,
  "gamesplayed": 560002628,
  "gamesplayed_delta": 4.364271166715159,
  "gamesfinished": 436167841,
  "gametime": 98011460176.27997,
  "inputs": 344297713716,
  "piecesplaced": 78981804053
}
