{
  "usercount": 7429521,
  "usercount_delta": 0.10954502300445483,
  "anoncount": 5545017,
  "totalaccounts": 11359844,
  "rankedcount": 59499,
  "replaycount": 10044964,
  "gamesplayed": 460712281,
  "gamesplayed_delta": 4.9660410428686195,
  "gamesfinished": 359236204,
  "gametime": 79852036027.10728,
  "inputs": 277425577358,
  "piecesplaced": 63341371341
}
