{
  "usercount": 8174911,
  "usercount_delta": 0.2472234900349916,
  "anoncount": 6660182,
  "rankedcount": 40787,
  "replaycount": 9121321,
  "gamesplayed": 351882259,
  "gamesplayed_delta": 4.640194736041381,
  "gamesfinished": 272996461,
  "gametime": 60367213786.263336,
  "inputs": 207468292542,
  "piecesplaced": 47147909440
}
