{
  "usercount": 743590,
  "usercount_delta": 0.01479049267131088,
  "anoncount": 493911,
  "rankedcount": 13685,
  "replaycount": 1270078,
  "gamesplayed": 39911406,
  "gamesplayed_delta": 1.9227640472704144,
  "gamesfinished": 27852147,
  "gametime": 5491872775.205632,
  "inputs": 19966582581,
  "piecesplaced": 4376233964
}
