{
  "usercount": 1554601,
  "usercount_delta": 0.13184908929950462,
  "anoncount": 1119039,
  "rankedcount": 21678,
  "replaycount": 2464919,
  "gamesplayed": 74234751,
  "gamesplayed_delta": 4.106157352470286,
  "gamesfinished": 54900840,
  "gametime": 11114695086.604685,
  "inputs": 37977247007,
  "piecesplaced": 8450965271
}
