{
  "usercount": 1101534,
  "usercount_delta": 0.07071260628988633,
  "anoncount": 770634,
  "rankedcount": 16064,
  "replaycount": 1842521,
  "gamesplayed": 56174310,
  "gamesplayed_delta": 2.7047571905881522,
  "gamesfinished": 40359768,
  "gametime": 8076840050.064477,
  "inputs": 28374926475,
  "piecesplaced": 6293148763
}
