{
  "usercount": 818418,
  "usercount_delta": 0.11243113592924334,
  "anoncount": 552696,
  "rankedcount": 13858,
  "replaycount": 1415521,
  "gamesplayed": 43480092,
  "gamesplayed_delta": 2.4547464677884796,
  "gamesfinished": 30559248,
  "gametime": 6056082274.111867,
  "inputs": 21817119432,
  "piecesplaced": 4799416525
}
