{
  "usercount": 795062,
  "usercount_delta": 0.075297802810114,
  "anoncount": 534465,
  "rankedcount": 13982,
  "replaycount": 1372856,
  "gamesplayed": 42342504,
  "gamesplayed_delta": 3.1022694757766964,
  "gamesfinished": 29694901,
  "gametime": 5876213674.423337,
  "inputs": 21230524389,
  "piecesplaced": 4665024496
}
