{
  "usercount": 2695911,
  "usercount_delta": 0.12375088945951798,
  "anoncount": 2018135,
  "rankedcount": 28995,
  "replaycount": 4037677,
  "gamesplayed": 128391244,
  "gamesplayed_delta": 6.326764223617857,
  "gamesfinished": 99161157,
  "gametime": 20889748060.93345,
  "inputs": 70203737271,
  "piecesplaced": 15689524763
}
