{
  "usercount": 5782414,
  "usercount_delta": 0.11256552921879523,
  "anoncount": 4151433,
  "rankedcount": 42063,
  "replaycount": 9975021,
  "gamesplayed": 386743877,
  "gamesplayed_delta": 4.277490110314218,
  "gamesfinished": 300320293,
  "gametime": 66558602300.8341,
  "inputs": 229739576819,
  "piecesplaced": 52291694095
}
