{
  "usercount": 1042570,
  "usercount_delta": 0.047188360204482895,
  "anoncount": 725066,
  "rankedcount": 15513,
  "replaycount": 1759752,
  "gamesplayed": 53644493,
  "gamesplayed_delta": 1.79315768777035,
  "gamesfinished": 38385121,
  "gametime": 7666834599.774291,
  "inputs": 27052187424,
  "piecesplaced": 5992605867
}
