{
  "usercount": 8726700,
  "usercount_delta": 0.12288678615943682,
  "anoncount": 6532365,
  "totalaccounts": 14260991,
  "rankedcount": 49178,
  "replaycount": 11591651,
  "gamesplayed": 557654148,
  "gamesplayed_delta": 3.98504292259888,
  "gamesfinished": 434391785,
  "gametime": 97578933999.84279,
  "inputs": 342710065432,
  "piecesplaced": 78610033899
}
