{
  "usercount": 6051302,
  "usercount_delta": 0.16523159962547504,
  "anoncount": 4819577,
  "rankedcount": 44910,
  "replaycount": 7031768,
  "gamesplayed": 266264517,
  "gamesplayed_delta": 7.288549450145954,
  "gamesfinished": 207604448,
  "gametime": 45379329604.096016,
  "inputs": 153981341154,
  "piecesplaced": 34758267189
}
