{
  "usercount": 9268276,
  "usercount_delta": 0.13970870734518528,
  "anoncount": 6877710,
  "totalaccounts": 16103731,
  "rankedcount": 53236,
  "replaycount": 13335510,
  "gamesplayed": 619322314,
  "gamesplayed_delta": 4.226188397191855,
  "gamesfinished": 481648922,
  "gametime": 109015661569.69891,
  "inputs": 384672882532,
  "piecesplaced": 88399381158
}
