{
  "usercount": 4658128,
  "usercount_delta": 0.10694533565557492,
  "anoncount": 3644252,
  "rankedcount": 41927,
  "replaycount": 5529645,
  "gamesplayed": 209760644,
  "gamesplayed_delta": 4.797262199407218,
  "gamesfinished": 163823243,
  "gametime": 35446542605.95507,
  "inputs": 119540941209,
  "piecesplaced": 26889126942
}
