{
  "usercount": 1078243,
  "usercount_delta": 0.09480649993363545,
  "anoncount": 752575,
  "rankedcount": 15845,
  "replaycount": 1810160,
  "gamesplayed": 55212412,
  "gamesplayed_delta": 2.21847209844707,
  "gamesfinished": 39604323,
  "gametime": 7921340461.273366,
  "inputs": 27876053560,
  "piecesplaced": 6180199664
}
