{
  "usercount": 5805373,
  "usercount_delta": 0.13398040908684908,
  "anoncount": 4613030,
  "rankedcount": 43770,
  "replaycount": 6762145,
  "gamesplayed": 256645608,
  "gamesplayed_delta": 5.3294429392324405,
  "gamesfinished": 200073137,
  "gametime": 43681666314.801346,
  "inputs": 148076216008,
  "piecesplaced": 33410642644
}
