{
  "usercount": 785435,
  "usercount_delta": 0,
  "anoncount": 526757,
  "rankedcount": 13952,
  "replaycount": 1359187,
  "gamesplayed": 41975920,
  "gamesplayed_delta": 1.69274081465379,
  "gamesfinished": 29417243,
  "gametime": 5818661154.629737,
  "inputs": 21043324877,
  "piecesplaced": 4622164353
}
