{
  "usercount": 5761503,
  "usercount_delta": 0.03261153143751631,
  "anoncount": 4124305,
  "rankedcount": 42006,
  "replaycount": 10020196,
  "gamesplayed": 388549372,
  "gamesplayed_delta": 3.0002608922515,
  "gamesfinished": 301731411,
  "gametime": 66876892436.87373,
  "inputs": 230882399186,
  "piecesplaced": 52555255056
}
