{
  "usercount": 3779610,
  "usercount_delta": 0.09025270758122744,
  "anoncount": 2907501,
  "rankedcount": 35620,
  "replaycount": 4435909,
  "gamesplayed": 173359365,
  "gamesplayed_delta": 5.92057761732852,
  "gamesfinished": 135477399,
  "gametime": 28976545924.81683,
  "inputs": 97273746060,
  "piecesplaced": 21815328058
}
