{
  "usercount": 6185779,
  "usercount_delta": 0.33221631615437947,
  "anoncount": 4449431,
  "rankedcount": 45453,
  "replaycount": 8520065,
  "gamesplayed": 417704499,
  "gamesplayed_delta": 4.347700485324705,
  "gamesfinished": 324782655,
  "gametime": 71959847538.93382,
  "inputs": 249079548864,
  "piecesplaced": 56782724207
}
