{
  "usercount": 1162542,
  "usercount_delta": 0.1887504718761797,
  "anoncount": 817513,
  "rankedcount": 16257,
  "replaycount": 1921481,
  "gamesplayed": 58552402,
  "gamesplayed_delta": 2.3121932804832013,
  "gamesfinished": 42243127,
  "gametime": 8464748427.76427,
  "inputs": 29612480484,
  "piecesplaced": 6573522578
}
