{
  "usercount": 902795,
  "usercount_delta": 0,
  "anoncount": 618308,
  "rankedcount": 14348,
  "replaycount": 1548731,
  "gamesplayed": 47370798,
  "gamesplayed_delta": 2.043207836302996,
  "gamesfinished": 33553392,
  "gametime": 6670384717.387842,
  "inputs": 23807030019,
  "piecesplaced": 5253062709
}
