{
  "usercount": 8532005,
  "usercount_delta": 0.1517041432087112,
  "anoncount": 6518260,
  "totalaccounts": 12491104,
  "rankedcount": 45553,
  "replaycount": 11153488,
  "gamesplayed": 501623007,
  "gamesplayed_delta": 5.0399487577116275,
  "gamesfinished": 391010960,
  "gametime": 87414314867.38147,
  "inputs": 305466099677,
  "piecesplaced": 69918403732
}
