{
  "usercount": 752919,
  "usercount_delta": 0.03671206725650721,
  "anoncount": 501196,
  "rankedcount": 13770,
  "replaycount": 1293356,
  "gamesplayed": 40360263,
  "gamesplayed_delta": 2.0375197327361505,
  "gamesfinished": 28191152,
  "gametime": 5562715618.18019,
  "inputs": 20197698335,
  "piecesplaced": 4428671034
}
