{
  "usercount": 1043913,
  "usercount_delta": 0.05680527152919791,
  "anoncount": 726100,
  "rankedcount": 15562,
  "replaycount": 1761595,
  "gamesplayed": 53697661,
  "gamesplayed_delta": 3.1621601151253502,
  "gamesfinished": 38426306,
  "gametime": 7675394728.960605,
  "inputs": 27080503813,
  "piecesplaced": 5999071801
}
