{
  "usercount": 880724,
  "usercount_delta": 0,
  "anoncount": 601151,
  "rankedcount": 14267,
  "replaycount": 1514174,
  "gamesplayed": 46343919,
  "gamesplayed_delta": 2.6608203571495497,
  "gamesfinished": 32759287,
  "gametime": 6508296071.352041,
  "inputs": 23282006560,
  "piecesplaced": 5133533609
}
