{
  "usercount": 7751946,
  "usercount_delta": 0.25495570144687363,
  "anoncount": 6283584,
  "rankedcount": 39199,
  "replaycount": 8772962,
  "gamesplayed": 336890365,
  "gamesplayed_delta": 6.453566192873988,
  "gamesfinished": 261408396,
  "gametime": 57760787926.358025,
  "inputs": 198149744449,
  "piecesplaced": 44983936274
}
