{
  "usercount": 3312625,
  "usercount_delta": 0.1582090732903532,
  "anoncount": 2518379,
  "rankedcount": 31656,
  "replaycount": 3708150,
  "gamesplayed": 155984132,
  "gamesplayed_delta": 4.568286991258948,
  "gamesfinished": 121618678,
  "gametime": 25854895542.450455,
  "inputs": 86722620894,
  "piecesplaced": 19424568585
}
