{
  "usercount": 1161227,
  "usercount_delta": 0,
  "anoncount": 816552,
  "rankedcount": 16227,
  "replaycount": 1919665,
  "gamesplayed": 58505661,
  "gamesplayed_delta": 2.6509628675844046,
  "gamesfinished": 42206057,
  "gametime": 8457016299.752041,
  "inputs": 29586780066,
  "piecesplaced": 6567630516
}
