{
  "usercount": 8604047,
  "usercount_delta": 0.048196642300586394,
  "anoncount": 6350746,
  "totalaccounts": 14741348,
  "rankedcount": 49040,
  "replaycount": 12127971,
  "gamesplayed": 575133400,
  "gamesplayed_delta": 4.787533135191582,
  "gamesfinished": 447626748,
  "gametime": 100804936576.38007,
  "inputs": 354565995488,
  "piecesplaced": 81378880766
}
