{
  "usercount": 3278108,
  "usercount_delta": 0.056065334803491004,
  "anoncount": 2490648,
  "rankedcount": 31641,
  "replaycount": 3863906,
  "gamesplayed": 154214277,
  "gamesplayed_delta": 4.6534227886897535,
  "gamesfinished": 120204241,
  "gametime": 25540367144.432087,
  "inputs": 85649999090,
  "piecesplaced": 19180460161
}
