{
  "usercount": 975208,
  "usercount_delta": 0.08763985860769477,
  "anoncount": 672904,
  "rankedcount": 14642,
  "replaycount": 1654845,
  "gamesplayed": 50450333,
  "gamesplayed_delta": 3.403347842598814,
  "gamesfinished": 35928921,
  "gametime": 7156539068.72387,
  "inputs": 25384194935,
  "piecesplaced": 5612095250
}
