{
  "usercount": 1225548,
  "usercount_delta": 0.12374706100730108,
  "anoncount": 865716,
  "rankedcount": 17276,
  "replaycount": 2002515,
  "gamesplayed": 60879316,
  "gamesplayed_delta": 5.091307652871816,
  "gamesfinished": 44116424,
  "gametime": 8850288016.234232,
  "inputs": 30816265551,
  "piecesplaced": 6843469082
}
