{
  "usercount": 847185,
  "usercount_delta": 0.02866438307081536,
  "anoncount": 575019,
  "rankedcount": 14144,
  "replaycount": 1463031,
  "gamesplayed": 44833205,
  "gamesplayed_delta": 2.4078081779484903,
  "gamesfinished": 31591698,
  "gametime": 6268853290.293915,
  "inputs": 22509430973,
  "piecesplaced": 4957533293
}
