{
  "usercount": 1237061,
  "usercount_delta": 0.056883899960181276,
  "anoncount": 874742,
  "rankedcount": 17256,
  "replaycount": 2017825,
  "gamesplayed": 61339968,
  "gamesplayed_delta": 4.0766794971463245,
  "gamesfinished": 44485099,
  "gametime": 8926439762.054121,
  "inputs": 31058018340,
  "piecesplaced": 6897925087
}
