{
  "usercount": 7324969,
  "usercount_delta": 0.05321318977597247,
  "anoncount": 5451745,
  "totalaccounts": 11252770,
  "rankedcount": 59731,
  "replaycount": 9934132,
  "gamesplayed": 456947862,
  "gamesplayed_delta": 3.831349663870018,
  "gamesfinished": 356246125,
  "gametime": 79150290819.16748,
  "inputs": 274859788672,
  "piecesplaced": 62743167803
}
