{
  "usercount": 7560579,
  "usercount_delta": 0.3288958496476116,
  "anoncount": 6113872,
  "rankedcount": 39426,
  "replaycount": 8615984,
  "gamesplayed": 330423204,
  "gamesplayed_delta": 5.058731401722787,
  "gamesfinished": 256462712,
  "gametime": 56643278937.61264,
  "inputs": 194122213344,
  "piecesplaced": 44047950103
}
