{
  "usercount": 850277,
  "usercount_delta": 0.07495549517474,
  "anoncount": 577454,
  "rankedcount": 14079,
  "replaycount": 1467991,
  "gamesplayed": 44980865,
  "gamesplayed_delta": 3.1668696711327646,
  "gamesfinished": 31704498,
  "gametime": 6292315788.636824,
  "inputs": 22585301624,
  "piecesplaced": 4974803501
}
