{
  "usercount": 1000041,
  "usercount_delta": 0.04382441019647944,
  "anoncount": 692182,
  "rankedcount": 14994,
  "replaycount": 1693873,
  "gamesplayed": 51617373,
  "gamesplayed_delta": 4.513914250237383,
  "gamesfinished": 36828538,
  "gametime": 7341955142.123051,
  "inputs": 25988013970,
  "piecesplaced": 5749822296
}
