{
  "usercount": 1235543,
  "usercount_delta": 0.07926568271532522,
  "anoncount": 873595,
  "rankedcount": 17418,
  "replaycount": 2015755,
  "gamesplayed": 61282863,
  "gamesplayed_delta": 3.2657461278713993,
  "gamesfinished": 44439853,
  "gametime": 8916999495.393091,
  "inputs": 31028294743,
  "piecesplaced": 6891232719
}
