{
  "usercount": 8463808,
  "usercount_delta": 0.13492090262083853,
  "anoncount": 6301150,
  "totalaccounts": 13991390,
  "rankedcount": 51388,
  "replaycount": 11308769,
  "gamesplayed": 548714515,
  "gamesplayed_delta": 4.0476270786251565,
  "gamesfinished": 427593733,
  "gametime": 95916867462.95425,
  "inputs": 336569435264,
  "piecesplaced": 77170410098
}
