{
  "usercount": 879387,
  "usercount_delta": 0,
  "anoncount": 600091,
  "rankedcount": 14214,
  "replaycount": 1512062,
  "gamesplayed": 46286689,
  "gamesplayed_delta": 2.979965462964378,
  "gamesfinished": 32715564,
  "gametime": 6499682916.369283,
  "inputs": 23253424238,
  "piecesplaced": 5127000423
}
