{
  "usercount": 4884266,
  "usercount_delta": 0.09889729515897741,
  "anoncount": 3833390,
  "rankedcount": 42173,
  "replaycount": 5798893,
  "gamesplayed": 219710820,
  "gamesplayed_delta": 3.955891806359096,
  "gamesfinished": 171549916,
  "gametime": 37202647088.8758,
  "inputs": 125627404653,
  "piecesplaced": 28280918729
}
