{
  "usercount": 742054,
  "usercount_delta": 0.04437147801393264,
  "anoncount": 492717,
  "rankedcount": 13620,
  "replaycount": 1266370,
  "gamesplayed": 39839525,
  "gamesplayed_delta": 3.35744183638757,
  "gamesfinished": 27797226,
  "gametime": 5480372732.579472,
  "inputs": 19929917088,
  "piecesplaced": 4367950070
}
