{
  "usercount": 849457,
  "usercount_delta": 0.05960541217142516,
  "anoncount": 576813,
  "rankedcount": 14036,
  "replaycount": 1466445,
  "gamesplayed": 44938754,
  "gamesplayed_delta": 2.662375076990324,
  "gamesfinished": 31672987,
  "gametime": 6285804605.0478735,
  "inputs": 22564048288,
  "piecesplaced": 4969975964
}
