{
  "usercount": 4956937,
  "usercount_delta": 0.10396708699074694,
  "anoncount": 3894899,
  "rankedcount": 41980,
  "replaycount": 5879139,
  "gamesplayed": 222759549,
  "gamesplayed_delta": 4.678518914583612,
  "gamesfinished": 173940875,
  "gametime": 37742932691.91085,
  "inputs": 127493144008,
  "piecesplaced": 28707326949
}
