{
  "usercount": 932257,
  "usercount_delta": 0.04584492191081634,
  "anoncount": 640223,
  "rankedcount": 14380,
  "replaycount": 1594041,
  "gamesplayed": 48593250,
  "gamesplayed_delta": 2.2464011736300007,
  "gamesfinished": 34499079,
  "gametime": 6863211185.236819,
  "inputs": 24431829127,
  "piecesplaced": 5395174486
}
