{
  "usercount": 1005148,
  "usercount_delta": 0.07613826709304096,
  "anoncount": 696091,
  "rankedcount": 15107,
  "replaycount": 1703008,
  "gamesplayed": 51879238,
  "gamesplayed_delta": 3.350083752093802,
  "gamesfinished": 37027185,
  "gametime": 7383971151.0308,
  "inputs": 26125486747,
  "piecesplaced": 5781322058
}
