{
  "usercount": 886547,
  "usercount_delta": 0.015059333775073791,
  "anoncount": 605622,
  "rankedcount": 14288,
  "replaycount": 1523543,
  "gamesplayed": 46611009,
  "gamesplayed_delta": 2.9215107523643153,
  "gamesfinished": 32966481,
  "gametime": 6550259060.332976,
  "inputs": 23417682904,
  "piecesplaced": 5164399592
}
