{
  "usercount": 979896,
  "usercount_delta": 0.058428279287175,
  "anoncount": 676542,
  "rankedcount": 14826,
  "replaycount": 1661772,
  "gamesplayed": 50656303,
  "gamesplayed_delta": 2.6000584282792873,
  "gamesfinished": 36089957,
  "gametime": 7189072202.7635355,
  "inputs": 25489912261,
  "piecesplaced": 5636101585
}
