{
  "usercount": 8386142,
  "usercount_delta": 0.030749834719638384,
  "anoncount": 6841189,
  "rankedcount": 42097,
  "replaycount": 9344024,
  "gamesplayed": 360820188,
  "gamesplayed_delta": 2.47536169493089,
  "gamesfinished": 280023096,
  "gametime": 61929169619.23466,
  "inputs": 213019243256,
  "piecesplaced": 48430285333
}
