{
  "usercount": 1107803,
  "usercount_delta": 0.03787018101946527,
  "anoncount": 775459,
  "rankedcount": 16076,
  "replaycount": 1850929,
  "gamesplayed": 56429454,
  "gamesplayed_delta": 3.408316291751875,
  "gamesfinished": 40559805,
  "gametime": 8118403898.129957,
  "inputs": 28510769147,
  "piecesplaced": 6324193395
}
