{
  "usercount": 7534953,
  "usercount_delta": 0.07844060085500255,
  "anoncount": 5638211,
  "totalaccounts": 11467999,
  "rankedcount": 58260,
  "replaycount": 10164161,
  "gamesplayed": 464733658,
  "gamesplayed_delta": 2.2355571243675727,
  "gamesfinished": 362381289,
  "gametime": 80608951592.02458,
  "inputs": 280214815049,
  "piecesplaced": 63995603823
}
