{
  "usercount": 8236002,
  "usercount_delta": 0.25524375778868824,
  "anoncount": 6252873,
  "totalaccounts": 12188116,
  "rankedcount": 44401,
  "replaycount": 10909899,
  "gamesplayed": 492550912,
  "gamesplayed_delta": 4.579373301502936,
  "gamesfinished": 383930306,
  "gametime": 85790047097.73935,
  "inputs": 299508876422,
  "piecesplaced": 68526821566
}
