{
  "usercount": 6592523,
  "usercount_delta": 0.11241548764232603,
  "anoncount": 4804515,
  "rankedcount": 54435,
  "replaycount": 9085274,
  "gamesplayed": 431819726,
  "gamesplayed_delta": 4.978400167017296,
  "gamesfinished": 336080593,
  "gametime": 74495190246.43271,
  "inputs": 258110586871,
  "piecesplaced": 58867516056
}
