{
  "usercount": 776693,
  "usercount_delta": 0.036851415094339625,
  "anoncount": 519914,
  "rankedcount": 13932,
  "replaycount": 1342334,
  "gamesplayed": 41525057,
  "gamesplayed_delta": 3.5377358490566038,
  "gamesfinished": 29075696,
  "gametime": 5747739579.852075,
  "inputs": 20809204477,
  "piecesplaced": 4568609992
}
