{
  "usercount": 1236278,
  "usercount_delta": 0.11361484567316796,
  "anoncount": 874137,
  "rankedcount": 17447,
  "replaycount": 2016713,
  "gamesplayed": 61309267,
  "gamesplayed_delta": 4.052262829009657,
  "gamesfinished": 44460733,
  "gametime": 8921268886.218706,
  "inputs": 31041831128,
  "piecesplaced": 6894289980
}
