{
  "usercount": 4464346,
  "usercount_delta": 0.16389046157513634,
  "anoncount": 3484354,
  "rankedcount": 40164,
  "replaycount": 5281659,
  "gamesplayed": 200800378,
  "gamesplayed_delta": 5.676569623647904,
  "gamesfinished": 156892615,
  "gametime": 33860013995.632668,
  "inputs": 114059936454,
  "piecesplaced": 25636489380
}
