{
  "usercount": 1196701,
  "usercount_delta": 0.14142271248762553,
  "anoncount": 843575,
  "rankedcount": 16749,
  "replaycount": 1964455,
  "gamesplayed": 59757786,
  "gamesplayed_delta": 2.7577428935086976,
  "gamesfinished": 43211142,
  "gametime": 8664127240.769299,
  "inputs": 30230731869,
  "piecesplaced": 6712172387
}
