{
  "usercount": 9642720,
  "usercount_delta": 0.10533338014816895,
  "anoncount": 7150364,
  "totalaccounts": 17101460,
  "rankedcount": 48570,
  "replaycount": 14240451,
  "gamesplayed": 656396147,
  "gamesplayed_delta": 3.8095572486921103,
  "gamesfinished": 509725165,
  "gametime": 115908839289.87273,
  "inputs": 410447665352,
  "piecesplaced": 94460708826
}
