{
  "usercount": 7607960,
  "usercount_delta": 0.09693491789612453,
  "anoncount": 5702258,
  "totalaccounts": 11543066,
  "rankedcount": 56739,
  "replaycount": 10246460,
  "gamesplayed": 467624424,
  "gamesplayed_delta": 3.761074814369632,
  "gamesfinished": 364634060,
  "gametime": 81156598950.84271,
  "inputs": 282237152386,
  "piecesplaced": 64469671080
}
