{
  "usercount": 8965369,
  "usercount_delta": 0.2760736196319018,
  "anoncount": 6629146,
  "totalaccounts": 15568169,
  "rankedcount": 50858,
  "replaycount": 12859292,
  "gamesplayed": 601810623,
  "gamesplayed_delta": 5.0920245398773005,
  "gamesfinished": 468129854,
  "gametime": 105749179699.9542,
  "inputs": 372711193453,
  "piecesplaced": 85616132487
}
