{
  "usercount": 1126329,
  "usercount_delta": 0.09770395701025893,
  "anoncount": 789963,
  "rankedcount": 16036,
  "replaycount": 1878235,
  "gamesplayed": 57265020,
  "gamesplayed_delta": 4.553004396678066,
  "gamesfinished": 41214931,
  "gametime": 8253332465.852226,
  "inputs": 28944879645,
  "piecesplaced": 6422871091
}
