{
  "usercount": 4576206,
  "usercount_delta": 0.05317169139150316,
  "anoncount": 3576573,
  "rankedcount": 41379,
  "replaycount": 5426777,
  "gamesplayed": 206016277,
  "gamesplayed_delta": 6.167916201414367,
  "gamesfinished": 160920172,
  "gametime": 34782414243.45198,
  "inputs": 117247514278,
  "piecesplaced": 26365208692
}
