{
  "usercount": 892377,
  "usercount_delta": 0.0764082031846939,
  "anoncount": 610139,
  "rankedcount": 14324,
  "replaycount": 1532547,
  "gamesplayed": 46879745,
  "gamesplayed_delta": 2.093584767260613,
  "gamesfinished": 33173323,
  "gametime": 6591964398.092415,
  "inputs": 23551920975,
  "piecesplaced": 5194851104
}
