{
  "usercount": 839760,
  "usercount_delta": 0.030563748338096185,
  "anoncount": 569209,
  "rankedcount": 14052,
  "replaycount": 1450198,
  "gamesplayed": 44484968,
  "gamesplayed_delta": 2.047771138652444,
  "gamesfinished": 31329359,
  "gametime": 6215233636.106225,
  "inputs": 22334711937,
  "piecesplaced": 4917692283
}
