{
  "usercount": 749206,
  "usercount_delta": 0.09193373416441429,
  "anoncount": 498275,
  "rankedcount": 13771,
  "replaycount": 1285513,
  "gamesplayed": 40197705,
  "gamesplayed_delta": 3.0705867210914373,
  "gamesfinished": 28068310,
  "gametime": 5536488061.455666,
  "inputs": 20113281557,
  "piecesplaced": 4409539964
}
