{
  "usercount": 978907,
  "usercount_delta": 0.04382120946538125,
  "anoncount": 675768,
  "rankedcount": 14784,
  "replaycount": 1660284,
  "gamesplayed": 50611012,
  "gamesplayed_delta": 3.4618755477651186,
  "gamesfinished": 36055146,
  "gametime": 7181993853.56445,
  "inputs": 25467075158,
  "piecesplaced": 5630882020
}
