{
  "usercount": 2866870,
  "usercount_delta": 0.10152456048325692,
  "anoncount": 2154585,
  "rankedcount": 29753,
  "replaycount": 4243138,
  "gamesplayed": 136144484,
  "gamesplayed_delta": 4.6362882620687325,
  "gamesfinished": 105513419,
  "gametime": 22295801748.018856,
  "inputs": 74838648350,
  "piecesplaced": 16734860382
}
