{
  "usercount": 7810589,
  "usercount_delta": 0.2503903143134886,
  "anoncount": 6335567,
  "rankedcount": 39137,
  "replaycount": 8823119,
  "gamesplayed": 339053359,
  "gamesplayed_delta": 5.1992812325095,
  "gamesfinished": 263056985,
  "gametime": 58135220811.487656,
  "inputs": 199503200269,
  "piecesplaced": 45299430634
}
