{
  "usercount": 997366,
  "usercount_delta": 0.05842742583368633,
  "anoncount": 690054,
  "rankedcount": 14895,
  "replaycount": 1689372,
  "gamesplayed": 51491423,
  "gamesplayed_delta": 3.052832999810111,
  "gamesfinished": 36733008,
  "gametime": 7322197191.721865,
  "inputs": 25923692097,
  "piecesplaced": 5735189094
}
