{
  "usercount": 907056,
  "usercount_delta": 0.015023587031639675,
  "anoncount": 621244,
  "rankedcount": 14255,
  "replaycount": 1553279,
  "gamesplayed": 47500907,
  "gamesplayed_delta": 2.4338210991256273,
  "gamesfinished": 33655337,
  "gametime": 6691560523.698989,
  "inputs": 23874961140,
  "piecesplaced": 5268598545
}
