{
  "usercount": 7011533,
  "usercount_delta": 0.26006900497598695,
  "anoncount": 5174453,
  "totalaccounts": 10931128,
  "rankedcount": 58589,
  "replaycount": 9589410,
  "gamesplayed": 446227732,
  "gamesplayed_delta": 5.11469043119441,
  "gamesfinished": 347664877,
  "gametime": 77144256882.81418,
  "inputs": 267642043622,
  "piecesplaced": 61069932298
}
