{
  "usercount": 948014,
  "usercount_delta": 0.030047625486395935,
  "anoncount": 652205,
  "rankedcount": 14285,
  "replaycount": 1615623,
  "gamesplayed": 49235075,
  "gamesplayed_delta": 2.65921485554604,
  "gamesfinished": 34998122,
  "gametime": 6966222400.277026,
  "inputs": 24763644345,
  "piecesplaced": 5470508401
}
