{
  "usercount": 1113736,
  "usercount_delta": 0.0634135514759504,
  "anoncount": 779980,
  "rankedcount": 15943,
  "replaycount": 1860387,
  "gamesplayed": 56716546,
  "gamesplayed_delta": 3.4084783918323343,
  "gamesfinished": 40784790,
  "gametime": 8165300320.9682,
  "inputs": 28663413473,
  "piecesplaced": 6358996976
}
