{
  "usercount": 2648893,
  "usercount_delta": 0.07706238199822757,
  "anoncount": 1980850,
  "rankedcount": 29056,
  "replaycount": 3980870,
  "gamesplayed": 126184872,
  "gamesplayed_delta": 3.4100104034215697,
  "gamesfinished": 97378570,
  "gametime": 20496260257.91719,
  "inputs": 68898887897,
  "piecesplaced": 15394601389
}
