{
  "usercount": 1091991,
  "usercount_delta": 0.05680849855138329,
  "anoncount": 763165,
  "rankedcount": 15951,
  "replaycount": 1828998,
  "gamesplayed": 55767759,
  "gamesplayed_delta": 4.052339563332008,
  "gamesfinished": 40040695,
  "gametime": 8011523322.315785,
  "inputs": 28164748828,
  "piecesplaced": 6245658574
}
