{
  "usercount": 1601616,
  "usercount_delta": 0.1483437421192387,
  "anoncount": 1155988,
  "rankedcount": 22603,
  "replaycount": 2529693,
  "gamesplayed": 76271780,
  "gamesplayed_delta": 3.842102920888282,
  "gamesfinished": 56591537,
  "gametime": 11479743738.929441,
  "inputs": 39155476873,
  "piecesplaced": 8713619480
}
