{
  "usercount": 8937995,
  "usercount_delta": 0.2089832962636772,
  "anoncount": 6606665,
  "totalaccounts": 15515194,
  "rankedcount": 50857,
  "replaycount": 12817924,
  "gamesplayed": 600219317,
  "gamesplayed_delta": 4.4483587347554145,
  "gamesfinished": 466903961,
  "gametime": 105456156547.00504,
  "inputs": 371638518259,
  "piecesplaced": 85366249194
}
