{
  "usercount": 8707190,
  "usercount_delta": 0.273196052317044,
  "anoncount": 6676516,
  "totalaccounts": 12670293,
  "rankedcount": 47068,
  "replaycount": 11291162,
  "gamesplayed": 506715781,
  "gamesplayed_delta": 3.824744732438616,
  "gamesfinished": 395020942,
  "gametime": 88321536330.2416,
  "inputs": 308741642006,
  "piecesplaced": 70678851755
}
