{
  "usercount": 1005540,
  "usercount_delta": 0.05078032431700463,
  "anoncount": 696382,
  "rankedcount": 15120,
  "replaycount": 1703700,
  "gamesplayed": 51900121,
  "gamesplayed_delta": 2.4205287924438874,
  "gamesfinished": 37043024,
  "gametime": 7387357762.890823,
  "inputs": 26136294019,
  "piecesplaced": 5783778936
}
