{
  "usercount": 867168,
  "usercount_delta": 0.03747704530974778,
  "anoncount": 590596,
  "rankedcount": 14136,
  "replaycount": 1493262,
  "gamesplayed": 45724687,
  "gamesplayed_delta": 2.211145673275119,
  "gamesfinished": 32278702,
  "gametime": 6409525410.429782,
  "inputs": 22964614062,
  "piecesplaced": 5061024285
}
