{
  "usercount": 885203,
  "usercount_delta": 0.07165890361877462,
  "anoncount": 604588,
  "rankedcount": 14233,
  "replaycount": 1521312,
  "gamesplayed": 46550024,
  "gamesplayed_delta": 2.2500895736295234,
  "gamesfinished": 32919418,
  "gametime": 6540884445.675581,
  "inputs": 23387609510,
  "piecesplaced": 5157632749
}
