{
  "usercount": 4062306,
  "usercount_delta": 0.18773701798520634,
  "anoncount": 3143974,
  "rankedcount": 38739,
  "replaycount": 4808634,
  "gamesplayed": 184399184,
  "gamesplayed_delta": 5.463147223369504,
  "gamesfinished": 144195483,
  "gametime": 30951397949.607025,
  "inputs": 103977190271,
  "piecesplaced": 23332826720
}
