{
  "usercount": 1188853,
  "usercount_delta": 0.1325506532853626,
  "anoncount": 837518,
  "rankedcount": 16700,
  "replaycount": 1954653,
  "gamesplayed": 59477139,
  "gamesplayed_delta": 5.055860632455974,
  "gamesfinished": 42985603,
  "gametime": 8617418206.116638,
  "inputs": 30086682710,
  "piecesplaced": 6680011011
}
