{
  "usercount": 850870,
  "usercount_delta": 0.1505933377507379,
  "anoncount": 577919,
  "rankedcount": 14103,
  "replaycount": 1469117,
  "gamesplayed": 45012629,
  "gamesplayed_delta": 2.0932473947352572,
  "gamesfinished": 31728749,
  "gametime": 6297083029.455176,
  "inputs": 22600788307,
  "piecesplaced": 4978305012
}
