{
  "usercount": 761927,
  "usercount_delta": 0.04517800132522137,
  "anoncount": 508310,
  "rankedcount": 13975,
  "replaycount": 1311942,
  "gamesplayed": 40789479,
  "gamesplayed_delta": 2.2589000662610688,
  "gamesfinished": 28520552,
  "gametime": 5630870604.523773,
  "inputs": 20419811922,
  "piecesplaced": 4479314775
}
