{
  "usercount": 1135511,
  "usercount_delta": 0.13541747272305193,
  "anoncount": 797157,
  "rankedcount": 16137,
  "replaycount": 1889750,
  "gamesplayed": 57613611,
  "gamesplayed_delta": 3.095256519384044,
  "gamesfinished": 41491940,
  "gametime": 8310081370.335455,
  "inputs": 29125133393,
  "piecesplaced": 6463610382
}
