{
  "usercount": 8995958,
  "usercount_delta": 0.109102811215769,
  "anoncount": 6654505,
  "totalaccounts": 15620576,
  "rankedcount": 50974,
  "replaycount": 12902750,
  "gamesplayed": 603427771,
  "gamesplayed_delta": 3.6731279775975563,
  "gamesfinished": 469375419,
  "gametime": 106048313734.7381,
  "inputs": 373803973659,
  "piecesplaced": 85870448525
}
