{
  "usercount": 759650,
  "usercount_delta": 0,
  "anoncount": 506513,
  "rankedcount": 13899,
  "replaycount": 1307814,
  "gamesplayed": 40689691,
  "gamesplayed_delta": 2.1203805994084317,
  "gamesfinished": 28442843,
  "gametime": 5614926220.37871,
  "inputs": 20368202359,
  "piecesplaced": 4467565826
}
