{
  "usercount": 1043713,
  "usercount_delta": 0.05303445471741475,
  "anoncount": 725955,
  "rankedcount": 15557,
  "replaycount": 1761254,
  "gamesplayed": 53687403,
  "gamesplayed_delta": 2.828504251595453,
  "gamesfinished": 38418527,
  "gametime": 7673758559.576816,
  "inputs": 27075216699,
  "piecesplaced": 5997875584
}
