{
  "usercount": 6694670,
  "usercount_delta": 0.03367456896551724,
  "anoncount": 5364714,
  "rankedcount": 46361,
  "replaycount": 7774732,
  "gamesplayed": 294277037,
  "gamesplayed_delta": 4.663927801724138,
  "gamesfinished": 229189816,
  "gametime": 50343791100.39322,
  "inputs": 171406030054,
  "piecesplaced": 38753938338
}
