{
  "usercount": 781823,
  "usercount_delta": 0.07094211123723042,
  "anoncount": 523957,
  "rankedcount": 13973,
  "replaycount": 1352861,
  "gamesplayed": 41798103,
  "gamesplayed_delta": 2.642593643586833,
  "gamesfinished": 29281322,
  "gametime": 5790133698.138267,
  "inputs": 20949712280,
  "piecesplaced": 4600686936
}
