{
  "usercount": 1965039,
  "usercount_delta": 0.13475272874275704,
  "anoncount": 1438747,
  "rankedcount": 29065,
  "replaycount": 3038252,
  "gamesplayed": 91267543,
  "gamesplayed_delta": 9.685352378385662,
  "gamesfinished": 69046854,
  "gametime": 14194435133.15668,
  "inputs": 47901625408,
  "piecesplaced": 10648825147
}
