{
  "usercount": 755717,
  "usercount_delta": 0.12676107348520516,
  "anoncount": 503376,
  "rankedcount": 13885,
  "replaycount": 1299479,
  "gamesplayed": 40495841,
  "gamesplayed_delta": 3.67607113107095,
  "gamesfinished": 28294528,
  "gametime": 5584105804.474094,
  "inputs": 20267637236,
  "piecesplaced": 4444649988
}
