{
  "usercount": 1910974,
  "usercount_delta": 0.11098603161516386,
  "anoncount": 1396704,
  "rankedcount": 27937,
  "replaycount": 2958577,
  "gamesplayed": 88965101,
  "gamesplayed_delta": 5.295619222780676,
  "gamesfinished": 67142497,
  "gametime": 13775372096.548895,
  "inputs": 46550940027,
  "piecesplaced": 10350518085
}
