{
  "usercount": 1216782,
  "usercount_delta": 0.07574466473517771,
  "anoncount": 859004,
  "rankedcount": 17148,
  "replaycount": 1989964,
  "gamesplayed": 60499389,
  "gamesplayed_delta": 2.291276108239126,
  "gamesfinished": 43810440,
  "gametime": 8786648086.988325,
  "inputs": 30613821609,
  "piecesplaced": 6797945424
}
