{
  "usercount": 764836,
  "usercount_delta": 0.10844474740119908,
  "anoncount": 510586,
  "rankedcount": 13947,
  "replaycount": 1318816,
  "gamesplayed": 40934505,
  "gamesplayed_delta": 2.9899766069187748,
  "gamesfinished": 28628138,
  "gametime": 5653613410.443432,
  "inputs": 20495983023,
  "piecesplaced": 4496822443
}
