{
  "usercount": 796890,
  "usercount_delta": 0.08908844701019171,
  "anoncount": 535930,
  "rankedcount": 13862,
  "replaycount": 1376477,
  "gamesplayed": 42436338,
  "gamesplayed_delta": 1.9599458342242178,
  "gamesfinished": 29766441,
  "gametime": 5891058390.800652,
  "inputs": 21279780974,
  "piecesplaced": 4676384913
}
