{
  "usercount": 810485,
  "usercount_delta": 0.07495409061949555,
  "anoncount": 546460,
  "rankedcount": 13906,
  "replaycount": 1401325,
  "gamesplayed": 43100147,
  "gamesplayed_delta": 1.7801596522130196,
  "gamesfinished": 30269187,
  "gametime": 5996303334.790386,
  "inputs": 21621748977,
  "piecesplaced": 4754834023
}
