{
  "usercount": 8585210,
  "usercount_delta": 0.08943423900406032,
  "anoncount": 6320727,
  "totalaccounts": 14843155,
  "rankedcount": 49004,
  "replaycount": 12228459,
  "gamesplayed": 578627281,
  "gamesplayed_delta": 3.917219668377842,
  "gamesfinished": 450286040,
  "gametime": 101451506224.3372,
  "inputs": 356934544888,
  "piecesplaced": 81932144030
}
