{
  "usercount": 876852,
  "usercount_delta": 0,
  "anoncount": 598109,
  "rankedcount": 14317,
  "replaycount": 1508366,
  "gamesplayed": 46170765,
  "gamesplayed_delta": 1.9146656361432661,
  "gamesfinished": 32625030,
  "gametime": 6481052835.217882,
  "inputs": 23193223757,
  "piecesplaced": 5113236740
}
