{
  "usercount": 2195120,
  "usercount_delta": 0.06385186367627105,
  "anoncount": 1620332,
  "rankedcount": 32257,
  "replaycount": 3378641,
  "gamesplayed": 102764311,
  "gamesplayed_delta": 4.453667491419906,
  "gamesfinished": 78470171,
  "gametime": 16287057939.998714,
  "inputs": 54783830422,
  "piecesplaced": 12187583196
}
