{
  "usercount": 1148140,
  "usercount_delta": 0.19850459868986967,
  "anoncount": 806927,
  "rankedcount": 16300,
  "replaycount": 1905830,
  "gamesplayed": 58090756,
  "gamesplayed_delta": 3.2422417786012043,
  "gamesfinished": 41871450,
  "gametime": 8387173169.184635,
  "inputs": 29368766726,
  "piecesplaced": 6518458698
}
