{
  "usercount": 7509949,
  "usercount_delta": 0.1170925909663066,
  "anoncount": 5616393,
  "totalaccounts": 11442343,
  "rankedcount": 58578,
  "replaycount": 10135377,
  "gamesplayed": 463744345,
  "gamesplayed_delta": 4.11287725769152,
  "gamesfinished": 361612914,
  "gametime": 80422074529.40538,
  "inputs": 279526545671,
  "piecesplaced": 63833946921
}
