{
  "usercount": 861627,
  "usercount_delta": 0.05960541217142516,
  "anoncount": 586263,
  "rankedcount": 14135,
  "replaycount": 1485310,
  "gamesplayed": 45483832,
  "gamesplayed_delta": 2.622638135542707,
  "gamesfinished": 32091392,
  "gametime": 6371029172.103605,
  "inputs": 22839681661,
  "piecesplaced": 5032502467
}
