{
  "usercount": 1119976,
  "usercount_delta": 0.05688174285660113,
  "anoncount": 784886,
  "rankedcount": 16022,
  "replaycount": 1869292,
  "gamesplayed": 56992016,
  "gamesplayed_delta": 2.9957717904476593,
  "gamesfinished": 41000857,
  "gametime": 8209686579.110209,
  "inputs": 28805911540,
  "piecesplaced": 6391445638
}
