{
  "usercount": 6213943,
  "usercount_delta": 0.14631648255175944,
  "anoncount": 4958281,
  "rankedcount": 46915,
  "replaycount": 7205879,
  "gamesplayed": 272553331,
  "gamesplayed_delta": 5.4319994147340696,
  "gamesfinished": 212510369,
  "gametime": 46477569515.258606,
  "inputs": 157776106283,
  "piecesplaced": 35620503637
}
