{
  "usercount": 1611571,
  "usercount_delta": 0.07416857032663839,
  "anoncount": 1163880,
  "rankedcount": 22742,
  "replaycount": 2543143,
  "gamesplayed": 76703317,
  "gamesplayed_delta": 4.998961640015427,
  "gamesfinished": 56950416,
  "gametime": 11557542544.262648,
  "inputs": 39408142606,
  "piecesplaced": 8769847792
}
