{
  "usercount": 936995,
  "usercount_delta": 0.10541692393415959,
  "anoncount": 643881,
  "rankedcount": 14319,
  "replaycount": 1600435,
  "gamesplayed": 48781379,
  "gamesplayed_delta": 2.966733430718491,
  "gamesfinished": 34644248,
  "gametime": 6892930893.504183,
  "inputs": 24527721761,
  "piecesplaced": 5416951636
}
