{
  "usercount": 850591,
  "usercount_delta": 0.0716609576770384,
  "anoncount": 577703,
  "rankedcount": 14096,
  "replaycount": 1468517,
  "gamesplayed": 44996201,
  "gamesplayed_delta": 2.4078081779484903,
  "gamesfinished": 31716307,
  "gametime": 6294669509.681388,
  "inputs": 22592857181,
  "piecesplaced": 4976515659
}
