{
  "usercount": 1132649,
  "usercount_delta": 0.015852885225110972,
  "anoncount": 794893,
  "rankedcount": 16239,
  "replaycount": 1886499,
  "gamesplayed": 57504185,
  "gamesplayed_delta": 2.663284717818643,
  "gamesfinished": 41403638,
  "gametime": 8292055904.899798,
  "inputs": 29068187980,
  "piecesplaced": 6450762525
}
