{
  "usercount": 6486219,
  "usercount_delta": 0.17440339505275704,
  "anoncount": 4710143,
  "rankedcount": 52189,
  "replaycount": 8957419,
  "gamesplayed": 428639802,
  "gamesplayed_delta": 4.970496759003575,
  "gamesfinished": 333500237,
  "gametime": 73918031227.78925,
  "inputs": 256071864550,
  "piecesplaced": 58398755061
}
