{
  "usercount": 2480659,
  "usercount_delta": 0.03853193333975532,
  "anoncount": 1847013,
  "rankedcount": 30717,
  "replaycount": 3764624,
  "gamesplayed": 117577319,
  "gamesplayed_delta": 2.7165013004527503,
  "gamesfinished": 90456514,
  "gametime": 18958851978.14473,
  "inputs": 63740853885,
  "piecesplaced": 14221376425
}
