{
  "usercount": 1346365,
  "usercount_delta": 0.1257680836537425,
  "anoncount": 958817,
  "rankedcount": 18671,
  "replaycount": 2165258,
  "gamesplayed": 65598769,
  "gamesplayed_delta": 4.150346760573503,
  "gamesfinished": 47930641,
  "gametime": 9645868335.524374,
  "inputs": 33322263641,
  "piecesplaced": 7407066281
}
