{
  "usercount": 5707452,
  "usercount_delta": 0.04824081816427606,
  "anoncount": 4086991,
  "rankedcount": 42672,
  "replaycount": 9901758,
  "gamesplayed": 383784347,
  "gamesplayed_delta": 3.618061362320705,
  "gamesfinished": 298030863,
  "gametime": 66031845254.19921,
  "inputs": 227826225079,
  "piecesplaced": 51848023264
}
