{
  "usercount": 940823,
  "usercount_delta": 0.09035872413481522,
  "anoncount": 646751,
  "rankedcount": 14245,
  "replaycount": 1605397,
  "gamesplayed": 48928462,
  "gamesplayed_delta": 3.2077347067859403,
  "gamesfinished": 34758733,
  "gametime": 6916788366.02102,
  "inputs": 24603577223,
  "piecesplaced": 5434109100
}
