{
  "usercount": 918541,
  "usercount_delta": 0.05732794450654972,
  "anoncount": 629773,
  "rankedcount": 14267,
  "replaycount": 1571595,
  "gamesplayed": 47978405,
  "gamesplayed_delta": 3.1100409894803223,
  "gamesfinished": 34024355,
  "gametime": 6767143032.096578,
  "inputs": 24121640317,
  "piecesplaced": 5324779644
}
