{
  "usercount": 7122415,
  "usercount_delta": 0.17570986786617937,
  "anoncount": 5272405,
  "totalaccounts": 11044934,
  "rankedcount": 58927,
  "replaycount": 9714401,
  "gamesplayed": 449952429,
  "gamesplayed_delta": 4.269749789148158,
  "gamesfinished": 350660054,
  "gametime": 77838141053.06694,
  "inputs": 270123490408,
  "piecesplaced": 61643314557
}
