{
  "usercount": 1182863,
  "usercount_delta": 0.09512032721392562,
  "anoncount": 832878,
  "rankedcount": 16668,
  "replaycount": 1947169,
  "gamesplayed": 59247750,
  "gamesplayed_delta": 3.1231174101905577,
  "gamesfinished": 42802933,
  "gametime": 8579697924.441923,
  "inputs": 29968095298,
  "piecesplaced": 6653320585
}
