{
  "usercount": 766246,
  "usercount_delta": 0.07094336945533228,
  "anoncount": 511685,
  "rankedcount": 14004,
  "replaycount": 1321981,
  "gamesplayed": 41005323,
  "gamesplayed_delta": 1.7558483940194738,
  "gamesfinished": 28682512,
  "gametime": 5664760571.26846,
  "inputs": 20533101975,
  "piecesplaced": 4505334795
}
