{
  "usercount": 2168344,
  "usercount_delta": 0.039703809580529256,
  "anoncount": 1598998,
  "rankedcount": 32235,
  "replaycount": 3340779,
  "gamesplayed": 101380938,
  "gamesplayed_delta": 5.121791435888274,
  "gamesfinished": 77340194,
  "gametime": 16037457243.589298,
  "inputs": 53948727378,
  "piecesplaced": 11999369063
}
