{
  "usercount": 846474,
  "usercount_delta": 0.01986886548778065,
  "anoncount": 574476,
  "rankedcount": 14113,
  "replaycount": 1461675,
  "gamesplayed": 44798515,
  "gamesplayed_delta": 3.0399364196304393,
  "gamesfinished": 31565776,
  "gametime": 6263491298.517634,
  "inputs": 22492158848,
  "piecesplaced": 4953598023
}
