{
  "usercount": 1204208,
  "usercount_delta": 0.0189602214553866,
  "anoncount": 849370,
  "rankedcount": 16938,
  "replaycount": 1973507,
  "gamesplayed": 60019598,
  "gamesplayed_delta": 4.721095142391263,
  "gamesfinished": 43423367,
  "gametime": 8706343322.714972,
  "inputs": 30360198303,
  "piecesplaced": 6740953739
}
