{
  "usercount": 764461,
  "usercount_delta": 0,
  "anoncount": 510266,
  "rankedcount": 13932,
  "replaycount": 1318045,
  "gamesplayed": 40918031,
  "gamesplayed_delta": 2.891479172314087,
  "gamesfinished": 28615480,
  "gametime": 5650976837.240754,
  "inputs": 20487195277,
  "piecesplaced": 4494820487
}
