{
  "usercount": 771017,
  "usercount_delta": 0.046476320314799605,
  "anoncount": 515443,
  "rankedcount": 13869,
  "replaycount": 1331610,
  "gamesplayed": 41236588,
  "gamesplayed_delta": 1.6576554245611859,
  "gamesfinished": 28857269,
  "gametime": 5701471939.796225,
  "inputs": 20655041458,
  "piecesplaced": 4533207894
}
