{
  "usercount": 825432,
  "usercount_delta": 0.08867606632969761,
  "anoncount": 558188,
  "rankedcount": 13967,
  "replaycount": 1427059,
  "gamesplayed": 43808530,
  "gamesplayed_delta": 3.2278088144009933,
  "gamesfinished": 30810880,
  "gametime": 6107757672.35145,
  "inputs": 21984391657,
  "piecesplaced": 4837634026
}
