{
  "usercount": 857428,
  "usercount_delta": 0.12898972381866913,
  "anoncount": 582990,
  "rankedcount": 14169,
  "replaycount": 1478805,
  "gamesplayed": 45297001,
  "gamesplayed_delta": 2.1354965387757443,
  "gamesfinished": 31946338,
  "gametime": 6341754327.787697,
  "inputs": 22744679917,
  "piecesplaced": 5010992883
}
