{
  "usercount": 902354,
  "usercount_delta": 0.07026295912452353,
  "anoncount": 617963,
  "rankedcount": 14322,
  "replaycount": 1547853,
  "gamesplayed": 47347084,
  "gamesplayed_delta": 3.1442674208224277,
  "gamesfinished": 33535881,
  "gametime": 6666801676.601516,
  "inputs": 23795506662,
  "piecesplaced": 5250432563
}
