{
  "usercount": 774911,
  "usercount_delta": 0.21688949480239816,
  "anoncount": 518495,
  "rankedcount": 13864,
  "replaycount": 1339171,
  "gamesplayed": 41438096,
  "gamesplayed_delta": 2.2308633751103812,
  "gamesfinished": 29009073,
  "gametime": 5733446733.435704,
  "inputs": 20760745310,
  "piecesplaced": 4557415021
}
