{
  "usercount": 2432369,
  "usercount_delta": 0.03289095005509234,
  "anoncount": 1808754,
  "rankedcount": 31270,
  "replaycount": 3699940,
  "gamesplayed": 115064711,
  "gamesplayed_delta": 3.963359481638627,
  "gamesfinished": 88425466,
  "gametime": 18504498513.387672,
  "inputs": 62219320579,
  "piecesplaced": 13875280333
}
