{
  "usercount": 981954,
  "usercount_delta": 0.08463530646444471,
  "anoncount": 678106,
  "rankedcount": 14891,
  "replaycount": 1664600,
  "gamesplayed": 50753002,
  "gamesplayed_delta": 3.0637980940128986,
  "gamesfinished": 36166320,
  "gametime": 7204474068.002727,
  "inputs": 25539608089,
  "piecesplaced": 5647469705
}
