{
  "usercount": 847015,
  "usercount_delta": 0.018737820416729126,
  "anoncount": 574886,
  "rankedcount": 14135,
  "replaycount": 1462669,
  "gamesplayed": 44823415,
  "gamesplayed_delta": 2.6045570379253484,
  "gamesfinished": 31584179,
  "gametime": 6267302024.107136,
  "inputs": 22504459765,
  "piecesplaced": 4956404142
}
