{
  "usercount": 758447,
  "usercount_delta": 0.04644250417982537,
  "anoncount": 505551,
  "rankedcount": 13848,
  "replaycount": 1305034,
  "gamesplayed": 40627145,
  "gamesplayed_delta": 1.9505851755526658,
  "gamesfinished": 28395893,
  "gametime": 5604992312.862382,
  "inputs": 20336149062,
  "piecesplaced": 4460190768
}
