{
  "usercount": 9039537,
  "usercount_delta": 0.13263772216818465,
  "anoncount": 6805384,
  "totalaccounts": 14582656,
  "rankedcount": 49263,
  "replaycount": 11951801,
  "gamesplayed": 569322669,
  "gamesplayed_delta": 4.318094732808677,
  "gamesfinished": 443230285,
  "gametime": 99731960696.64252,
  "inputs": 350628366849,
  "piecesplaced": 80460120928
}
