{
  "usercount": 775109,
  "usercount_delta": 0.0602382422480912,
  "anoncount": 518651,
  "rankedcount": 13870,
  "replaycount": 1339530,
  "gamesplayed": 41448281,
  "gamesplayed_delta": 2.9366143095944457,
  "gamesfinished": 29015953,
  "gametime": 5734983496.9815235,
  "inputs": 20765973456,
  "piecesplaced": 4558645469
}
