{
  "usercount": 921320,
  "usercount_delta": 0.11465753228326143,
  "anoncount": 631848,
  "rankedcount": 14380,
  "replaycount": 1576534,
  "gamesplayed": 48099869,
  "gamesplayed_delta": 2.092499964169521,
  "gamesfinished": 34117435,
  "gametime": 6786315668.9735,
  "inputs": 24182500126,
  "piecesplaced": 5338537704
}
