{
  "usercount": 1061146,
  "usercount_delta": 0.04755940962919514,
  "anoncount": 739379,
  "rankedcount": 15603,
  "replaycount": 1785636,
  "gamesplayed": 54421280,
  "gamesplayed_delta": 2.251145389115236,
  "gamesfinished": 38991258,
  "gametime": 7792491023.296356,
  "inputs": 27458465358,
  "piecesplaced": 6084955360
}
