{
  "usercount": 874844,
  "usercount_delta": 0.045071438229593905,
  "anoncount": 596541,
  "rankedcount": 14254,
  "replaycount": 1505068,
  "gamesplayed": 46076962,
  "gamesplayed_delta": 2.1934766605069034,
  "gamesfinished": 32552547,
  "gametime": 6466313514.419617,
  "inputs": 23145232628,
  "piecesplaced": 5102293015
}
