{
  "usercount": 8829166,
  "usercount_delta": 0.22169545865379695,
  "anoncount": 6517356,
  "totalaccounts": 15319984,
  "rankedcount": 50166,
  "replaycount": 12647444,
  "gamesplayed": 593808401,
  "gamesplayed_delta": 4.928460580842102,
  "gamesfinished": 461963437,
  "gametime": 104250698928.48431,
  "inputs": 367196925885,
  "piecesplaced": 84325571674
}
