{
  "usercount": 6800380,
  "usercount_delta": 0.06058770069675856,
  "anoncount": 5455379,
  "rankedcount": 44678,
  "replaycount": 7888697,
  "gamesplayed": 298957126,
  "gamesplayed_delta": 3.832172069069979,
  "gamesfinished": 232748288,
  "gametime": 51176125298.34274,
  "inputs": 174367211350,
  "piecesplaced": 39440547329
}
