{
  "usercount": 3895124,
  "usercount_delta": 0.15622830162477436,
  "anoncount": 3004040,
  "rankedcount": 36824,
  "replaycount": 4588332,
  "gamesplayed": 177702135,
  "gamesplayed_delta": 8.957089293153729,
  "gamesfinished": 138925633,
  "gametime": 29756963418.281124,
  "inputs": 99916982822,
  "piecesplaced": 22412241711
}
