{
  "usercount": 3034749,
  "usercount_delta": 0.13754737743000367,
  "anoncount": 2292433,
  "rankedcount": 30448,
  "replaycount": 4424771,
  "gamesplayed": 143099285,
  "gamesplayed_delta": 4.401516077760117,
  "gamesfinished": 111213802,
  "gametime": 23559471944.59606,
  "inputs": 79011536635,
  "piecesplaced": 17676919586
}
