{
  "usercount": 733833,
  "usercount_delta": 0.016609364359625955,
  "anoncount": 486193,
  "rankedcount": 13522,
  "replaycount": 1246515,
  "gamesplayed": 39522257,
  "gamesplayed_delta": 3.105951135250054,
  "gamesfinished": 27554741,
  "gametime": 5430585716.000156,
  "inputs": 19768097994,
  "piecesplaced": 4331207881
}
