{
  "usercount": 987979,
  "usercount_delta": 0.05751974844696679,
  "anoncount": 682812,
  "rankedcount": 14730,
  "replaycount": 1673971,
  "gamesplayed": 51037560,
  "gamesplayed_delta": 2.2049236904670604,
  "gamesfinished": 36386383,
  "gametime": 7250215561.620192,
  "inputs": 25689551102,
  "piecesplaced": 5681797643
}
