{
  "usercount": 4507463,
  "usercount_delta": 0.1386812949751144,
  "anoncount": 3519938,
  "rankedcount": 40630,
  "replaycount": 5337767,
  "gamesplayed": 202842659,
  "gamesplayed_delta": 4.823027258578978,
  "gamesfinished": 158462738,
  "gametime": 34217770399.96727,
  "inputs": 115299649441,
  "piecesplaced": 25920096217
}
