{
  "usercount": 5866418,
  "usercount_delta": 0.05292592135208087,
  "anoncount": 4186761,
  "rankedcount": 41855,
  "replaycount": 10325113,
  "gamesplayed": 401448700,
  "gamesplayed_delta": 4.604555157631036,
  "gamesfinished": 311819157,
  "gametime": 69107575647.80814,
  "inputs": 238910830676,
  "piecesplaced": 54423432638
}
