{
  "usercount": 949503,
  "usercount_delta": 0.08676488451593871,
  "anoncount": 653317,
  "rankedcount": 14309,
  "replaycount": 1616584,
  "gamesplayed": 49300370,
  "gamesplayed_delta": 2.7070643968972874,
  "gamesfinished": 35048133,
  "gametime": 6976543700.954664,
  "inputs": 24798225816,
  "piecesplaced": 5478481016
}
