{
  "usercount": 8360751,
  "usercount_delta": 0.3137562506128052,
  "anoncount": 6364484,
  "totalaccounts": 12315856,
  "rankedcount": 45235,
  "replaycount": 11015852,
  "gamesplayed": 496477398,
  "gamesplayed_delta": 3.7258554760270615,
  "gamesfinished": 387000793,
  "gametime": 86498200079.9318,
  "inputs": 302110607976,
  "piecesplaced": 69135929678
}
