{
  "usercount": 6463145,
  "usercount_delta": 0.1284748430198012,
  "anoncount": 4690814,
  "rankedcount": 51589,
  "replaycount": 8906317,
  "gamesplayed": 427562148,
  "gamesplayed_delta": 5.171112431546998,
  "gamesfinished": 332656372,
  "gametime": 73712611016.14682,
  "inputs": 255316822390,
  "piecesplaced": 58222906826
}
