{
  "usercount": 924767,
  "usercount_delta": 0.059606596463341946,
  "anoncount": 634510,
  "rankedcount": 14321,
  "replaycount": 1582014,
  "gamesplayed": 48259166,
  "gamesplayed_delta": 2.563083647923704,
  "gamesfinished": 34242445,
  "gametime": 6811387215.064219,
  "inputs": 24264061909,
  "piecesplaced": 5357154445
}
