{
  "usercount": 923183,
  "usercount_delta": 0.11465753228326143,
  "anoncount": 633266,
  "rankedcount": 14246,
  "replaycount": 1579347,
  "gamesplayed": 48180221,
  "gamesplayed_delta": 3.1244177547188743,
  "gamesfinished": 34180233,
  "gametime": 6798990710.7052765,
  "inputs": 24223214080,
  "piecesplaced": 5347857943
}
