{
  "usercount": 935575,
  "usercount_delta": 0.03056234718826406,
  "anoncount": 642747,
  "rankedcount": 14269,
  "replaycount": 1598506,
  "gamesplayed": 48723149,
  "gamesplayed_delta": 2.001833740831296,
  "gamesfinished": 34599814,
  "gametime": 6883998682.216557,
  "inputs": 24498457781,
  "piecesplaced": 5410322714
}
