{
  "usercount": 4176890,
  "usercount_delta": 0.19047921395577708,
  "anoncount": 3239809,
  "rankedcount": 39972,
  "replaycount": 4951817,
  "gamesplayed": 188914995,
  "gamesplayed_delta": 6.222320989222051,
  "gamesfinished": 147735959,
  "gametime": 31753599231.79197,
  "inputs": 106724760354,
  "piecesplaced": 23955805560
}
