{
  "usercount": 2504197,
  "usercount_delta": 0.06362841008510299,
  "anoncount": 1865616,
  "rankedcount": 30399,
  "replaycount": 3795882,
  "gamesplayed": 118796334,
  "gamesplayed_delta": 6.378748111031576,
  "gamesfinished": 91437649,
  "gametime": 19177000220.43829,
  "inputs": 64474783646,
  "piecesplaced": 14388483256
}
