{
  "usercount": 1042010,
  "usercount_delta": 0.05688174285660113,
  "anoncount": 724635,
  "rankedcount": 15488,
  "replaycount": 1759022,
  "gamesplayed": 53622721,
  "gamesplayed_delta": 2.616560171403652,
  "gamesfinished": 38369102,
  "gametime": 7663630486.458484,
  "inputs": 27041119651,
  "piecesplaced": 5990041619
}
