{
  "usercount": 1214153,
  "usercount_delta": 0.15168752370117558,
  "anoncount": 856959,
  "rankedcount": 17045,
  "replaycount": 1985571,
  "gamesplayed": 60382164,
  "gamesplayed_delta": 4.019719378081152,
  "gamesfinished": 43718194,
  "gametime": 8766920802.004307,
  "inputs": 30549450103,
  "piecesplaced": 6783327591
}
