{
  "usercount": 1104350,
  "usercount_delta": 0.11607211947690164,
  "anoncount": 772763,
  "rankedcount": 15930,
  "replaycount": 1845239,
  "gamesplayed": 56262807,
  "gamesplayed_delta": 3.6175810570301015,
  "gamesfinished": 40430816,
  "gametime": 8091474098.357149,
  "inputs": 28421412198,
  "piecesplaced": 6303732946
}
