{
  "usercount": 4144947,
  "usercount_delta": 0.20649908952674165,
  "anoncount": 3213535,
  "rankedcount": 39661,
  "replaycount": 4904732,
  "gamesplayed": 187389829,
  "gamesplayed_delta": 5.031068726651523,
  "gamesfinished": 146558079,
  "gametime": 31480758382.603374,
  "inputs": 105769078189,
  "piecesplaced": 23737573898
}
