{
  "usercount": 6013771,
  "usercount_delta": 0.14922923102177255,
  "anoncount": 4788515,
  "rankedcount": 44655,
  "replaycount": 6983233,
  "gamesplayed": 264592845,
  "gamesplayed_delta": 5.193177239557685,
  "gamesfinished": 206313209,
  "gametime": 45084142045.21485,
  "inputs": 152943330752,
  "piecesplaced": 34520580539
}
