{
  "usercount": 8128605,
  "usercount_delta": 0.10047943042517153,
  "anoncount": 6157702,
  "totalaccounts": 12078048,
  "rankedcount": 45576,
  "replaycount": 10808166,
  "gamesplayed": 488514784,
  "gamesplayed_delta": 3.904343582235237,
  "gamesfinished": 380809381,
  "gametime": 85054684882.11948,
  "inputs": 296756611516,
  "piecesplaced": 67880116039
}
