{
  "usercount": 8570280,
  "usercount_delta": 0.22126504602312957,
  "anoncount": 6553110,
  "totalaccounts": 12530202,
  "rankedcount": 45704,
  "replaycount": 11180375,
  "gamesplayed": 502626486,
  "gamesplayed_delta": 5.575879159782865,
  "gamesfinished": 391806272,
  "gametime": 87591885663.50398,
  "inputs": 306105296778,
  "piecesplaced": 70066598296
}
