{
  "usercount": 744789,
  "usercount_delta": 0.07696896226596625,
  "anoncount": 494847,
  "rankedcount": 13744,
  "replaycount": 1274361,
  "gamesplayed": 39979601,
  "gamesplayed_delta": 2.6554291981758356,
  "gamesfinished": 27903896,
  "gametime": 5502521279.743165,
  "inputs": 20002083582,
  "piecesplaced": 4384312406
}
