{
  "usercount": 772368,
  "usercount_delta": 0.05345402063325197,
  "anoncount": 516513,
  "rankedcount": 13906,
  "replaycount": 1334032,
  "gamesplayed": 41303208,
  "gamesplayed_delta": 3.011243162339861,
  "gamesfinished": 28906415,
  "gametime": 5711860941.0383,
  "inputs": 20689499610,
  "piecesplaced": 4541096043
}
