{
  "usercount": 1060772,
  "usercount_delta": 0.11579243379154053,
  "anoncount": 739078,
  "rankedcount": 15760,
  "replaycount": 1785043,
  "gamesplayed": 54403845,
  "gamesplayed_delta": 2.977519726068185,
  "gamesfinished": 38977377,
  "gametime": 7789623610.451685,
  "inputs": 27448802655,
  "piecesplaced": 6082729207
}
