{
  "usercount": 1084323,
  "usercount_delta": 0.038691454992164975,
  "anoncount": 757245,
  "rankedcount": 15882,
  "replaycount": 1818404,
  "gamesplayed": 55454184,
  "gamesplayed_delta": 2.4762531194985584,
  "gamesfinished": 39794099,
  "gametime": 7960420391.599533,
  "inputs": 28000622001,
  "piecesplaced": 6208417205
}
