{
  "usercount": 7288957,
  "usercount_delta": 0.18488275352047576,
  "anoncount": 5873628,
  "rankedcount": 39263,
  "replaycount": 8398991,
  "gamesplayed": 321287657,
  "gamesplayed_delta": 4.390965396111299,
  "gamesfinished": 249485262,
  "gametime": 55067769238.62411,
  "inputs": 188455551916,
  "piecesplaced": 42732023322
}
