{
  "usercount": 809532,
  "usercount_delta": 0,
  "anoncount": 545728,
  "rankedcount": 13877,
  "replaycount": 1399665,
  "gamesplayed": 43057084,
  "gamesplayed_delta": 2.735824307611588,
  "gamesfinished": 30237510,
  "gametime": 5989563240.217343,
  "inputs": 21600634254,
  "piecesplaced": 4749981585
}
