{
  "usercount": 2877148,
  "usercount_delta": 0.07734310950237443,
  "anoncount": 2162966,
  "rankedcount": 29756,
  "replaycount": 4254854,
  "gamesplayed": 136595224,
  "gamesplayed_delta": 5.5222980184695345,
  "gamesfinished": 105881936,
  "gametime": 22377288763.681004,
  "inputs": 75108274727,
  "piecesplaced": 16795701737
}
