{
  "usercount": 798580,
  "usercount_delta": 0.05621451458766654,
  "anoncount": 537270,
  "rankedcount": 13915,
  "replaycount": 1379128,
  "gamesplayed": 42502122,
  "gamesplayed_delta": 2.3235332696235504,
  "gamesfinished": 29817548,
  "gametime": 5901644636.170044,
  "inputs": 21313681321,
  "piecesplaced": 4684217409
}
