{
  "usercount": 1008629,
  "usercount_delta": 0.04350411113850259,
  "anoncount": 698744,
  "rankedcount": 15105,
  "replaycount": 1709060,
  "gamesplayed": 52060609,
  "gamesplayed_delta": 2.436230223756145,
  "gamesfinished": 37166165,
  "gametime": 7412830655.413111,
  "inputs": 26218768783,
  "piecesplaced": 5802574363
}
