{
  "usercount": 1232613,
  "usercount_delta": 0.09437375151391227,
  "anoncount": 871237,
  "rankedcount": 17317,
  "replaycount": 2012094,
  "gamesplayed": 61169346,
  "gamesplayed_delta": 5.222014250436478,
  "gamesfinished": 44347333,
  "gametime": 8897817096.074373,
  "inputs": 30967503733,
  "piecesplaced": 6877506975
}
