{
  "usercount": 1253587,
  "usercount_delta": 0.06616710502373745,
  "anoncount": 887540,
  "rankedcount": 17643,
  "replaycount": 2041358,
  "gamesplayed": 61985921,
  "gamesplayed_delta": 3.7218996575852312,
  "gamesfinished": 45004629,
  "gametime": 9033121942.836275,
  "inputs": 31394510708,
  "piecesplaced": 6973480622
}
