{
  "usercount": 812630,
  "usercount_delta": 0.06112749667619237,
  "anoncount": 548145,
  "rankedcount": 13985,
  "replaycount": 1404943,
  "gamesplayed": 43200033,
  "gamesplayed_delta": 2.0630530128214923,
  "gamesfinished": 30346787,
  "gametime": 6012550379.320548,
  "inputs": 21675135916,
  "piecesplaced": 4766979457
}
