{
  "usercount": 8856175,
  "usercount_delta": 0.09765942901787167,
  "anoncount": 6644831,
  "totalaccounts": 14394264,
  "rankedcount": 49811,
  "replaycount": 11743106,
  "gamesplayed": 562398299,
  "gamesplayed_delta": 4.134249161756568,
  "gamesfinished": 437980378,
  "gametime": 98453887222.32478,
  "inputs": 345926381586,
  "piecesplaced": 79362619383
}
