{
  "usercount": 1204511,
  "usercount_delta": 0.03792116190440075,
  "anoncount": 849619,
  "rankedcount": 16946,
  "replaycount": 1973897,
  "gamesplayed": 60032093,
  "gamesplayed_delta": 3.5077074761570697,
  "gamesfinished": 43433540,
  "gametime": 8708530974.17396,
  "inputs": 30367095270,
  "piecesplaced": 6742517364
}
