{
  "usercount": 856724,
  "usercount_delta": 0.075297802810114,
  "anoncount": 582440,
  "rankedcount": 14129,
  "replaycount": 1477677,
  "gamesplayed": 45263502,
  "gamesplayed_delta": 2.8161378250982634,
  "gamesfinished": 31920823,
  "gametime": 6336575409.715888,
  "inputs": 22727688377,
  "piecesplaced": 5007120122
}
