{
  "usercount": 2716036,
  "usercount_delta": 0.11134794642573093,
  "anoncount": 2034037,
  "rankedcount": 29017,
  "replaycount": 4060608,
  "gamesplayed": 129300325,
  "gamesplayed_delta": 4.453917857029237,
  "gamesfinished": 99902782,
  "gametime": 21052613115.216557,
  "inputs": 70740039836,
  "piecesplaced": 15810502586
}
