{
  "usercount": 770896,
  "usercount_delta": 0.03128960090114051,
  "anoncount": 515350,
  "rankedcount": 13867,
  "replaycount": 1331343,
  "gamesplayed": 41230907,
  "gamesplayed_delta": 1.6427040473098766,
  "gamesfinished": 28852833,
  "gametime": 5700519584.764763,
  "inputs": 20651844864,
  "piecesplaced": 4532473787
}
