{
  "usercount": 1084760,
  "usercount_delta": 0.0758408858215464,
  "anoncount": 757594,
  "rankedcount": 15900,
  "replaycount": 1819155,
  "gamesplayed": 55472382,
  "gamesplayed_delta": 2.0477039171817526,
  "gamesfinished": 39808104,
  "gametime": 7963453719.525764,
  "inputs": 28010682476,
  "piecesplaced": 6210711851
}
