{
  "usercount": 782854,
  "usercount_delta": 0.03129009042836134,
  "anoncount": 524768,
  "rankedcount": 13850,
  "replaycount": 1354875,
  "gamesplayed": 41854969,
  "gamesplayed_delta": 2.237241465627836,
  "gamesfinished": 29324173,
  "gametime": 5799128349.403058,
  "inputs": 20979360502,
  "piecesplaced": 4607517909
}
