{
  "usercount": 9009656,
  "usercount_delta": 0.38185983925519146,
  "anoncount": 6665266,
  "totalaccounts": 15649313,
  "rankedcount": 51575,
  "replaycount": 12929705,
  "gamesplayed": 604421894,
  "gamesplayed_delta": 5.473324362657745,
  "gamesfinished": 470129555,
  "gametime": 106233996852.47517,
  "inputs": 374491332530,
  "piecesplaced": 86031456736
}
