{
  "usercount": 1204827,
  "usercount_delta": 0.05303351718285957,
  "anoncount": 849871,
  "rankedcount": 16964,
  "replaycount": 1974389,
  "gamesplayed": 60045457,
  "gamesplayed_delta": 4.702305190213549,
  "gamesfinished": 43444446,
  "gametime": 8710809957.60901,
  "inputs": 30374475269,
  "piecesplaced": 6744183726
}
