{
  "usercount": 6119886,
  "usercount_delta": 0.27443956551883525,
  "anoncount": 4394659,
  "rankedcount": 44981,
  "replaycount": 10657050,
  "gamesplayed": 414612096,
  "gamesplayed_delta": 4.679916801479085,
  "gamesfinished": 322323411,
  "gametime": 71403438011.18791,
  "inputs": 247074560505,
  "piecesplaced": 56317332407
}
