{
  "usercount": 936430,
  "usercount_delta": 0.04584492191081634,
  "anoncount": 643434,
  "rankedcount": 14305,
  "replaycount": 1599752,
  "gamesplayed": 48760095,
  "gamesplayed_delta": 2.720132033375103,
  "gamesfinished": 34627339,
  "gametime": 6889607750.792027,
  "inputs": 24516933936,
  "piecesplaced": 5414516638
}
