{
  "usercount": 984230,
  "usercount_delta": 0.03385354954466976,
  "anoncount": 679891,
  "rankedcount": 14775,
  "replaycount": 1668199,
  "gamesplayed": 50859851,
  "gamesplayed_delta": 2.5559429906225666,
  "gamesfinished": 36248171,
  "gametime": 7221581485.437259,
  "inputs": 25596795071,
  "piecesplaced": 5660588408
}
