{
  "usercount": 1074843,
  "usercount_delta": 0.17042226850975192,
  "anoncount": 749913,
  "rankedcount": 15921,
  "replaycount": 1805344,
  "gamesplayed": 55057595,
  "gamesplayed_delta": 2.1397462601779966,
  "gamesfinished": 39483666,
  "gametime": 7896328642.763368,
  "inputs": 27794932149,
  "piecesplaced": 6161791606
}
