{
  "usercount": 7186203,
  "usercount_delta": 0.13434239398146075,
  "anoncount": 5783974,
  "rankedcount": 39877,
  "replaycount": 8309183,
  "gamesplayed": 317421453,
  "gamesplayed_delta": 4.313883540071351,
  "gamesfinished": 246554071,
  "gametime": 54402857770.86285,
  "inputs": 186064153696,
  "piecesplaced": 42175650459
}
