{
  "usercount": 1219376,
  "usercount_delta": 0.1590949266395616,
  "anoncount": 860967,
  "rankedcount": 17041,
  "replaycount": 1993526,
  "gamesplayed": 60602438,
  "gamesplayed_delta": 4.649107300689411,
  "gamesfinished": 43893721,
  "gametime": 8803976243.965199,
  "inputs": 30668062141,
  "piecesplaced": 6810086387
}
