{
  "usercount": 1124834,
  "usercount_delta": 0.03792116190440075,
  "anoncount": 788793,
  "rankedcount": 16173,
  "replaycount": 1876028,
  "gamesplayed": 57199425,
  "gamesplayed_delta": 2.3700726190250467,
  "gamesfinished": 41164217,
  "gametime": 8242999565.395936,
  "inputs": 28912281557,
  "piecesplaced": 6415488833
}
