{
  "usercount": 1098549,
  "usercount_delta": 0.07071385638015769,
  "anoncount": 768333,
  "rankedcount": 15946,
  "replaycount": 1838013,
  "gamesplayed": 56042642,
  "gamesplayed_delta": 3.093731216631899,
  "gamesfinished": 40255445,
  "gametime": 8055260486.30487,
  "inputs": 28305664113,
  "piecesplaced": 6277507616
}
