{
  "usercount": 7659728,
  "usercount_delta": 0.12918969353333812,
  "anoncount": 5747708,
  "totalaccounts": 11596227,
  "rankedcount": 55276,
  "replaycount": 10307012,
  "gamesplayed": 469845394,
  "gamesplayed_delta": 4.535993684059427,
  "gamesfinished": 366359634,
  "gametime": 81578797461.40642,
  "inputs": 283818907408,
  "piecesplaced": 64840652498
}
