{
  "usercount": 947674,
  "usercount_delta": 0.07166198475032964,
  "anoncount": 651934,
  "rankedcount": 14272,
  "replaycount": 1615056,
  "gamesplayed": 49218175,
  "gamesplayed_delta": 1.8632116035085706,
  "gamesfinished": 34985307,
  "gametime": 6963621342.999175,
  "inputs": 24754975378,
  "piecesplaced": 5468548562
}
