{
  "usercount": 8398553,
  "usercount_delta": 0.26825473469606737,
  "anoncount": 6850596,
  "rankedcount": 42614,
  "replaycount": 9365975,
  "gamesplayed": 361720627,
  "gamesplayed_delta": 5.6154657796376775,
  "gamesfinished": 280722693,
  "gametime": 62088636237.13852,
  "inputs": 213597131609,
  "piecesplaced": 48563738466
}
