{
  "usercount": 1100467,
  "usercount_delta": 0.11606987406418665,
  "anoncount": 769804,
  "rankedcount": 16030,
  "replaycount": 1840674,
  "gamesplayed": 56127008,
  "gamesplayed_delta": 2.4568123343586175,
  "gamesfinished": 40322353,
  "gametime": 8069111628.31655,
  "inputs": 28350376951,
  "piecesplaced": 6287584244
}
