{
  "usercount": 758233,
  "usercount_delta": 0.06196458723839326,
  "anoncount": 505391,
  "rankedcount": 13831,
  "replaycount": 1304542,
  "gamesplayed": 40616034,
  "gamesplayed_delta": 3.160193949158056,
  "gamesfinished": 28387435,
  "gametime": 5603202684.670717,
  "inputs": 20330349813,
  "piecesplaced": 4458881382
}
