{
  "usercount": 1090946,
  "usercount_delta": 0.058622374206155355,
  "anoncount": 762348,
  "rankedcount": 15899,
  "replaycount": 1827433,
  "gamesplayed": 55720294,
  "gamesplayed_delta": 3.0288226673180265,
  "gamesfinished": 40003747,
  "gametime": 8003891149.131748,
  "inputs": 28139461002,
  "piecesplaced": 6239897799
}
