{
  "usercount": 1045381,
  "usercount_delta": 0.22194391160291063,
  "anoncount": 727212,
  "rankedcount": 15601,
  "replaycount": 1763099,
  "gamesplayed": 53741554,
  "gamesplayed_delta": 3.218186718242204,
  "gamesfinished": 38459721,
  "gametime": 7682311457.798169,
  "inputs": 27102463714,
  "piecesplaced": 6004086196
}
