{
  "usercount": 7724078,
  "usercount_delta": 0.23238828763030345,
  "anoncount": 6258483,
  "rankedcount": 39250,
  "replaycount": 8752216,
  "gamesplayed": 336015160,
  "gamesplayed_delta": 5.1457406546710045,
  "gamesfinished": 260737358,
  "gametime": 57611108250.75092,
  "inputs": 197616708209,
  "piecesplaced": 44860211099
}
