{
  "usercount": 7921145,
  "usercount_delta": 0.12192148256522799,
  "anoncount": 5976166,
  "totalaccounts": 11864840,
  "rankedcount": 49900,
  "replaycount": 10586889,
  "gamesplayed": 479933516,
  "gamesplayed_delta": 3.344132093217682,
  "gamesfinished": 374194250,
  "gametime": 83471909589.41603,
  "inputs": 290852259487,
  "piecesplaced": 66490169851
}
