{
  "usercount": 825646,
  "usercount_delta": 0.03747704530974778,
  "anoncount": 558349,
  "rankedcount": 13975,
  "replaycount": 1427418,
  "gamesplayed": 43819634,
  "gamesplayed_delta": 1.7426826069032717,
  "gamesfinished": 30819527,
  "gametime": 6109460236.617548,
  "inputs": 21990148969,
  "piecesplaced": 4838948927
}
