{
  "usercount": 1116771,
  "usercount_delta": 0.14155840070464626,
  "anoncount": 782423,
  "rankedcount": 16061,
  "replaycount": 1864690,
  "gamesplayed": 56850490,
  "gamesplayed_delta": 3.2401145050174587,
  "gamesfinished": 40889465,
  "gametime": 8186876971.597546,
  "inputs": 28734356038,
  "piecesplaced": 6375224040
}
