{
  "usercount": 7714301,
  "usercount_delta": 0.061169562025935896,
  "anoncount": 6249904,
  "rankedcount": 39282,
  "replaycount": 8742291,
  "gamesplayed": 335608026,
  "gamesplayed_delta": 3.3490335209199906,
  "gamesfinished": 260433540,
  "gametime": 57541157644.981895,
  "inputs": 197362393803,
  "piecesplaced": 44800695677
}
