{
  "usercount": 935759,
  "usercount_delta": 0.03056328127387756,
  "anoncount": 642909,
  "rankedcount": 14277,
  "replaycount": 1598810,
  "gamesplayed": 48731951,
  "gamesplayed_delta": 2.1394296891714295,
  "gamesfinished": 34606455,
  "gametime": 6885376659.327545,
  "inputs": 24503003925,
  "piecesplaced": 5411357183
}
