{
  "usercount": 958103,
  "usercount_delta": 0.028800184321179655,
  "anoncount": 659747,
  "rankedcount": 14582,
  "replaycount": 1628824,
  "gamesplayed": 49681027,
  "gamesplayed_delta": 3.4704222107021483,
  "gamesfinished": 35340449,
  "gametime": 7036228071.664298,
  "inputs": 24993283186,
  "piecesplaced": 5523075929
}
