{
  "usercount": 1772385,
  "usercount_delta": 0.1892863903085368,
  "anoncount": 1289795,
  "rankedcount": 24804,
  "replaycount": 2761256,
  "gamesplayed": 83550048,
  "gamesplayed_delta": 7.061838407664642,
  "gamesfinished": 62637724,
  "gametime": 12786903333.390396,
  "inputs": 43374627498,
  "piecesplaced": 9650577428
}
