{
  "usercount": 1124598,
  "usercount_delta": 0.015852633915124998,
  "anoncount": 788605,
  "rankedcount": 16162,
  "replaycount": 1875612,
  "gamesplayed": 57186766,
  "gamesplayed_delta": 2.7900635690619997,
  "gamesfinished": 41154657,
  "gametime": 8240984579.036044,
  "inputs": 28905890930,
  "piecesplaced": 6414041520
}
