{
  "usercount": 942377,
  "usercount_delta": 0,
  "anoncount": 647967,
  "rankedcount": 14312,
  "replaycount": 1607623,
  "gamesplayed": 48998202,
  "gamesplayed_delta": 2.1781134726857543,
  "gamesfinished": 34812285,
  "gametime": 6927997161.021627,
  "inputs": 24640240723,
  "piecesplaced": 5442455160
}
