{
  "usercount": 3561199,
  "usercount_delta": 0.018774054257016802,
  "anoncount": 2726774,
  "rankedcount": 33567,
  "replaycount": 4126984,
  "gamesplayed": 165142552,
  "gamesplayed_delta": 4.017647611001596,
  "gamesfinished": 128956551,
  "gametime": 27507947615.29953,
  "inputs": 92295994260,
  "piecesplaced": 20688874200
}
