{
  "usercount": 8520184,
  "usercount_delta": 0.1076260762607626,
  "anoncount": 6950603,
  "rankedcount": 43630,
  "replaycount": 9528420,
  "gamesplayed": 368072351,
  "gamesplayed_delta": 4.689421894218942,
  "gamesfinished": 285734905,
  "gametime": 63215101593.112114,
  "inputs": 217617785536,
  "piecesplaced": 49487788796
}
