{
  "usercount": 7729287,
  "usercount_delta": 0.23062730627306272,
  "anoncount": 5809697,
  "totalaccounts": 11667481,
  "rankedcount": 53470,
  "replaycount": 10378959,
  "gamesplayed": 472511436,
  "gamesplayed_delta": 5.550430504305043,
  "gamesfinished": 368432974,
  "gametime": 82080279001.42441,
  "inputs": 285689748968,
  "piecesplaced": 65278688139
}
