{
  "usercount": 3296501,
  "usercount_delta": 0.13285701632665112,
  "anoncount": 2505520,
  "rankedcount": 31707,
  "replaycount": 3895284,
  "gamesplayed": 155135171,
  "gamesplayed_delta": 3.9414248176906495,
  "gamesfinished": 120945043,
  "gametime": 25704212453.742317,
  "inputs": 86203958657,
  "piecesplaced": 19306140293
}
