{
  "usercount": 8251895,
  "usercount_delta": 0.10118897040222616,
  "anoncount": 6111221,
  "totalaccounts": 13774636,
  "rankedcount": 50779,
  "replaycount": 11073106,
  "gamesplayed": 541513151,
  "gamesplayed_delta": 6.965174129353233,
  "gamesfinished": 422050449,
  "gametime": 94602616720.27039,
  "inputs": 331734168474,
  "piecesplaced": 76041078350
}
