{
  "usercount": 1465488,
  "usercount_delta": 0.06610696106299993,
  "anoncount": 1050239,
  "rankedcount": 20353,
  "replaycount": 2332969,
  "gamesplayed": 70489472,
  "gamesplayed_delta": 4.280425728829245,
  "gamesfinished": 51866205,
  "gametime": 10475685000.855894,
  "inputs": 35940518172,
  "piecesplaced": 7995074754
}
