{
  "usercount": 921967,
  "usercount_delta": 0.09014016796117963,
  "anoncount": 632319,
  "rankedcount": 14209,
  "replaycount": 1577369,
  "gamesplayed": 48123724,
  "gamesplayed_delta": 2.9445788200652014,
  "gamesfinished": 34136104,
  "gametime": 6790078592.176523,
  "inputs": 24194548299,
  "piecesplaced": 5341299256
}
