{
  "usercount": 6068391,
  "usercount_delta": 0.2578492340360989,
  "anoncount": 4834425,
  "rankedcount": 45075,
  "replaycount": 7049788,
  "gamesplayed": 266890907,
  "gamesplayed_delta": 5.3996663127559525,
  "gamesfinished": 208098311,
  "gametime": 45489333041.06038,
  "inputs": 154359140777,
  "piecesplaced": 34843861677
}
