{
  "usercount": 8020729,
  "usercount_delta": 0.14751220663509906,
  "anoncount": 6062953,
  "totalaccounts": 11967208,
  "rankedcount": 47013,
  "replaycount": 10698503,
  "gamesplayed": 484342248,
  "gamesplayed_delta": 4.469619861043501,
  "gamesfinished": 377572957,
  "gametime": 84289010637.35779,
  "inputs": 293922674669,
  "piecesplaced": 67214567227
}
