{
  "usercount": 730157,
  "usercount_delta": 0.13140988202312814,
  "anoncount": 483243,
  "rankedcount": 13396,
  "replaycount": 1236062,
  "gamesplayed": 39377495,
  "gamesplayed_delta": 3.3582525405910526,
  "gamesfinished": 27442820,
  "gametime": 5407921122.837504,
  "inputs": 19695234476,
  "piecesplaced": 4314791957
}
