{
  "usercount": 5894960,
  "usercount_delta": 0.30020540369726656,
  "anoncount": 4208109,
  "rankedcount": 42018,
  "replaycount": 10372317,
  "gamesplayed": 403361461,
  "gamesplayed_delta": 4.8822878811818615,
  "gamesfinished": 313329523,
  "gametime": 69442379271.62137,
  "inputs": 240107402417,
  "piecesplaced": 54702071986
}
