{
  "usercount": 9401706,
  "usercount_delta": 0.3284023227000642,
  "anoncount": 6987014,
  "totalaccounts": 16339906,
  "rankedcount": 54077,
  "replaycount": 13549833,
  "gamesplayed": 627306456,
  "gamesplayed_delta": 5.179800271678285,
  "gamesfinished": 487767094,
  "gametime": 110488871025.7635,
  "inputs": 390061613878,
  "piecesplaced": 89652563748
}
