{
  "usercount": 803384,
  "usercount_delta": 0.03546916842534627,
  "anoncount": 540993,
  "rankedcount": 13932,
  "replaycount": 1388164,
  "gamesplayed": 42746936,
  "gamesplayed_delta": 3.298632663557203,
  "gamesfinished": 30003887,
  "gametime": 5940586846.258951,
  "inputs": 21441129681,
  "piecesplaced": 4713501966
}
