{
  "usercount": 1075191,
  "usercount_delta": 0.11010097832583597,
  "anoncount": 750189,
  "rankedcount": 15720,
  "replaycount": 1805794,
  "gamesplayed": 55072790,
  "gamesplayed_delta": 3.633332284752587,
  "gamesfinished": 39495564,
  "gametime": 7898694942.692583,
  "inputs": 27802394976,
  "piecesplaced": 6163476579
}
