{
  "usercount": 8003358,
  "usercount_delta": 0.2789607781145971,
  "anoncount": 5887553,
  "totalaccounts": 13520581,
  "rankedcount": 49599,
  "replaycount": 10777705,
  "gamesplayed": 533533639,
  "gamesplayed_delta": 6.583474363504491,
  "gamesfinished": 415868718,
  "gametime": 93147066021.13702,
  "inputs": 326410153848,
  "piecesplaced": 74800544782
}
