{
  "usercount": 1032266,
  "usercount_delta": 0.05688282138794084,
  "anoncount": 717227,
  "rankedcount": 15430,
  "replaycount": 1745571,
  "gamesplayed": 53197712,
  "gamesplayed_delta": 2.768297307546454,
  "gamesfinished": 38040907,
  "gametime": 7595518512.128119,
  "inputs": 26818175399,
  "piecesplaced": 5939122838
}
