{
  "usercount": 935921,
  "usercount_delta": 0.05960541217142516,
  "anoncount": 643037,
  "rankedcount": 14290,
  "replaycount": 1599040,
  "gamesplayed": 48740085,
  "gamesplayed_delta": 1.947110130933222,
  "gamesfinished": 34612691,
  "gametime": 6886640838.530778,
  "inputs": 24507197188,
  "piecesplaced": 5412310713
}
