{
  "usercount": 855222,
  "usercount_delta": 0.1003267786504615,
  "anoncount": 581294,
  "rankedcount": 14098,
  "replaycount": 1475336,
  "gamesplayed": 45200367,
  "gamesplayed_delta": 1.8058820157083069,
  "gamesfinished": 31872524,
  "gametime": 6326421746.009909,
  "inputs": 22695514043,
  "piecesplaced": 4999857070
}
