{
  "usercount": 8326036,
  "usercount_delta": 0.2528445006321112,
  "anoncount": 6333214,
  "totalaccounts": 12280309,
  "rankedcount": 45266,
  "replaycount": 10991405,
  "gamesplayed": 495567749,
  "gamesplayed_delta": 3.893805309734513,
  "gamesfinished": 386283751,
  "gametime": 86336805621.83014,
  "inputs": 301525184162,
  "piecesplaced": 68999955102
}
