{
  "usercount": 1112931,
  "usercount_delta": 0.05303445471741475,
  "anoncount": 779372,
  "rankedcount": 16121,
  "replaycount": 1859111,
  "gamesplayed": 56678055,
  "gamesplayed_delta": 2.7224353421606238,
  "gamesfinished": 40754796,
  "gametime": 8159155690.845999,
  "inputs": 28643487535,
  "piecesplaced": 6354425139
}
