{
  "usercount": 1210604,
  "usercount_delta": 0.20829388373414126,
  "anoncount": 854277,
  "rankedcount": 16915,
  "replaycount": 1981525,
  "gamesplayed": 60245722,
  "gamesplayed_delta": 5.434576784699868,
  "gamesfinished": 43606535,
  "gametime": 8744060435.041132,
  "inputs": 30478296337,
  "piecesplaced": 6767373199
}
