{
  "usercount": 974093,
  "usercount_delta": 0.06770366107547265,
  "anoncount": 672059,
  "rankedcount": 14603,
  "replaycount": 1653366,
  "gamesplayed": 50402302,
  "gamesplayed_delta": 3.2497757316226874,
  "gamesfinished": 35890365,
  "gametime": 7148910761.31321,
  "inputs": 25360225172,
  "piecesplaced": 5606640152
}
