{
  "usercount": 1080322,
  "usercount_delta": 0.07738141298460109,
  "anoncount": 754207,
  "rankedcount": 15917,
  "replaycount": 1813478,
  "gamesplayed": 55306034,
  "gamesplayed_delta": 2.689004101214888,
  "gamesfinished": 39676244,
  "gametime": 7936442634.47176,
  "inputs": 27924567004,
  "piecesplaced": 6191200838
}
