{
  "usercount": 1194367,
  "usercount_delta": 0.07071010624193462,
  "anoncount": 841718,
  "rankedcount": 16672,
  "replaycount": 1961882,
  "gamesplayed": 59677906,
  "gamesplayed_delta": 3.09356714808464,
  "gamesfinished": 43147859,
  "gametime": 8650541029.07456,
  "inputs": 30188370644,
  "piecesplaced": 6702677055
}
