{
  "usercount": 6925864,
  "usercount_delta": 0.2635694329742932,
  "anoncount": 5098762,
  "totalaccounts": 10843202,
  "rankedcount": 57774,
  "replaycount": 9488550,
  "gamesplayed": 443185523,
  "gamesplayed_delta": 5.41195902373882,
  "gamesfinished": 345204287,
  "gametime": 76580271729.41307,
  "inputs": 265627321116,
  "piecesplaced": 60604565409
}
