{
  "usercount": 8762004,
  "usercount_delta": 0.1782817207751689,
  "anoncount": 6562529,
  "totalaccounts": 14297396,
  "rankedcount": 48881,
  "replaycount": 11636674,
  "gamesplayed": 559024513,
  "gamesplayed_delta": 4.439214847301706,
  "gamesfinished": 435420724,
  "gametime": 97831100206.9399,
  "inputs": 343641451956,
  "piecesplaced": 78828534087
}
