{
  "usercount": 877335,
  "usercount_delta": 0.06753334458889076,
  "anoncount": 598492,
  "rankedcount": 14335,
  "replaycount": 1509163,
  "gamesplayed": 46195592,
  "gamesplayed_delta": 1.7221002870167146,
  "gamesfinished": 32643879,
  "gametime": 6485082925.4400015,
  "inputs": 23206402320,
  "piecesplaced": 5116280750
}
