{
  "usercount": 7624766,
  "usercount_delta": 0.09334163036714374,
  "anoncount": 6170516,
  "rankedcount": 39458,
  "replaycount": 8669832,
  "gamesplayed": 332613804,
  "gamesplayed_delta": 3.298070939639079,
  "gamesfinished": 258131988,
  "gametime": 57020470494.61175,
  "inputs": 195482275435,
  "piecesplaced": 44363876990
}
