{
  "usercount": 1110346,
  "usercount_delta": 0.03787089810834864,
  "anoncount": 777404,
  "rankedcount": 15987,
  "replaycount": 1854511,
  "gamesplayed": 56537514,
  "gamesplayed_delta": 3.6356062184014695,
  "gamesfinished": 40645232,
  "gametime": 8136035904.917204,
  "inputs": 28567044600,
  "piecesplaced": 6336940502
}
