{
  "usercount": 1082575,
  "usercount_delta": 0.09480290476100188,
  "anoncount": 755890,
  "rankedcount": 15817,
  "replaycount": 1816146,
  "gamesplayed": 55382793,
  "gamesplayed_delta": 3.943800838057678,
  "gamesfinished": 39736475,
  "gametime": 7948736316.566152,
  "inputs": 27963170725,
  "piecesplaced": 6199924575
}
