{
  "usercount": 955035,
  "usercount_delta": 0.03186083188632055,
  "anoncount": 657484,
  "rankedcount": 14486,
  "replaycount": 1624075,
  "gamesplayed": 49543406,
  "gamesplayed_delta": 2.6444490465646058,
  "gamesfinished": 35233713,
  "gametime": 7014411114.346355,
  "inputs": 24922945581,
  "piecesplaced": 5507032563
}
