{
  "usercount": 787214,
  "usercount_delta": 0.030983733539891558,
  "anoncount": 528136,
  "rankedcount": 13897,
  "replaycount": 1362801,
  "gamesplayed": 42067832,
  "gamesplayed_delta": 1.6576297443841983,
  "gamesfinished": 29486123,
  "gametime": 5833069605.391153,
  "inputs": 21091121548,
  "piecesplaced": 4633142604
}
