{
  "usercount": 1175217,
  "usercount_delta": 0.1426804908208884,
  "anoncount": 826976,
  "rankedcount": 16416,
  "replaycount": 1936939,
  "gamesplayed": 58964035,
  "gamesplayed_delta": 3.0438504708456198,
  "gamesfinished": 42574254,
  "gametime": 8532887596.227629,
  "inputs": 29821935274,
  "piecesplaced": 6620501172
}
