{
  "usercount": 785594,
  "usercount_delta": 0.03563537880407668,
  "anoncount": 526881,
  "rankedcount": 13959,
  "replaycount": 1359458,
  "gamesplayed": 41982832,
  "gamesplayed_delta": 2.084669660038486,
  "gamesfinished": 29422291,
  "gametime": 5819833113.971308,
  "inputs": 21047123402,
  "piecesplaced": 4623030077
}
