{
  "usercount": 884486,
  "usercount_delta": 0.10539258738802038,
  "anoncount": 603983,
  "rankedcount": 14216,
  "replaycount": 1520249,
  "gamesplayed": 46517880,
  "gamesplayed_delta": 2.195678903917091,
  "gamesfinished": 32895251,
  "gametime": 6536209321.001722,
  "inputs": 23372021678,
  "piecesplaced": 5154049514
}
