{
  "usercount": 8009773,
  "usercount_delta": 0.071769991531141,
  "anoncount": 6053300,
  "totalaccounts": 11955978,
  "rankedcount": 47246,
  "replaycount": 10688342,
  "gamesplayed": 483927715,
  "gamesplayed_delta": 3.4018975985760833,
  "gamesfinished": 377249933,
  "gametime": 84213595780.98547,
  "inputs": 293642398715,
  "piecesplaced": 67148622250
}
