{
  "usercount": 776005,
  "usercount_delta": 0.05621240795218198,
  "anoncount": 519372,
  "rankedcount": 13904,
  "replaycount": 1341156,
  "gamesplayed": 41492234,
  "gamesplayed_delta": 2.567033296482977,
  "gamesfinished": 29049896,
  "gametime": 5742322113.578064,
  "inputs": 20791625975,
  "piecesplaced": 4564617179
}
