{
  "usercount": 6736855,
  "usercount_delta": 0.1612591111397794,
  "anoncount": 4930294,
  "rankedcount": 55345,
  "replaycount": 9282094,
  "gamesplayed": 437069910,
  "gamesplayed_delta": 5.805328001032058,
  "gamesfinished": 340261665,
  "gametime": 75467070784.84698,
  "inputs": 261639456033,
  "piecesplaced": 59684616835
}
