{
  "usercount": 3570046,
  "usercount_delta": 0.20830440216636578,
  "anoncount": 2733856,
  "rankedcount": 33600,
  "replaycount": 4143061,
  "gamesplayed": 165570708,
  "gamesplayed_delta": 4.617414248021109,
  "gamesfinished": 129292120,
  "gametime": 27585066389.3129,
  "inputs": 92565068108,
  "piecesplaced": 20750294970
}
