{
  "usercount": 3910354,
  "usercount_delta": 0.23730891688255187,
  "anoncount": 3016969,
  "rankedcount": 36980,
  "replaycount": 4606346,
  "gamesplayed": 178248358,
  "gamesplayed_delta": 7.3961279095062,
  "gamesfinished": 139360822,
  "gametime": 29855043744.898952,
  "inputs": 100247191933,
  "piecesplaced": 22486875929
}
