{
  "usercount": 8267524,
  "usercount_delta": 0.0368093643022785,
  "anoncount": 6125205,
  "totalaccounts": 13790655,
  "rankedcount": 51437,
  "replaycount": 11091095,
  "gamesplayed": 542044391,
  "gamesplayed_delta": 4.693193948540508,
  "gamesfinished": 422462151,
  "gametime": 94697586312.48866,
  "inputs": 332078848307,
  "piecesplaced": 76121319302
}
