{
  "usercount": 5937675,
  "usercount_delta": 0.08931362479346223,
  "anoncount": 4723237,
  "rankedcount": 44129,
  "replaycount": 6909773,
  "gamesplayed": 262071351,
  "gamesplayed_delta": 5.329046279343247,
  "gamesfinished": 204307939,
  "gametime": 44638759209.47639,
  "inputs": 151420603278,
  "piecesplaced": 34175672002
}
