{
  "usercount": 1135235,
  "usercount_delta": 0.079266939344938,
  "anoncount": 796927,
  "rankedcount": 16131,
  "replaycount": 1889349,
  "gamesplayed": 57602434,
  "gamesplayed_delta": 2.584102222644979,
  "gamesfinished": 41482992,
  "gametime": 8308192962.444006,
  "inputs": 29119082916,
  "piecesplaced": 6462243035
}
