{
  "usercount": 1131078,
  "usercount_delta": 0.09770395701025893,
  "anoncount": 793670,
  "rankedcount": 16184,
  "replaycount": 1884508,
  "gamesplayed": 57450264,
  "gamesplayed_delta": 2.9506595017098194,
  "gamesfinished": 41361671,
  "gametime": 8283280228.5699835,
  "inputs": 29040867552,
  "piecesplaced": 6444577264
}
