{
  "usercount": 5779305,
  "usercount_delta": 0.11544677903486493,
  "anoncount": 4121435,
  "rankedcount": 41896,
  "replaycount": 10168324,
  "gamesplayed": 394837099,
  "gamesplayed_delta": 4.551901573374674,
  "gamesfinished": 306645214,
  "gametime": 67969556895.11164,
  "inputs": 234831504003,
  "piecesplaced": 53472528682
}
