{
  "usercount": 1146578,
  "usercount_delta": 0.13233639912657977,
  "anoncount": 805750,
  "rankedcount": 16263,
  "replaycount": 1903583,
  "gamesplayed": 58026845,
  "gamesplayed_delta": 4.813736518229339,
  "gamesfinished": 41820212,
  "gametime": 8376913422.266173,
  "inputs": 29336949467,
  "piecesplaced": 6511335209
}
