{
  "usercount": 6143994,
  "usercount_delta": 0.11879306248515085,
  "anoncount": 4898075,
  "rankedcount": 45759,
  "replaycount": 7133616,
  "gamesplayed": 269956098,
  "gamesplayed_delta": 6.434624217945672,
  "gamesfinished": 210471752,
  "gametime": 46026324460.85128,
  "inputs": 156226586074,
  "piecesplaced": 35269174932
}
