{
  "usercount": 860520,
  "usercount_delta": 0.06753448479629912,
  "anoncount": 585378,
  "rankedcount": 14078,
  "replaycount": 1483495,
  "gamesplayed": 45432161,
  "gamesplayed_delta": 3.5962113154029276,
  "gamesfinished": 32050544,
  "gametime": 6362888018.167682,
  "inputs": 22813519298,
  "piecesplaced": 5026634904
}
