{
  "usercount": 1102697,
  "usercount_delta": 0.618713429616928,
  "anoncount": 771525,
  "rankedcount": 15871,
  "replaycount": 1843340,
  "gamesplayed": 56203357,
  "gamesplayed_delta": 3.5355053120967312,
  "gamesfinished": 40382477,
  "gametime": 8081438958.407698,
  "inputs": 28389394668,
  "piecesplaced": 6296428424
}
