{
  "usercount": 911420,
  "usercount_delta": 0.05960778080232073,
  "anoncount": 624330,
  "rankedcount": 14224,
  "replaycount": 1560199,
  "gamesplayed": 47672155,
  "gamesplayed_delta": 3.2585586838602,
  "gamesfinished": 33787394,
  "gametime": 6718899110.392105,
  "inputs": 23964860268,
  "piecesplaced": 5289166044
}
