{
  "usercount": 794660,
  "usercount_delta": 0.015491386788945344,
  "anoncount": 534159,
  "rankedcount": 13969,
  "replaycount": 1372145,
  "gamesplayed": 42323839,
  "gamesplayed_delta": 1.3787334242161358,
  "gamesfinished": 29680946,
  "gametime": 5873418290.399307,
  "inputs": 21221173595,
  "piecesplaced": 4662864792
}
