{
  "usercount": 6836878,
  "usercount_delta": 0.01514692517418964,
  "anoncount": 5486464,
  "rankedcount": 44019,
  "replaycount": 7931699,
  "gamesplayed": 300748457,
  "gamesplayed_delta": 3.9836413208118753,
  "gamesfinished": 234097349,
  "gametime": 51491424301.38297,
  "inputs": 175497808628,
  "piecesplaced": 39703263146
}
