{
  "usercount": 9570457,
  "usercount_delta": 0.28002534966323267,
  "anoncount": 7112858,
  "totalaccounts": 16767673,
  "rankedcount": 52465,
  "replaycount": 13932402,
  "gamesplayed": 642717723,
  "gamesplayed_delta": 4.023522129371711,
  "gamesfinished": 499469097,
  "gametime": 113346817546.49881,
  "inputs": 400636786359,
  "piecesplaced": 92130089009
}
