{
  "usercount": 926977,
  "usercount_delta": 0.07511793515819837,
  "anoncount": 636149,
  "rankedcount": 14388,
  "replaycount": 1585335,
  "gamesplayed": 48356330,
  "gamesplayed_delta": 3.365283495087287,
  "gamesfinished": 34316922,
  "gametime": 6826313187.169426,
  "inputs": 24312484875,
  "piecesplaced": 5368092360
}
