{
  "usercount": 1076797,
  "usercount_delta": 0.06616819956328988,
  "anoncount": 751423,
  "rankedcount": 15790,
  "replaycount": 1808089,
  "gamesplayed": 55147810,
  "gamesplayed_delta": 3.0768212796929797,
  "gamesfinished": 39554533,
  "gametime": 7910853348.840595,
  "inputs": 27841283973,
  "piecesplaced": 6172318192
}
