{
  "usercount": 1072876,
  "usercount_delta": 0.04962532876780308,
  "anoncount": 748435,
  "rankedcount": 15854,
  "replaycount": 1802269,
  "gamesplayed": 54967595,
  "gamesplayed_delta": 4.151985840239525,
  "gamesfinished": 39413666,
  "gametime": 7881512969.71575,
  "inputs": 27747121361,
  "piecesplaced": 6150911598
}
