{
  "usercount": 7329821,
  "usercount_delta": 0.06162663503166069,
  "anoncount": 5909763,
  "rankedcount": 39583,
  "replaycount": 8430713,
  "gamesplayed": 322610400,
  "gamesplayed_delta": 2.7886052351826462,
  "gamesfinished": 250499614,
  "gametime": 55295578970.70248,
  "inputs": 189267936412,
  "piecesplaced": 42920106680
}
