{
  "usercount": 5249845,
  "usercount_delta": 0.17294237874380947,
  "anoncount": 4140323,
  "rankedcount": 42345,
  "replaycount": 6182747,
  "gamesplayed": 234862720,
  "gamesplayed_delta": 3.8676204700888297,
  "gamesfinished": 183110673,
  "gametime": 39846274461.63262,
  "inputs": 134749383896,
  "piecesplaced": 30368133793
}
