{
  "usercount": 1240120,
  "usercount_delta": 0.1323342100474749,
  "anoncount": 877015,
  "rankedcount": 17356,
  "replaycount": 2022167,
  "gamesplayed": 61448988,
  "gamesplayed_delta": 3.49031479000215,
  "gamesfinished": 44571832,
  "gametime": 8944446307.182425,
  "inputs": 31113503989,
  "piecesplaced": 6910364444
}
