{
  "usercount": 915052,
  "usercount_delta": 0.131172116555795,
  "anoncount": 627151,
  "rankedcount": 14361,
  "replaycount": 1566357,
  "gamesplayed": 47834100,
  "gamesplayed_delta": 2.32362035041694,
  "gamesfinished": 33912785,
  "gametime": 6744008907.504108,
  "inputs": 24047430137,
  "piecesplaced": 5307912990
}
