{
  "usercount": 9471413,
  "usercount_delta": 0.22391067456822558,
  "anoncount": 7042518,
  "totalaccounts": 16483777,
  "rankedcount": 53986,
  "replaycount": 13673566,
  "gamesplayed": 632185447,
  "gamesplayed_delta": 5.090236001850995,
  "gamesfinished": 491505869,
  "gametime": 111395852721.75333,
  "inputs": 393391080162,
  "piecesplaced": 90430112511
}
