{
  "usercount": 8599090,
  "usercount_delta": 0.14737959087425573,
  "anoncount": 6330139,
  "totalaccounts": 14884489,
  "rankedcount": 49026,
  "replaycount": 12268901,
  "gamesplayed": 580097469,
  "gamesplayed_delta": 5.069857926074397,
  "gamesfinished": 451409648,
  "gametime": 101724806352.05374,
  "inputs": 357939005046,
  "piecesplaced": 82166518981
}
