{
  "usercount": 893862,
  "usercount_delta": 0.045071438229593905,
  "anoncount": 611271,
  "rankedcount": 14184,
  "replaycount": 1534899,
  "gamesplayed": 46952284,
  "gamesplayed_delta": 3.4254293054491365,
  "gamesfinished": 33228796,
  "gametime": 6603433649.9278,
  "inputs": 23589435287,
  "piecesplaced": 5203418970
}
