{
  "usercount": 976815,
  "usercount_delta": 0.03045577060713579,
  "anoncount": 674161,
  "rankedcount": 14713,
  "replaycount": 1656990,
  "gamesplayed": 50522626,
  "gamesplayed_delta": 2.177587598410209,
  "gamesfinished": 35986441,
  "gametime": 7168122811.923567,
  "inputs": 25421735940,
  "piecesplaced": 5620600758
}
