{
  "usercount": 9630041,
  "usercount_delta": 0.2728559491123655,
  "anoncount": 7146997,
  "totalaccounts": 17016927,
  "rankedcount": 49307,
  "replaycount": 14155453,
  "gamesplayed": 652750660,
  "gamesplayed_delta": 6.83845222462866,
  "gamesfinished": 506989083,
  "gametime": 115224553045.50371,
  "inputs": 407819493452,
  "piecesplaced": 93836127766
}
