{
  "usercount": 836171,
  "usercount_delta": 0.050650008441668073,
  "anoncount": 566449,
  "rankedcount": 14084,
  "replaycount": 1444602,
  "gamesplayed": 44310374,
  "gamesplayed_delta": 2.1104170184028366,
  "gamesfinished": 31194571,
  "gametime": 6187177578.724676,
  "inputs": 22242960281,
  "piecesplaced": 4896736835
}
