{
  "usercount": 5789729,
  "usercount_delta": 0.16305765718758153,
  "anoncount": 4148612,
  "rankedcount": 41758,
  "replaycount": 10048624,
  "gamesplayed": 389781777,
  "gamesplayed_delta": 4.272110618314636,
  "gamesfinished": 302685620,
  "gametime": 67095175645.27184,
  "inputs": 231689187981,
  "piecesplaced": 52743263737
}
