{
  "usercount": 907423,
  "usercount_delta": 0.07026419336706015,
  "anoncount": 621521,
  "rankedcount": 14266,
  "replaycount": 1553921,
  "gamesplayed": 47519403,
  "gamesplayed_delta": 3.126756604834177,
  "gamesfinished": 33669323,
  "gametime": 6694540050.442116,
  "inputs": 23885097494,
  "piecesplaced": 5270934781
}
