{
  "usercount": 2796229,
  "usercount_delta": 0.09544413336726904,
  "anoncount": 2097839,
  "rankedcount": 29620,
  "replaycount": 4158532,
  "gamesplayed": 132976560,
  "gamesplayed_delta": 4.326800712649529,
  "gamesfinished": 102912421,
  "gametime": 21720880378.649384,
  "inputs": 72939359305,
  "piecesplaced": 16305933796
}
