{
  "usercount": 7825852,
  "usercount_delta": 0.1322351518815173,
  "anoncount": 6349402,
  "rankedcount": 39137,
  "replaycount": 8833604,
  "gamesplayed": 339500654,
  "gamesplayed_delta": 4.495995163971588,
  "gamesfinished": 263402707,
  "gametime": 58212489436.42019,
  "inputs": 199776802194,
  "piecesplaced": 45362625633
}
