{
  "usercount": 5855414,
  "usercount_delta": 0.19135704034444267,
  "anoncount": 4177493,
  "rankedcount": 41828,
  "replaycount": 10312948,
  "gamesplayed": 400962393,
  "gamesplayed_delta": 5.453675649816616,
  "gamesfinished": 311431275,
  "gametime": 69023346270.01414,
  "inputs": 238614660682,
  "piecesplaced": 54354928180
}
