{
  "usercount": 881348,
  "usercount_delta": 0.0600943481265587,
  "anoncount": 601606,
  "rankedcount": 14281,
  "replaycount": 1515322,
  "gamesplayed": 46370945,
  "gamesplayed_delta": 2.3286559899041497,
  "gamesfinished": 32780177,
  "gametime": 6512588411.34304,
  "inputs": 23295684131,
  "piecesplaced": 5136640981
}
