{
  "usercount": 1188211,
  "usercount_delta": 0.04962450789029675,
  "anoncount": 837026,
  "rankedcount": 16682,
  "replaycount": 1953561,
  "gamesplayed": 59450929,
  "gamesplayed_delta": 3.0601779865683,
  "gamesfinished": 42965267,
  "gametime": 8613236343.15681,
  "inputs": 30073251191,
  "piecesplaced": 6676970850
}
