{
  "usercount": 7685710,
  "usercount_delta": 0.12438584489085142,
  "anoncount": 5771055,
  "totalaccounts": 11622826,
  "rankedcount": 54704,
  "replaycount": 10332318,
  "gamesplayed": 470769711,
  "gamesplayed_delta": 2.8919708937122954,
  "gamesfinished": 367086276,
  "gametime": 81753094288.29742,
  "inputs": 284462213855,
  "piecesplaced": 64990980513
}
