{
  "usercount": 4392827,
  "usercount_delta": 0.11212857409829939,
  "anoncount": 3424544,
  "rankedcount": 39678,
  "replaycount": 5195055,
  "gamesplayed": 197664424,
  "gamesplayed_delta": 4.485142963931976,
  "gamesfinished": 154473212,
  "gametime": 33304823178.852394,
  "inputs": 112140194932,
  "piecesplaced": 25197849863
}
