{
  "usercount": 1151867,
  "usercount_delta": 0.05862122870095357,
  "anoncount": 809746,
  "rankedcount": 16188,
  "replaycount": 1909943,
  "gamesplayed": 58231133,
  "gamesplayed_delta": 2.9701422541816473,
  "gamesfinished": 41986898,
  "gametime": 8410820430.835511,
  "inputs": 29442547170,
  "piecesplaced": 6535082107
}
