{
  "usercount": 1250218,
  "usercount_delta": 0.01654204989082247,
  "anoncount": 884881,
  "rankedcount": 17498,
  "replaycount": 2036189,
  "gamesplayed": 61847696,
  "gamesplayed_delta": 3.9204658241249257,
  "gamesfinished": 44895937,
  "gametime": 9010673158.702263,
  "inputs": 31322174995,
  "piecesplaced": 6957186926
}
