{
  "usercount": 5457141,
  "usercount_delta": 0.13219769220600178,
  "anoncount": 4316210,
  "rankedcount": 43566,
  "replaycount": 6404894,
  "gamesplayed": 242975906,
  "gamesplayed_delta": 5.193480765235784,
  "gamesfinished": 189430179,
  "gametime": 41275089112.97848,
  "inputs": 139700229785,
  "piecesplaced": 31496685244
}
