{
  "usercount": 857042,
  "usercount_delta": 0.03747564083345825,
  "anoncount": 582692,
  "rankedcount": 14152,
  "replaycount": 1478156,
  "gamesplayed": 45277218,
  "gamesplayed_delta": 1.630190376255434,
  "gamesfinished": 31931299,
  "gametime": 6338699814.571792,
  "inputs": 22734757306,
  "piecesplaced": 5008736667
}
