{
  "usercount": 9608470,
  "usercount_delta": 0.13643030116988983,
  "anoncount": 7135222,
  "totalaccounts": 16917975,
  "rankedcount": 50547,
  "replaycount": 14073075,
  "gamesplayed": 649048896,
  "gamesplayed_delta": 6.122309764998806,
  "gamesfinished": 504193549,
  "gametime": 114539657471.3785,
  "inputs": 405216945576,
  "piecesplaced": 93220185585
}
