{
  "usercount": 1041156,
  "usercount_delta": 0.09437375151391227,
  "anoncount": 723955,
  "rankedcount": 15442,
  "replaycount": 1757292,
  "gamesplayed": 53580232,
  "gamesplayed_delta": 4.168174025197792,
  "gamesfinished": 38335676,
  "gametime": 7656422760.056019,
  "inputs": 27017266359,
  "piecesplaced": 5984600443
}
