{
  "usercount": 909514,
  "usercount_delta": 0.5246786343364689,
  "anoncount": 622997,
  "rankedcount": 14356,
  "replaycount": 1557324,
  "gamesplayed": 47606309,
  "gamesplayed_delta": 2.9419480568152006,
  "gamesfinished": 33736635,
  "gametime": 6708527025.983569,
  "inputs": 23931558266,
  "piecesplaced": 5281528197
}
