{
  "usercount": 969929,
  "usercount_delta": 0.07303534910896875,
  "anoncount": 668810,
  "rankedcount": 14640,
  "replaycount": 1647240,
  "gamesplayed": 50212514,
  "gamesplayed_delta": 1.7674554484370437,
  "gamesfinished": 35746211,
  "gametime": 7119415068.127566,
  "inputs": 25264660487,
  "piecesplaced": 5584936152
}
