{
  "usercount": 769049,
  "usercount_delta": 0.03563664872955347,
  "anoncount": 513899,
  "rankedcount": 13951,
  "replaycount": 1327485,
  "gamesplayed": 41135950,
  "gamesplayed_delta": 2.6727486547165107,
  "gamesfinished": 28781023,
  "gametime": 5685442642.95988,
  "inputs": 20601830237,
  "piecesplaced": 4521059607
}
