{
  "usercount": 864983,
  "usercount_delta": 0.03376667229444538,
  "anoncount": 588839,
  "rankedcount": 14065,
  "replaycount": 1490527,
  "gamesplayed": 45639351,
  "gamesplayed_delta": 1.4013169002194834,
  "gamesfinished": 32213250,
  "gametime": 6396124779.325297,
  "inputs": 22920906837,
  "piecesplaced": 5051070894
}
