{
  "usercount": 7984831,
  "usercount_delta": 0.09129085265656381,
  "anoncount": 6031673,
  "totalaccounts": 11930338,
  "rankedcount": 47996,
  "replaycount": 10659220,
  "gamesplayed": 482791076,
  "gamesplayed_delta": 3.5238269125433628,
  "gamesfinished": 376382221,
  "gametime": 84003076560.97874,
  "inputs": 292844937842,
  "piecesplaced": 66960036172
}
