{
  "usercount": 4943235,
  "usercount_delta": 0.12033151331919437,
  "anoncount": 3883218,
  "rankedcount": 41952,
  "replaycount": 5865853,
  "gamesplayed": 222225697,
  "gamesplayed_delta": 4.196561527006904,
  "gamesfinished": 173519701,
  "gametime": 37648591096.91149,
  "inputs": 127172143817,
  "piecesplaced": 28634235989
}
