{
  "usercount": 1095499,
  "usercount_delta": 0.0773799160427911,
  "anoncount": 765890,
  "rankedcount": 15854,
  "replaycount": 1834335,
  "gamesplayed": 55918213,
  "gamesplayed_delta": 4.3526202774069995,
  "gamesfinished": 40157158,
  "gametime": 8035511127.402601,
  "inputs": 28241346728,
  "piecesplaced": 6262918882
}
