{
  "usercount": 1030621,
  "usercount_delta": 0.05303445471741475,
  "anoncount": 715893,
  "rankedcount": 15355,
  "replaycount": 1743103,
  "gamesplayed": 53121941,
  "gamesplayed_delta": 2.0683437339791753,
  "gamesfinished": 37983933,
  "gametime": 7583163365.946469,
  "inputs": 26776959092,
  "piecesplaced": 5929701337
}
