{
  "usercount": 1174124,
  "usercount_delta": 0.05688282138794084,
  "anoncount": 826163,
  "rankedcount": 16587,
  "replaycount": 1935348,
  "gamesplayed": 58924694,
  "gamesplayed_delta": 2.7493363670838074,
  "gamesfinished": 42542757,
  "gametime": 8526451892.760225,
  "inputs": 29802153965,
  "piecesplaced": 6616046195
}
