{
  "usercount": 958978,
  "usercount_delta": 0.039028197872963216,
  "anoncount": 660430,
  "rankedcount": 14621,
  "replaycount": 1630337,
  "gamesplayed": 49724638,
  "gamesplayed_delta": 2.9661430383452045,
  "gamesfinished": 35372581,
  "gametime": 7042694891.0854025,
  "inputs": 25015067894,
  "piecesplaced": 5528080231
}
