{
  "usercount": 1170733,
  "usercount_delta": 0.09480470231323473,
  "anoncount": 823637,
  "rankedcount": 16483,
  "replaycount": 1930964,
  "gamesplayed": 58811409,
  "gamesplayed_delta": 2.0288206295032234,
  "gamesfinished": 42452237,
  "gametime": 8507708401.862939,
  "inputs": 29744237326,
  "piecesplaced": 6603067225
}
