{
  "usercount": 5294062,
  "usercount_delta": 0.1675986165496016,
  "anoncount": 4178157,
  "rankedcount": 42256,
  "replaycount": 6229250,
  "gamesplayed": 236493680,
  "gamesplayed_delta": 5.500281870400561,
  "gamesfinished": 184381457,
  "gametime": 40131469127.6583,
  "inputs": 135736536185,
  "piecesplaced": 30592813520
}
