{
  "usercount": 1110547,
  "usercount_delta": 0.09925394120858215,
  "anoncount": 777571,
  "rankedcount": 16005,
  "replaycount": 1854802,
  "gamesplayed": 56549246,
  "gamesplayed_delta": 2.5971447949578996,
  "gamesfinished": 40654522,
  "gametime": 8138025081.159316,
  "inputs": 28573482483,
  "piecesplaced": 6338412384
}
