{
  "usercount": 875416,
  "usercount_delta": 0.05064915331498708,
  "anoncount": 596995,
  "rankedcount": 14275,
  "replaycount": 1506029,
  "gamesplayed": 46101848,
  "gamesplayed_delta": 1.485708497239621,
  "gamesfinished": 32571948,
  "gametime": 6470266907.388318,
  "inputs": 23158160390,
  "piecesplaced": 5105209941
}
