{
  "usercount": 919141,
  "usercount_delta": 0.033764962098830044,
  "anoncount": 630235,
  "rankedcount": 14290,
  "replaycount": 1572577,
  "gamesplayed": 48005273,
  "gamesplayed_delta": 2.0090152448803877,
  "gamesfinished": 34045263,
  "gametime": 6771368290.487539,
  "inputs": 24135549322,
  "piecesplaced": 5327958526
}
