{
  "usercount": 2202592,
  "usercount_delta": 0.10788151527294024,
  "anoncount": 1626168,
  "rankedcount": 32217,
  "replaycount": 3390273,
  "gamesplayed": 103191349,
  "gamesplayed_delta": 5.070431217828191,
  "gamesfinished": 78815876,
  "gametime": 16363009637.159296,
  "inputs": 55040439273,
  "piecesplaced": 12245591505
}
