{
  "usercount": 1001379,
  "usercount_delta": 0.03834649896464453,
  "anoncount": 693180,
  "rankedcount": 14879,
  "replaycount": 1696064,
  "gamesplayed": 51688508,
  "gamesplayed_delta": 2.62673517907815,
  "gamesfinished": 36881260,
  "gametime": 7352737211.439889,
  "inputs": 26023093314,
  "piecesplaced": 5757941159
}
