{
  "usercount": 1114179,
  "usercount_delta": 0.1268271029519008,
  "anoncount": 780322,
  "rankedcount": 15956,
  "replaycount": 1860986,
  "gamesplayed": 56736667,
  "gamesplayed_delta": 3.1548241859285326,
  "gamesfinished": 40800632,
  "gametime": 8168423727.214669,
  "inputs": 28673447594,
  "piecesplaced": 6361288622
}
