{
  "usercount": 1259053,
  "usercount_delta": 0,
  "anoncount": 891828,
  "rankedcount": 17666,
  "replaycount": 2048680,
  "gamesplayed": 62196035,
  "gamesplayed_delta": 2.3057683289041737,
  "gamesfinished": 45174223,
  "gametime": 9068348488.796986,
  "inputs": 31505816263,
  "piecesplaced": 6998514219
}
