{
  "usercount": 1255128,
  "usercount_delta": 0.1157943492357573,
  "anoncount": 888765,
  "rankedcount": 17520,
  "replaycount": 2043579,
  "gamesplayed": 62050563,
  "gamesplayed_delta": 3.1099053794746245,
  "gamesfinished": 45055481,
  "gametime": 9043865048.016106,
  "inputs": 31428463401,
  "piecesplaced": 6981119553
}
