{
  "usercount": 939363,
  "usercount_delta": 0.056216621381054994,
  "anoncount": 645654,
  "rankedcount": 14394,
  "replaycount": 1603635,
  "gamesplayed": 48874115,
  "gamesplayed_delta": 3.56038602080015,
  "gamesfinished": 34716309,
  "gametime": 6907857285.451382,
  "inputs": 24575078439,
  "piecesplaced": 5427624692
}
