{
  "usercount": 3611703,
  "usercount_delta": 0.14951314781243577,
  "anoncount": 2769317,
  "rankedcount": 33784,
  "replaycount": 4197165,
  "gamesplayed": 167056753,
  "gamesplayed_delta": 5.494608182107014,
  "gamesfinished": 130477382,
  "gametime": 27850298639.459236,
  "inputs": 93460453302,
  "piecesplaced": 20953043417
}
