{
  "usercount": 8568747,
  "usercount_delta": 0.22419849039683132,
  "anoncount": 6307443,
  "totalaccounts": 14816472,
  "rankedcount": 49006,
  "replaycount": 12199744,
  "gamesplayed": 577632352,
  "gamesplayed_delta": 4.902473656677378,
  "gamesfinished": 449529339,
  "gametime": 101266669033.1978,
  "inputs": 356255603960,
  "piecesplaced": 81773499849
}
