{
  "usercount": 1062244,
  "usercount_delta": 0.09512032721392562,
  "anoncount": 740258,
  "rankedcount": 15623,
  "replaycount": 1787029,
  "gamesplayed": 54462119,
  "gamesplayed_delta": 3.551158882653223,
  "gamesfinished": 39021223,
  "gametime": 7798700657.0724125,
  "inputs": 27479568421,
  "piecesplaced": 6089819502
}
