{
  "usercount": 2495687,
  "usercount_delta": 0.07024198363361782,
  "anoncount": 1858893,
  "rankedcount": 30501,
  "replaycount": 3784648,
  "gamesplayed": 118379433,
  "gamesplayed_delta": 3.5296596775892954,
  "gamesfinished": 91100066,
  "gametime": 19102248325.506554,
  "inputs": 64224193189,
  "piecesplaced": 14331533265
}
