{
  "usercount": 1104072,
  "usercount_delta": 0.0781616382679381,
  "anoncount": 772548,
  "rankedcount": 15914,
  "replaycount": 1844856,
  "gamesplayed": 56250069,
  "gamesplayed_delta": 3.8690010942629356,
  "gamesfinished": 40420485,
  "gametime": 8089310343.9203615,
  "inputs": 28414397967,
  "piecesplaced": 6302144181
}
