{
  "usercount": 802059,
  "usercount_delta": 0.16583747927031509,
  "anoncount": 539964,
  "rankedcount": 13872,
  "replaycount": 1385756,
  "gamesplayed": 42680964,
  "gamesplayed_delta": 2.340151096370002,
  "gamesfinished": 29954288,
  "gametime": 5930385596.593491,
  "inputs": 21408276984,
  "piecesplaced": 4705953675
}
