{
  "usercount": 746621,
  "usercount_delta": 0.056115673107498924,
  "anoncount": 496262,
  "rankedcount": 13654,
  "replaycount": 1278911,
  "gamesplayed": 40065421,
  "gamesplayed_delta": 2.3381530461457887,
  "gamesfinished": 27967576,
  "gametime": 5515902566.990278,
  "inputs": 20045925777,
  "piecesplaced": 4394297340
}
