{
  "usercount": 817594,
  "usercount_delta": 0.075297802810114,
  "anoncount": 552054,
  "rankedcount": 13999,
  "replaycount": 1413988,
  "gamesplayed": 43441441,
  "gamesplayed_delta": 3.147448157462765,
  "gamesfinished": 30530095,
  "gametime": 6050158307.205738,
  "inputs": 21797907951,
  "piecesplaced": 4795046993
}
