{
  "usercount": 7766337,
  "usercount_delta": 0.15941335883947075,
  "anoncount": 6296457,
  "rankedcount": 39252,
  "replaycount": 8784014,
  "gamesplayed": 337351205,
  "gamesplayed_delta": 6.456241032998566,
  "gamesfinished": 261763310,
  "gametime": 57839714256.32555,
  "inputs": 198429968239,
  "piecesplaced": 45048857945
}
