{
  "usercount": 1234297,
  "usercount_delta": 0.0586200832405182,
  "anoncount": 872584,
  "rankedcount": 17362,
  "replaycount": 2013985,
  "gamesplayed": 61231672,
  "gamesplayed_delta": 3.947085604861559,
  "gamesfinished": 44399615,
  "gametime": 8908492628.395504,
  "inputs": 31000663925,
  "piecesplaced": 6884944413
}
