{
  "usercount": 1008238,
  "usercount_delta": 0.07304068366079906,
  "anoncount": 698431,
  "rankedcount": 15082,
  "replaycount": 1708395,
  "gamesplayed": 52039105,
  "gamesplayed_delta": 3.1261412606822,
  "gamesfinished": 37149466,
  "gametime": 7409253053.518227,
  "inputs": 26207159550,
  "piecesplaced": 5799931096
}
