{
  "usercount": 778440,
  "usercount_delta": 0.07093959493491292,
  "anoncount": 521291,
  "rankedcount": 13815,
  "replaycount": 1346011,
  "gamesplayed": 41616057,
  "gamesplayed_delta": 1.4010569999645301,
  "gamesfinished": 29144364,
  "gametime": 5761988317.522303,
  "inputs": 20856592087,
  "piecesplaced": 4579406442
}
