{
  "usercount": 6605154,
  "usercount_delta": 0.1284748430198012,
  "anoncount": 4815201,
  "rankedcount": 54549,
  "replaycount": 9107181,
  "gamesplayed": 432345937,
  "gamesplayed_delta": 5.572596315983876,
  "gamesfinished": 336491347,
  "gametime": 74594119900.57915,
  "inputs": 258474032915,
  "piecesplaced": 58952152765
}
