{
  "usercount": 1103433,
  "usercount_delta": 0.17438173747622068,
  "anoncount": 772057,
  "rankedcount": 15893,
  "replaycount": 1844005,
  "gamesplayed": 56224599,
  "gamesplayed_delta": 4.042485732403297,
  "gamesfinished": 40399662,
  "gametime": 8084971568.963782,
  "inputs": 28400473436,
  "piecesplaced": 6298964552
}
