{
  "usercount": 873280,
  "usercount_delta": 0.019869260267440243,
  "anoncount": 595328,
  "rankedcount": 14199,
  "replaycount": 1502943,
  "gamesplayed": 46008061,
  "gamesplayed_delta": 3.2585586838602,
  "gamesfinished": 32499219,
  "gametime": 6455330515.380025,
  "inputs": 23110236388,
  "piecesplaced": 5094399164
}
