{
  "usercount": 763079,
  "usercount_delta": 0.046477040342071015,
  "anoncount": 509206,
  "rankedcount": 13857,
  "replaycount": 1314919,
  "gamesplayed": 40850642,
  "gamesplayed_delta": 1.8590816136828405,
  "gamesfinished": 28566407,
  "gametime": 5640507525.104739,
  "inputs": 20452035159,
  "piecesplaced": 4486694860
}
