{
  "usercount": 7992219,
  "usercount_delta": 0.03877171215880893,
  "anoncount": 6038003,
  "totalaccounts": 11937937,
  "rankedcount": 47791,
  "replaycount": 10669169,
  "gamesplayed": 483163641,
  "gamesplayed_delta": 2.9078784119106698,
  "gamesfinished": 376666018,
  "gametime": 84072490071.10526,
  "inputs": 293110397327,
  "piecesplaced": 67022871270
}
