{
  "usercount": 876161,
  "usercount_delta": 0.060093445307453086,
  "anoncount": 597562,
  "rankedcount": 14301,
  "replaycount": 1507264,
  "gamesplayed": 46139129,
  "gamesplayed_delta": 1.4272193260520107,
  "gamesfinished": 32601387,
  "gametime": 6476189872.952906,
  "inputs": 23177413068,
  "piecesplaced": 5109618756
}
