{
  "usercount": 1069383,
  "usercount_delta": 0.05803493703209332,
  "anoncount": 745745,
  "rankedcount": 15729,
  "replaycount": 1797281,
  "gamesplayed": 54807129,
  "gamesplayed_delta": 3.2886464318186217,
  "gamesfinished": 39289532,
  "gametime": 7855931500.667468,
  "inputs": 27664224278,
  "piecesplaced": 6131997284
}
