{
  "usercount": 7264017,
  "usercount_delta": 0.13433838346145233,
  "anoncount": 5851498,
  "rankedcount": 39343,
  "replaycount": 8379814,
  "gamesplayed": 320425445,
  "gamesplayed_delta": 3.6868423016643033,
  "gamesfinished": 248822500,
  "gametime": 54919273502.37781,
  "inputs": 187923896877,
  "piecesplaced": 42608423892
}
