{
  "usercount": 4679959,
  "usercount_delta": 0.07241129616220131,
  "anoncount": 3662478,
  "rankedcount": 41846,
  "replaycount": 5556531,
  "gamesplayed": 210742909,
  "gamesplayed_delta": 5.242577842143374,
  "gamesfinished": 164586665,
  "gametime": 35620708329.75116,
  "inputs": 120144233629,
  "piecesplaced": 27027080985
}
