{
  "usercount": 8922837,
  "usercount_delta": 0.19405012463988777,
  "anoncount": 6596005,
  "totalaccounts": 15477851,
  "rankedcount": 50993,
  "replaycount": 12778645,
  "gamesplayed": 598777061,
  "gamesplayed_delta": 4.77661845267416,
  "gamesfinished": 465801111,
  "gametime": 105183319165.46936,
  "inputs": 370625902699,
  "piecesplaced": 85128512722
}
