{
  "usercount": 762435,
  "usercount_delta": 0.03547105561861521,
  "anoncount": 508718,
  "rankedcount": 14000,
  "replaycount": 1313342,
  "gamesplayed": 40816397,
  "gamesplayed_delta": 2.234676503972758,
  "gamesfinished": 28540544,
  "gametime": 5635016017.154795,
  "inputs": 20433861482,
  "piecesplaced": 4482555142
}
