{
  "usercount": 894937,
  "usercount_delta": 0.045178681686068395,
  "anoncount": 612116,
  "rankedcount": 14216,
  "replaycount": 1536485,
  "gamesplayed": 47005112,
  "gamesplayed_delta": 2.3492914476755566,
  "gamesfinished": 33269776,
  "gametime": 6611855186.498019,
  "inputs": 23616994321,
  "piecesplaced": 5209711612
}
