{
  "usercount": 9409334,
  "usercount_delta": 0.273196052317044,
  "anoncount": 7306731,
  "totalaccounts": 13388713,
  "rankedcount": 48558,
  "replaycount": 10590251,
  "gamesplayed": 529482021,
  "gamesplayed_delta": 4.934603694976607,
  "gamesfinished": 412724392,
  "gametime": 92420895754.49287,
  "inputs": 323755406436,
  "piecesplaced": 74181344840
}
