{
  "usercount": 789435,
  "usercount_delta": 0.030118213989910398,
  "anoncount": 530033,
  "rankedcount": 13918,
  "replaycount": 1363494,
  "gamesplayed": 42086665,
  "gamesplayed_delta": 1.9275656953542655,
  "gamesfinished": 29500033,
  "gametime": 5836082661.461907,
  "inputs": 21100143890,
  "piecesplaced": 4635220110
}
