{
  "usercount": 9439374,
  "usercount_delta": 0.2760736196319018,
  "anoncount": 7018019,
  "totalaccounts": 16413211,
  "rankedcount": 54146,
  "replaycount": 13606513,
  "gamesplayed": 629580412,
  "gamesplayed_delta": 5.751533742331288,
  "gamesfinished": 489521050,
  "gametime": 110907894468.78247,
  "inputs": 391583511061,
  "piecesplaced": 90007284854
}
