{
  "usercount": 858940,
  "usercount_delta": 0.07026172492534692,
  "anoncount": 584135,
  "rankedcount": 14013,
  "replaycount": 1480957,
  "gamesplayed": 45359619,
  "gamesplayed_delta": 2.424029509924469,
  "gamesfinished": 31995715,
  "gametime": 6351825690.54417,
  "inputs": 22777131300,
  "piecesplaced": 5018350458
}
