{
  "usercount": 960388,
  "usercount_delta": 0.07805334946435889,
  "anoncount": 661552,
  "rankedcount": 14453,
  "replaycount": 1632320,
  "gamesplayed": 49785310,
  "gamesplayed_delta": 3.3953207016996116,
  "gamesfinished": 35418892,
  "gametime": 7052180878.820996,
  "inputs": 25046797918,
  "piecesplaced": 5535330069
}
