{
  "usercount": 6245533,
  "usercount_delta": 0.14961598563686537,
  "anoncount": 4497832,
  "rankedcount": 46071,
  "replaycount": 8723377,
  "gamesplayed": 420902557,
  "gamesplayed_delta": 4.920703527612461,
  "gamesfinished": 327313205,
  "gametime": 72533991642.75978,
  "inputs": 251140224126,
  "piecesplaced": 57260839870
}
