{
  "usercount": 835981,
  "usercount_delta": 0,
  "anoncount": 566301,
  "rankedcount": 14077,
  "replaycount": 1444153,
  "gamesplayed": 44302235,
  "gamesplayed_delta": 2.583063209076175,
  "gamesfinished": 31188649,
  "gametime": 6185817422.491452,
  "inputs": 22238362193,
  "piecesplaced": 4895684750
}
