{
  "usercount": 845469,
  "usercount_delta": 0.039738520534880487,
  "anoncount": 573684,
  "rankedcount": 14073,
  "replaycount": 1459645,
  "gamesplayed": 44748231,
  "gamesplayed_delta": 1.6690178624649805,
  "gamesfinished": 31528551,
  "gametime": 6255843315.666167,
  "inputs": 22467394168,
  "piecesplaced": 4947953721
}
