{
  "usercount": 952469,
  "usercount_delta": 0.052058930709563224,
  "anoncount": 655490,
  "rankedcount": 14375,
  "replaycount": 1619939,
  "gamesplayed": 49418374,
  "gamesplayed_delta": 3.8697138494108665,
  "gamesfinished": 35139040,
  "gametime": 6995099754.030066,
  "inputs": 24858542501,
  "piecesplaced": 5492298980
}
