{
  "usercount": 6280874,
  "usercount_delta": 0.18877541389009495,
  "anoncount": 5014796,
  "rankedcount": 47260,
  "replaycount": 7283895,
  "gamesplayed": 275466028,
  "gamesplayed_delta": 5.776527665036905,
  "gamesfinished": 214753440,
  "gametime": 46991844387.97295,
  "inputs": 159582182555,
  "piecesplaced": 36034150533
}
