{
  "usercount": 9519960,
  "usercount_delta": 0.3376543300497673,
  "anoncount": 7405808,
  "totalaccounts": 13501896,
  "rankedcount": 49641,
  "replaycount": 10755690,
  "gamesplayed": 532991160,
  "gamesplayed_delta": 6.576919124447641,
  "gamesfinished": 415443831,
  "gametime": 93050150073.89452,
  "inputs": 326057564079,
  "piecesplaced": 74718741374
}
