{
  "usercount": 1386738,
  "usercount_delta": 0.1521169610411561,
  "anoncount": 989955,
  "rankedcount": 19110,
  "replaycount": 2220396,
  "gamesplayed": 67261966,
  "gamesplayed_delta": 3.5493957576269755,
  "gamesfinished": 49278826,
  "gametime": 9932504514.257137,
  "inputs": 34211983706,
  "piecesplaced": 7605881266
}
