{
  "usercount": 974880,
  "usercount_delta": 0.11685485166737267,
  "anoncount": 672664,
  "rankedcount": 14634,
  "replaycount": 1654336,
  "gamesplayed": 50434947,
  "gamesplayed_delta": 3.374183841895386,
  "gamesfinished": 35916528,
  "gametime": 7154159755.271752,
  "inputs": 25377027330,
  "piecesplaced": 5610483232
}
