{
  "usercount": 905757,
  "usercount_delta": 0.10129488629649014,
  "anoncount": 620252,
  "rankedcount": 14216,
  "replaycount": 1551539,
  "gamesplayed": 47442467,
  "gamesplayed_delta": 2.5323721574122535,
  "gamesfinished": 33609299,
  "gametime": 6681929418.722106,
  "inputs": 23844441410,
  "piecesplaced": 5261665112
}
