{
  "usercount": 908279,
  "usercount_delta": 0.035132096683530074,
  "anoncount": 622154,
  "rankedcount": 14314,
  "replaycount": 1555577,
  "gamesplayed": 47561543,
  "gamesplayed_delta": 2.0200955593029795,
  "gamesfinished": 33701927,
  "gametime": 6701309794.63078,
  "inputs": 23907968043,
  "piecesplaced": 5276125857
}
