{
  "usercount": 9080396,
  "usercount_delta": 0.2570487589364608,
  "anoncount": 6724095,
  "totalaccounts": 15772286,
  "rankedcount": 51668,
  "replaycount": 13033022,
  "gamesplayed": 608202303,
  "gamesplayed_delta": 4.241304522451602,
  "gamesfinished": 473059166,
  "gametime": 106938555447.2888,
  "inputs": 377060701642,
  "piecesplaced": 86629168343
}
