{
  "usercount": 927483,
  "usercount_delta": 0.03376667229444538,
  "anoncount": 636521,
  "rankedcount": 14180,
  "replaycount": 1586187,
  "gamesplayed": 48380284,
  "gamesplayed_delta": 3.0390005065000847,
  "gamesfinished": 34334839,
  "gametime": 6829951211.908853,
  "inputs": 24324200814,
  "piecesplaced": 5370755786
}
