{
  "usercount": 775721,
  "usercount_delta": 0.05621451458766654,
  "anoncount": 519141,
  "rankedcount": 13893,
  "replaycount": 1340647,
  "gamesplayed": 41480249,
  "gamesplayed_delta": 2.5671294995034386,
  "gamesfinished": 29040953,
  "gametime": 5740422293.61142,
  "inputs": 20785323325,
  "piecesplaced": 4563168109
}
