{
  "usercount": 9162668,
  "usercount_delta": 0.24449023785407425,
  "anoncount": 6791208,
  "totalaccounts": 15921721,
  "rankedcount": 52178,
  "replaycount": 13167038,
  "gamesplayed": 613163467,
  "gamesplayed_delta": 5.326394467535189,
  "gamesfinished": 476908251,
  "gametime": 107870626826.82799,
  "inputs": 380472977329,
  "piecesplaced": 87423679707
}
