{
  "usercount": 5815419,
  "usercount_delta": 0.20731007208011737,
  "anoncount": 4148345,
  "rankedcount": 41741,
  "replaycount": 10234306,
  "gamesplayed": 397615322,
  "gamesplayed_delta": 4.4172992281686545,
  "gamesfinished": 308807130,
  "gametime": 68446974239.797005,
  "inputs": 236554183249,
  "piecesplaced": 53875237558
}
