{
  "usercount": 8147800,
  "usercount_delta": 0.360976834703999,
  "anoncount": 6017620,
  "totalaccounts": 13668171,
  "rankedcount": 49926,
  "replaycount": 10951866,
  "gamesplayed": 538029340,
  "gamesplayed_delta": 4.881034590997552,
  "gamesfinished": 419356757,
  "gametime": 93964161383.44774,
  "inputs": 329400667200,
  "piecesplaced": 75495880628
}
