{
  "usercount": 6494254,
  "usercount_delta": 0.17431472523641436,
  "anoncount": 5195231,
  "rankedcount": 48274,
  "replaycount": 7538977,
  "gamesplayed": 284828409,
  "gamesplayed_delta": 4.0382911346435995,
  "gamesfinished": 221999922,
  "gametime": 48655364611.88152,
  "inputs": 165396268004,
  "piecesplaced": 37364742472
}
