{
  "usercount": 8892316,
  "usercount_delta": 0.13471382933682305,
  "anoncount": 6842022,
  "totalaccounts": 12859984,
  "rankedcount": 47234,
  "replaycount": 11454844,
  "gamesplayed": 512866463,
  "gamesplayed_delta": 4.96516685270005,
  "gamesfinished": 399797281,
  "gametime": 89438597202.99512,
  "inputs": 312838819055,
  "piecesplaced": 71635299645
}
