{
  "usercount": 4280809,
  "usercount_delta": 0.6525995214270176,
  "anoncount": 3329140,
  "rankedcount": 39763,
  "replaycount": 5071785,
  "gamesplayed": 193195859,
  "gamesplayed_delta": 7.336800680285561,
  "gamesfinished": 151018985,
  "gametime": 32507873721.998734,
  "inputs": 109370302339,
  "piecesplaced": 24562789369
}
