{
  "usercount": 3023219,
  "usercount_delta": 0.09169544884922212,
  "anoncount": 2282943,
  "rankedcount": 30400,
  "replaycount": 4412364,
  "gamesplayed": 142648487,
  "gamesplayed_delta": 4.156860347831403,
  "gamesfinished": 110847112,
  "gametime": 23476794478.489277,
  "inputs": 78735758318,
  "piecesplaced": 17614753457
}
