{
  "usercount": 1107349,
  "usercount_delta": 0.04755940962919514,
  "anoncount": 775114,
  "rankedcount": 16054,
  "replaycount": 1850189,
  "gamesplayed": 56409415,
  "gamesplayed_delta": 2.2669985256583014,
  "gamesfinished": 40543610,
  "gametime": 8115074291.273952,
  "inputs": 28499921079,
  "piecesplaced": 6321731224
}
