{
  "usercount": 748468,
  "usercount_delta": 0.03671071953010279,
  "anoncount": 497701,
  "rankedcount": 13740,
  "replaycount": 1283663,
  "gamesplayed": 40161275,
  "gamesplayed_delta": 2.0558002936857562,
  "gamesfinished": 28040683,
  "gametime": 5530779407.164969,
  "inputs": 20094701609,
  "piecesplaced": 4405347702
}
