{
  "usercount": 5875954,
  "usercount_delta": 0.18519142058655172,
  "anoncount": 4193025,
  "rankedcount": 41812,
  "replaycount": 10346632,
  "gamesplayed": 402323948,
  "gamesplayed_delta": 4.006868918145392,
  "gamesfinished": 312495697,
  "gametime": 69262417757.04198,
  "inputs": 239477230951,
  "piecesplaced": 54556384248
}
