{
  "usercount": 9155154,
  "usercount_delta": 0.18129079042784627,
  "anoncount": 6785415,
  "totalaccounts": 15906185,
  "rankedcount": 52062,
  "replaycount": 13151303,
  "gamesplayed": 612589247,
  "gamesplayed_delta": 4.5981936844881,
  "gamesfinished": 476464945,
  "gametime": 107763435047.67473,
  "inputs": 380076933459,
  "piecesplaced": 87331513251
}
