{
  "usercount": 812058,
  "usercount_delta": 0.0150595605620228,
  "anoncount": 547703,
  "rankedcount": 13963,
  "replaycount": 1403968,
  "gamesplayed": 43172478,
  "gamesplayed_delta": 1.4607773745162116,
  "gamesfinished": 30325760,
  "gametime": 6008112431.669184,
  "inputs": 21660249998,
  "piecesplaced": 4763594241
}
