{
  "usercount": 6163543,
  "usercount_delta": 0.13123790150595493,
  "anoncount": 4430900,
  "rankedcount": 45298,
  "replaycount": 10710570,
  "gamesplayed": 416671241,
  "gamesplayed_delta": 3.4778043899078055,
  "gamesfinished": 323962841,
  "gametime": 71774856351.64107,
  "inputs": 248418550442,
  "piecesplaced": 56629382351
}
