{
  "usercount": 2105311,
  "usercount_delta": 0.1714089818306479,
  "anoncount": 1548865,
  "rankedcount": 31924,
  "replaycount": 3248920,
  "gamesplayed": 98124652,
  "gamesplayed_delta": 5.531835322716364,
  "gamesfinished": 74684794,
  "gametime": 15446985248.119766,
  "inputs": 51989178136,
  "piecesplaced": 11559234366
}
