{
  "usercount": 6625993,
  "usercount_delta": 0.08715862870424172,
  "anoncount": 5306897,
  "rankedcount": 47533,
  "replaycount": 7694641,
  "gamesplayed": 291033940,
  "gamesplayed_delta": 5.244044160371876,
  "gamesfinished": 226742135,
  "gametime": 49764467471.74822,
  "inputs": 169335057686,
  "piecesplaced": 38274041730
}
