{
  "usercount": 1029361,
  "usercount_delta": 0.03868995802139555,
  "anoncount": 714882,
  "rankedcount": 15300,
  "replaycount": 1741124,
  "gamesplayed": 53060715,
  "gamesplayed_delta": 3.346681368850715,
  "gamesfinished": 37936177,
  "gametime": 7573316327.358058,
  "inputs": 26744109863,
  "piecesplaced": 5922206232
}
