{
  "usercount": 1042386,
  "usercount_delta": 0.018934373461582155,
  "anoncount": 724929,
  "rankedcount": 15501,
  "replaycount": 1759411,
  "gamesplayed": 53635824,
  "gamesplayed_delta": 1.5336842503881547,
  "gamesfinished": 38378655,
  "gametime": 7665584063.779848,
  "inputs": 27047895194,
  "piecesplaced": 5991615210
}
