{
  "usercount": 7915398,
  "usercount_delta": 0.2605803277180827,
  "anoncount": 6429274,
  "rankedcount": 39483,
  "replaycount": 8906450,
  "gamesplayed": 342625618,
  "gamesplayed_delta": 3.8167353883413293,
  "gamesfinished": 265799075,
  "gametime": 58751311184.547966,
  "inputs": 201715049110,
  "piecesplaced": 45812987022
}
