{
  "usercount": 5587903,
  "usercount_delta": 0.162638649448655,
  "anoncount": 4427625,
  "rankedcount": 43509,
  "replaycount": 6538062,
  "gamesplayed": 247955497,
  "gamesplayed_delta": 4.261132615554761,
  "gamesfinished": 193302149,
  "gametime": 42150339111.10184,
  "inputs": 142743757444,
  "piecesplaced": 32191600036
}
