{
  "usercount": 1122746,
  "usercount_delta": 0.08839075786235791,
  "anoncount": 787171,
  "rankedcount": 16109,
  "replaycount": 1872834,
  "gamesplayed": 57103181,
  "gamesplayed_delta": 1.8385277635370445,
  "gamesfinished": 41088895,
  "gametime": 8227808587.65109,
  "inputs": 28864199428,
  "piecesplaced": 6404646790
}
