{
  "usercount": 5763891,
  "usercount_delta": 0.08580597552813578,
  "anoncount": 4135524,
  "rankedcount": 42221,
  "replaycount": 9955373,
  "gamesplayed": 385932565,
  "gamesplayed_delta": 4.187331605773026,
  "gamesfinished": 299700600,
  "gametime": 66414064901.47074,
  "inputs": 229208386131,
  "piecesplaced": 52168111616
}
