{
  "usercount": 753513,
  "usercount_delta": 0.06859298636714396,
  "anoncount": 501648,
  "rankedcount": 13796,
  "replaycount": 1294755,
  "gamesplayed": 40390368,
  "gamesplayed_delta": 2.8123124410529026,
  "gamesfinished": 28214063,
  "gametime": 5567175866.173883,
  "inputs": 20212710502,
  "piecesplaced": 4432068444
}
