{
  "usercount": 9622516,
  "usercount_delta": 0.3979073023358632,
  "anoncount": 7143527,
  "totalaccounts": 16975412,
  "rankedcount": 49659,
  "replaycount": 14125736,
  "gamesplayed": 651304007,
  "gamesplayed_delta": 4.141183405791762,
  "gamesfinished": 505884504,
  "gametime": 114955809908.30861,
  "inputs": 406810839117,
  "piecesplaced": 93598080021
}
