{
  "usercount": 758911,
  "usercount_delta": 0.046475600309837335,
  "anoncount": 505915,
  "rankedcount": 13863,
  "replaycount": 1305978,
  "gamesplayed": 40649482,
  "gamesplayed_delta": 2.1378776142525173,
  "gamesfinished": 28412781,
  "gametime": 5608655384.531532,
  "inputs": 20347871406,
  "piecesplaced": 4462879147
}
