{
  "usercount": 821928,
  "usercount_delta": 0.016883051104995696,
  "anoncount": 555442,
  "rankedcount": 14001,
  "replaycount": 1421269,
  "gamesplayed": 43644201,
  "gamesplayed_delta": 3.697388191994057,
  "gamesfinished": 30685859,
  "gametime": 6082175669.0728035,
  "inputs": 21901821062,
  "piecesplaced": 4818811046
}
