{
  "usercount": 785889,
  "usercount_delta": 0.03547042653187905,
  "anoncount": 527114,
  "rankedcount": 13980,
  "replaycount": 1360068,
  "gamesplayed": 41996423,
  "gamesplayed_delta": 1.1705240755520085,
  "gamesfinished": 29432377,
  "gametime": 5821912331.554197,
  "inputs": 21054230279,
  "piecesplaced": 4624663647
}
