{
  "usercount": 1109421,
  "usercount_delta": 0.056883899960181276,
  "anoncount": 776688,
  "rankedcount": 15961,
  "replaycount": 1853297,
  "gamesplayed": 56499895,
  "gamesplayed_delta": 3.887066497279054,
  "gamesfinished": 40615426,
  "gametime": 8129758502.046156,
  "inputs": 28547058344,
  "piecesplaced": 6332417100
}
