{
  "usercount": 1221287,
  "usercount_delta": 0,
  "anoncount": 862448,
  "rankedcount": 17124,
  "replaycount": 1996485,
  "gamesplayed": 60696414,
  "gamesplayed_delta": 2.2827075232623373,
  "gamesfinished": 43970009,
  "gametime": 8820170586.062237,
  "inputs": 30720752350,
  "piecesplaced": 6822003110
}
