{
  "usercount": 8433778,
  "usercount_delta": 0.19692087361260294,
  "anoncount": 6274059,
  "totalaccounts": 13960717,
  "rankedcount": 51540,
  "replaycount": 11278726,
  "gamesplayed": 547750979,
  "gamesplayed_delta": 4.493376297887576,
  "gamesfinished": 426838183,
  "gametime": 95738790751.76541,
  "inputs": 335920875411,
  "piecesplaced": 77019421140
}
