{
  "usercount": 906658,
  "usercount_delta": 0.09369261327436945,
  "anoncount": 620937,
  "rankedcount": 14243,
  "replaycount": 1552796,
  "gamesplayed": 47479956,
  "gamesplayed_delta": 3.8601356669040214,
  "gamesfinished": 33638833,
  "gametime": 6688084770.444436,
  "inputs": 23863776176,
  "piecesplaced": 5266051543
}
