{
  "usercount": 751748,
  "usercount_delta": 0.11013822347045543,
  "anoncount": 500259,
  "rankedcount": 13726,
  "replaycount": 1290646,
  "gamesplayed": 40305519,
  "gamesplayed_delta": 3.524423151054574,
  "gamesfinished": 28149199,
  "gametime": 5553920967.295984,
  "inputs": 20169102330,
  "piecesplaced": 4422218408
}
