{
  "usercount": 870841,
  "usercount_delta": 0.019868470723808387,
  "anoncount": 593453,
  "rankedcount": 14289,
  "replaycount": 1498810,
  "gamesplayed": 45892562,
  "gamesplayed_delta": 2.4040849575808148,
  "gamesfinished": 32409417,
  "gametime": 6437115109.924717,
  "inputs": 23050994335,
  "piecesplaced": 5080867923
}
