{
  "usercount": 1026019,
  "usercount_delta": 0.014607923337618324,
  "anoncount": 712315,
  "rankedcount": 15319,
  "replaycount": 1735658,
  "gamesplayed": 52885723,
  "gamesplayed_delta": 1.709127030501344,
  "gamesfinished": 37803040,
  "gametime": 7545295286.298053,
  "inputs": 26652202417,
  "piecesplaced": 5901169046
}
