{
  "usercount": 7022880,
  "usercount_delta": 0.04622211265869592,
  "anoncount": 5643721,
  "rankedcount": 42776,
  "replaycount": 8145510,
  "gamesplayed": 309999241,
  "gamesplayed_delta": 3.8056206088992974,
  "gamesfinished": 241025234,
  "gametime": 53119634534.16606,
  "inputs": 181407686676,
  "piecesplaced": 41085389502
}
