{
  "usercount": 7635460,
  "usercount_delta": 0.25748862758561497,
  "anoncount": 5726142,
  "totalaccounts": 11571338,
  "rankedcount": 55834,
  "replaycount": 10281728,
  "gamesplayed": 468920362,
  "gamesplayed_delta": 4.8493691528624145,
  "gamesfinished": 365632990,
  "gametime": 81403098218.38522,
  "inputs": 283167623981,
  "piecesplaced": 64688155843
}
