{
  "usercount": 1026625,
  "usercount_delta": 0.08764882039295888,
  "anoncount": 712782,
  "rankedcount": 15357,
  "replaycount": 1736958,
  "gamesplayed": 52920325,
  "gamesplayed_delta": 1.8990577751807758,
  "gamesfinished": 37828706,
  "gametime": 7550730162.780745,
  "inputs": 26670603313,
  "piecesplaced": 5905391961
}
