{
  "usercount": 8168070,
  "usercount_delta": 0.23532180256500765,
  "anoncount": 6192492,
  "totalaccounts": 12118530,
  "rankedcount": 45048,
  "replaycount": 10846723,
  "gamesplayed": 490077806,
  "gamesplayed_delta": 3.843589441895125,
  "gamesfinished": 382016089,
  "gametime": 85341699218.21153,
  "inputs": 297835634952,
  "piecesplaced": 68134324116
}
