{
  "usercount": 889273,
  "usercount_delta": 0.0168827660723933,
  "anoncount": 607685,
  "rankedcount": 14217,
  "replaycount": 1527475,
  "gamesplayed": 46735038,
  "gamesplayed_delta": 3.140194489465154,
  "gamesfinished": 33062414,
  "gametime": 6569662199.106963,
  "inputs": 23480193654,
  "piecesplaced": 5178677526
}
