{
  "usercount": 2888728,
  "usercount_delta": 0.06481931615621456,
  "anoncount": 2172370,
  "rankedcount": 29814,
  "replaycount": 4267472,
  "gamesplayed": 137066961,
  "gamesplayed_delta": 5.720304650785934,
  "gamesfinished": 106271947,
  "gametime": 22461951952.39315,
  "inputs": 75386501011,
  "piecesplaced": 16858374776
}
