{
  "usercount": 4247555,
  "usercount_delta": 0.15623372565357774,
  "anoncount": 3299580,
  "rankedcount": 39790,
  "replaycount": 5045549,
  "gamesplayed": 192234158,
  "gamesplayed_delta": 5.607054820678401,
  "gamesfinished": 150285262,
  "gametime": 32338914195.580822,
  "inputs": 108778422627,
  "piecesplaced": 24426663594
}
