{
  "usercount": 8739979,
  "usercount_delta": 0.07697933104961317,
  "anoncount": 6705729,
  "totalaccounts": 12703864,
  "rankedcount": 47126,
  "replaycount": 11319349,
  "gamesplayed": 507706083,
  "gamesplayed_delta": 4.61875986297679,
  "gamesfinished": 395791618,
  "gametime": 88500095191.87823,
  "inputs": 309389338826,
  "piecesplaced": 70829457877
}
