{
  "usercount": 7495546,
  "usercount_delta": 0.2879878741947708,
  "anoncount": 6056242,
  "rankedcount": 39571,
  "replaycount": 8564481,
  "gamesplayed": 328217674,
  "gamesplayed_delta": 4.926108374384237,
  "gamesfinished": 254774461,
  "gametime": 56261324043.04266,
  "inputs": 192745931684,
  "piecesplaced": 43728648700
}
