{
  "usercount": 1053542,
  "usercount_delta": 0.11606987406418665,
  "anoncount": 733485,
  "rankedcount": 15723,
  "replaycount": 1775187,
  "gamesplayed": 54091343,
  "gamesplayed_delta": 2.572882208422804,
  "gamesfinished": 38732864,
  "gametime": 7738347753.578226,
  "inputs": 27283537940,
  "piecesplaced": 6045214000
}
