{
  "usercount": 777528,
  "usercount_delta": 0,
  "anoncount": 520578,
  "rankedcount": 13967,
  "replaycount": 1344080,
  "gamesplayed": 41569489,
  "gamesplayed_delta": 1.6848751418842225,
  "gamesfinished": 29109687,
  "gametime": 5754599663.954629,
  "inputs": 20831955669,
  "piecesplaced": 4573762331
}
