{
  "usercount": 874373,
  "usercount_delta": 0.07026419336706015,
  "anoncount": 596174,
  "rankedcount": 14239,
  "replaycount": 1504484,
  "gamesplayed": 46058610,
  "gamesplayed_delta": 3.5483417650365374,
  "gamesfinished": 32538497,
  "gametime": 6463338069.830383,
  "inputs": 23135794468,
  "piecesplaced": 5100174260
}
