{
  "usercount": 1155147,
  "usercount_delta": 0.09770204783492262,
  "anoncount": 812201,
  "rankedcount": 16292,
  "replaycount": 1914071,
  "gamesplayed": 58346944,
  "gamesplayed_delta": 3.654056589026106,
  "gamesfinished": 42078014,
  "gametime": 8430149379.448793,
  "inputs": 29505497315,
  "piecesplaced": 6549397185
}
