{
  "usercount": 7148584,
  "usercount_delta": 0.17354181490030024,
  "anoncount": 5751701,
  "rankedcount": 40315,
  "replaycount": 8271961,
  "gamesplayed": 315752732,
  "gamesplayed_delta": 5.987192614060358,
  "gamesfinished": 245308673,
  "gametime": 54114567089.19076,
  "inputs": 185018650508,
  "piecesplaced": 41931169979
}
