{
  "usercount": 994606,
  "usercount_delta": 0.03052037234854265,
  "anoncount": 687943,
  "rankedcount": 14794,
  "replaycount": 1684959,
  "gamesplayed": 51362967,
  "gamesplayed_delta": 3.3114603998168777,
  "gamesfinished": 36634859,
  "gametime": 7302286496.841195,
  "inputs": 25859595782,
  "piecesplaced": 5720604512
}
