{
  "usercount": 1143655,
  "usercount_delta": 0.07574323044877863,
  "anoncount": 803479,
  "rankedcount": 16155,
  "replaycount": 1899582,
  "gamesplayed": 57909447,
  "gamesplayed_delta": 3.010793410338951,
  "gamesfinished": 41727171,
  "gametime": 8358046734.394027,
  "inputs": 29275556365,
  "piecesplaced": 6497463365
}
