{
  "usercount": 1013206,
  "usercount_delta": 0.03164156435894191,
  "anoncount": 702343,
  "rankedcount": 15095,
  "replaycount": 1716168,
  "gamesplayed": 52280168,
  "gamesplayed_delta": 2.8952031388431845,
  "gamesfinished": 37335072,
  "gametime": 7447274356.073404,
  "inputs": 26332017659,
  "piecesplaced": 5828280243
}
