{
  "usercount": 1075670,
  "usercount_delta": 0.04718687575695613,
  "anoncount": 750557,
  "rankedcount": 15744,
  "replaycount": 1806491,
  "gamesplayed": 55096647,
  "gamesplayed_delta": 2.7211098353178036,
  "gamesfinished": 39514040,
  "gametime": 7902414899.222952,
  "inputs": 27814180073,
  "piecesplaced": 6166138860
}
