{
  "usercount": 9478776,
  "usercount_delta": 0.1644171412343243,
  "anoncount": 7048219,
  "totalaccounts": 16501619,
  "rankedcount": 54014,
  "replaycount": 13688261,
  "gamesplayed": 632760158,
  "gamesplayed_delta": 4.962408262708697,
  "gamesfinished": 491951540,
  "gametime": 111500975585.25838,
  "inputs": 393773888549,
  "piecesplaced": 90519188186
}
