{
  "usercount": 3045535,
  "usercount_delta": 0.12964913702293168,
  "anoncount": 2301274,
  "rankedcount": 30482,
  "replaycount": 4437525,
  "gamesplayed": 143558683,
  "gamesplayed_delta": 4.327039948140345,
  "gamesfinished": 111585129,
  "gametime": 23641812952.019165,
  "inputs": 79286082356,
  "piecesplaced": 17738852156
}
