{
  "usercount": 1055927,
  "usercount_delta": 0.1325506532853626,
  "anoncount": 735295,
  "rankedcount": 15581,
  "replaycount": 1778486,
  "gamesplayed": 54192481,
  "gamesplayed_delta": 4.43097898125355,
  "gamesfinished": 38811462,
  "gametime": 7754792522.214192,
  "inputs": 27337122555,
  "piecesplaced": 6057342040
}
