{
  "usercount": 8279564,
  "usercount_delta": 0.2798637996175195,
  "anoncount": 6292190,
  "totalaccounts": 12232627,
  "rankedcount": 44887,
  "replaycount": 10945564,
  "gamesplayed": 493893667,
  "gamesplayed_delta": 4.135765038792233,
  "gamesfinished": 384982873,
  "gametime": 86030157012.96677,
  "inputs": 300386192583,
  "piecesplaced": 68731893731
}
