{
  "usercount": 844854,
  "usercount_delta": 0,
  "anoncount": 573188,
  "rankedcount": 14040,
  "replaycount": 1458375,
  "gamesplayed": 44717525,
  "gamesplayed_delta": 1.8643316676599584,
  "gamesfinished": 31505730,
  "gametime": 6251218670.900159,
  "inputs": 22451529164,
  "piecesplaced": 4944303718
}
