{
  "usercount": 1002854,
  "usercount_delta": 0.04568296025582458,
  "anoncount": 694277,
  "rankedcount": 14962,
  "replaycount": 1698432,
  "gamesplayed": 51759860,
  "gamesplayed_delta": 3.2587178315821532,
  "gamesfinished": 36936466,
  "gametime": 7364650947.782022,
  "inputs": 26061841623,
  "piecesplaced": 5766803086
}
