{
  "usercount": 6346030,
  "usercount_delta": 0.12841297613123806,
  "anoncount": 5069220,
  "rankedcount": 47720,
  "replaycount": 7365865,
  "gamesplayed": 278398156,
  "gamesplayed_delta": 5.8106871699385225,
  "gamesfinished": 217024669,
  "gametime": 47512664044.28725,
  "inputs": 161403077719,
  "piecesplaced": 36450429129
}
