{
  "usercount": 8650536,
  "usercount_delta": 0.1502178158329578,
  "anoncount": 6624761,
  "totalaccounts": 12612489,
  "rankedcount": 46364,
  "replaycount": 11250123,
  "gamesplayed": 505164188,
  "gamesplayed_delta": 3.8493315307195433,
  "gamesfinished": 393804076,
  "gametime": 88046725981.37512,
  "inputs": 307756935629,
  "piecesplaced": 70450261961
}
