{
  "usercount": 985973,
  "usercount_delta": 0.08763985860769477,
  "anoncount": 681245,
  "rankedcount": 14836,
  "replaycount": 1670897,
  "gamesplayed": 50941143,
  "gamesplayed_delta": 3.067395051269317,
  "gamesfinished": 36310598,
  "gametime": 7234452471.500824,
  "inputs": 25638155006,
  "piecesplaced": 5670052761
}
