{
  "usercount": 8568296,
  "usercount_delta": 0.13199142055766375,
  "anoncount": 6393498,
  "totalaccounts": 14098327,
  "rankedcount": 50440,
  "replaycount": 11428762,
  "gamesplayed": 552618335,
  "gamesplayed_delta": 5.11466754660947,
  "gamesfinished": 430562066,
  "gametime": 96649348440.95268,
  "inputs": 339313104723,
  "piecesplaced": 77816212481
}
