{
  "usercount": 1565053,
  "usercount_delta": 0.11301563382934639,
  "anoncount": 1127174,
  "rankedcount": 21806,
  "replaycount": 2479003,
  "gamesplayed": 74649114,
  "gamesplayed_delta": 3.352797136937276,
  "gamesfinished": 55242742,
  "gametime": 11186213685.309578,
  "inputs": 38203615353,
  "piecesplaced": 8501344770
}
