{
  "usercount": 9007456,
  "usercount_delta": 0.3454922355166018,
  "anoncount": 6664528,
  "totalaccounts": 15632393,
  "rankedcount": 51626,
  "replaycount": 12916878,
  "gamesplayed": 603936599,
  "gamesplayed_delta": 6.109757428083063,
  "gamesfinished": 469756009,
  "gametime": 106144805238.76028,
  "inputs": 374167646506,
  "piecesplaced": 85956079129
}
