{
  "usercount": 8657349,
  "usercount_delta": 0.28398475450265304,
  "anoncount": 6375639,
  "totalaccounts": 15008525,
  "rankedcount": 49451,
  "replaycount": 12383951,
  "gamesplayed": 584173001,
  "gamesplayed_delta": 5.664748524026605,
  "gamesfinished": 454529688,
  "gametime": 102471491994.37067,
  "inputs": 360660720796,
  "piecesplaced": 82802126460
}
