{
  "usercount": 1246591,
  "usercount_delta": 0.09511881925839027,
  "anoncount": 882051,
  "rankedcount": 17377,
  "replaycount": 2031782,
  "gamesplayed": 61704247,
  "gamesplayed_delta": 3.7096339510772207,
  "gamesfinished": 44777822,
  "gametime": 8986972212.287764,
  "inputs": 31248995652,
  "piecesplaced": 6940871609
}
