{
  "usercount": 9303430,
  "usercount_delta": 0.2043213975583593,
  "anoncount": 6907316,
  "totalaccounts": 16161030,
  "rankedcount": 53450,
  "replaycount": 13383187,
  "gamesplayed": 621126685,
  "gamesplayed_delta": 5.1080349389589825,
  "gamesfinished": 483042656,
  "gametime": 109346566105.0228,
  "inputs": 385867059852,
  "piecesplaced": 88676436568
}
