{
  "usercount": 9022552,
  "usercount_delta": 0.2505416120142072,
  "anoncount": 6676449,
  "totalaccounts": 15670257,
  "rankedcount": 51663,
  "replaycount": 12945049,
  "gamesplayed": 604980395,
  "gamesplayed_delta": 5.084520949700087,
  "gamesfinished": 470564350,
  "gametime": 106336384048.35632,
  "inputs": 374861895781,
  "piecesplaced": 86117399633
}
