{
  "usercount": 762973,
  "usercount_delta": 0.10690613641223005,
  "anoncount": 509125,
  "rankedcount": 13850,
  "replaycount": 1314675,
  "gamesplayed": 40845060,
  "gamesplayed_delta": 2.6726534103057515,
  "gamesfinished": 28562361,
  "gametime": 5639600570.435295,
  "inputs": 20449106895,
  "piecesplaced": 4486024310
}
