{
  "usercount": 8852938,
  "usercount_delta": 0.08506584096090374,
  "anoncount": 6806964,
  "totalaccounts": 12819628,
  "rankedcount": 47204,
  "replaycount": 11418677,
  "gamesplayed": 511484955,
  "gamesplayed_delta": 4.54251590731226,
  "gamesfinished": 398732097,
  "gametime": 89186084536.9918,
  "inputs": 311906534559,
  "piecesplaced": 71417305884
}
