{
  "usercount": 1176634,
  "usercount_delta": 0.09925065753560616,
  "anoncount": 828053,
  "rankedcount": 16464,
  "replaycount": 1938624,
  "gamesplayed": 59010107,
  "gamesplayed_delta": 4.284320050287,
  "gamesfinished": 42611117,
  "gametime": 8540392900.080211,
  "inputs": 29844867671,
  "piecesplaced": 6625625827
}
