{
  "usercount": 1232900,
  "usercount_delta": 0.11579243379154053,
  "anoncount": 871460,
  "rankedcount": 17322,
  "replaycount": 2012406,
  "gamesplayed": 61180378,
  "gamesplayed_delta": 4.300861826542934,
  "gamesfinished": 44356848,
  "gametime": 8899806728.753988,
  "inputs": 30973450846,
  "piecesplaced": 6878836795
}
