{
  "usercount": 9483333,
  "usercount_delta": 0.1274514489636604,
  "anoncount": 7373643,
  "totalaccounts": 13464336,
  "rankedcount": 49208,
  "replaycount": 10693440,
  "gamesplayed": 531608978,
  "gamesplayed_delta": 4.285554971403081,
  "gamesfinished": 414391455,
  "gametime": 92798969861.15866,
  "inputs": 325116270778,
  "piecesplaced": 74497788633
}
