{
  "usercount": 1020536,
  "usercount_delta": 0.0725047490610635,
  "anoncount": 708131,
  "rankedcount": 15272,
  "replaycount": 1727612,
  "gamesplayed": 52631783,
  "gamesplayed_delta": 2.52316526732501,
  "gamesfinished": 37607511,
  "gametime": 7504248902.524184,
  "inputs": 26518310749,
  "piecesplaced": 5870641400
}
