{
  "usercount": 1272579,
  "usercount_delta": 0.06616819956328988,
  "anoncount": 902198,
  "rankedcount": 17672,
  "replaycount": 2065866,
  "gamesplayed": 62701210,
  "gamesplayed_delta": 4.780652418447694,
  "gamesfinished": 45580543,
  "gametime": 9153705325.360163,
  "inputs": 31775562386,
  "piecesplaced": 7059225720
}
