{
  "usercount": 1745731,
  "usercount_delta": 0.1318761024017935,
  "anoncount": 1269058,
  "rankedcount": 24318,
  "replaycount": 2725150,
  "gamesplayed": 82531456,
  "gamesplayed_delta": 5.6212188648764485,
  "gamesfinished": 61789776,
  "gametime": 12603837865.830488,
  "inputs": 42786617897,
  "piecesplaced": 9520843748
}
