{
  "usercount": 959601,
  "usercount_delta": 0.11151646460945341,
  "anoncount": 660931,
  "rankedcount": 14636,
  "replaycount": 1631203,
  "gamesplayed": 49751520,
  "gamesplayed_delta": 2.3577766803141578,
  "gamesfinished": 35393241,
  "gametime": 7046838224.671078,
  "inputs": 25029317513,
  "piecesplaced": 5531340793
}
