{
  "usercount": 934888,
  "usercount_delta": 0.04584422133590062,
  "anoncount": 642212,
  "rankedcount": 14248,
  "replaycount": 1597421,
  "gamesplayed": 48693427,
  "gamesplayed_delta": 2.97987438683354,
  "gamesfinished": 34576836,
  "gametime": 6879231705.234127,
  "inputs": 24483042480,
  "piecesplaced": 5406818227
}
