{
  "usercount": 9232718,
  "usercount_delta": 0.2242051925922604,
  "anoncount": 6848930,
  "totalaccounts": 16042916,
  "rankedcount": 53046,
  "replaycount": 13274414,
  "gamesplayed": 617115259,
  "gamesplayed_delta": 6.561738636533488,
  "gamesfinished": 479957496,
  "gametime": 108604836262.51472,
  "inputs": 383161044483,
  "piecesplaced": 88047640875
}
