{
  "usercount": 8538779,
  "usercount_delta": 0.0340529864469114,
  "anoncount": 6293290,
  "totalaccounts": 14674359,
  "rankedcount": 49340,
  "replaycount": 12057057,
  "gamesplayed": 572683772,
  "gamesplayed_delta": 5.227133419600899,
  "gamesfinished": 445776720,
  "gametime": 100355279292.86453,
  "inputs": 352915706229,
  "piecesplaced": 80993698310
}
