{
  "usercount": 1006262,
  "usercount_delta": 0.04746159565884605,
  "anoncount": 696954,
  "rankedcount": 15148,
  "replaycount": 1704911,
  "gamesplayed": 51936655,
  "gamesplayed_delta": 2.642028825009097,
  "gamesfinished": 37070624,
  "gametime": 7393148625.172033,
  "inputs": 26154968732,
  "piecesplaced": 5788054718
}
