{
  "usercount": 813928,
  "usercount_delta": 0.0397377309755613,
  "anoncount": 549172,
  "rankedcount": 13844,
  "replaycount": 1407338,
  "gamesplayed": 43263682,
  "gamesplayed_delta": 3.159149612557123,
  "gamesfinished": 30394847,
  "gametime": 6022209257.015576,
  "inputs": 21706577303,
  "piecesplaced": 4774094639
}
