{
  "usercount": 1759103,
  "usercount_delta": 0.2260270102277222,
  "anoncount": 1279561,
  "rankedcount": 24569,
  "replaycount": 2743192,
  "gamesplayed": 83041977,
  "gamesplayed_delta": 5.650675255693055,
  "gamesfinished": 62216295,
  "gametime": 12695831407.273994,
  "inputs": 43081620488,
  "piecesplaced": 9585968744
}
