{
  "usercount": 7160162,
  "usercount_delta": 0.15212827456110994,
  "anoncount": 5761799,
  "rankedcount": 40172,
  "replaycount": 8281824,
  "gamesplayed": 316182644,
  "gamesplayed_delta": 4.031399275869413,
  "gamesfinished": 245631675,
  "gametime": 54188133520.01455,
  "inputs": 185281048831,
  "piecesplaced": 41992282354
}
