{
  "usercount": 1081600,
  "usercount_delta": 0.11360839187321303,
  "anoncount": 755174,
  "rankedcount": 15781,
  "replaycount": 1814887,
  "gamesplayed": 55344112,
  "gamesplayed_delta": 3.7112074678582925,
  "gamesfinished": 39705591,
  "gametime": 7942599735.279184,
  "inputs": 27943981130,
  "piecesplaced": 6195601183
}
