{
  "usercount": 9278062,
  "usercount_delta": 0.1195253137539486,
  "anoncount": 7187957,
  "totalaccounts": 13254591,
  "rankedcount": 47875,
  "replaycount": 11778742,
  "gamesplayed": 525217573,
  "gamesplayed_delta": 4.080935712456245,
  "gamesfinished": 409434930,
  "gametime": 91665707905.64677,
  "inputs": 320989394035,
  "piecesplaced": 73532499433
}
