{
  "usercount": 3189660,
  "usercount_delta": 0.07491338140275307,
  "anoncount": 2418967,
  "rankedcount": 31144,
  "replaycount": 3705908,
  "gamesplayed": 149997591,
  "gamesplayed_delta": 4.3824328120610545,
  "gamesfinished": 116802676,
  "gametime": 24789585115.338116,
  "inputs": 83133886910,
  "piecesplaced": 18611160936
}
