{
  "usercount": 7078385,
  "usercount_delta": 0.3125574554145983,
  "anoncount": 5234322,
  "totalaccounts": 10999549,
  "rankedcount": 58857,
  "replaycount": 9654264,
  "gamesplayed": 448209110,
  "gamesplayed_delta": 5.589262732119875,
  "gamesfinished": 349273592,
  "gametime": 77507980961.04832,
  "inputs": 268925006840,
  "piecesplaced": 61364752765
}
