{
  "usercount": 786335,
  "usercount_delta": 0.03685209412024838,
  "anoncount": 527461,
  "rankedcount": 13849,
  "replaycount": 1360977,
  "gamesplayed": 42018905,
  "gamesplayed_delta": 2.690202870778132,
  "gamesfinished": 29449061,
  "gametime": 5825466340.076897,
  "inputs": 21066130106,
  "piecesplaced": 4627390854
}
