{
  "usercount": 988210,
  "usercount_delta": 0.03052037234854265,
  "anoncount": 682988,
  "rankedcount": 14746,
  "replaycount": 1674629,
  "gamesplayed": 51053413,
  "gamesplayed_delta": 2.868915000763009,
  "gamesfinished": 36398029,
  "gametime": 7252621825.399774,
  "inputs": 25697955111,
  "piecesplaced": 5683736072
}
