{
  "usercount": 1098740,
  "usercount_delta": 0.07864231900470281,
  "anoncount": 768480,
  "rankedcount": 15957,
  "replaycount": 1838364,
  "gamesplayed": 56052059,
  "gamesplayed_delta": 3.8220167036285564,
  "gamesfinished": 40262726,
  "gametime": 8056740384.829768,
  "inputs": 28310612953,
  "piecesplaced": 6278628289
}
