{
  "usercount": 836469,
  "usercount_delta": 0.07165993063318715,
  "anoncount": 566664,
  "rankedcount": 14094,
  "replaycount": 1445128,
  "gamesplayed": 44324092,
  "gamesplayed_delta": 2.9523891420873105,
  "gamesfinished": 31205600,
  "gametime": 6189504521.505132,
  "inputs": 22250738248,
  "piecesplaced": 4898505943
}
