{
  "usercount": 786726,
  "usercount_delta": 0.03747704530974778,
  "anoncount": 527767,
  "rankedcount": 13869,
  "replaycount": 1361717,
  "gamesplayed": 42040435,
  "gamesplayed_delta": 2.8107783982310837,
  "gamesfinished": 29465501,
  "gametime": 5828803486.219484,
  "inputs": 21077085519,
  "piecesplaced": 4629915373
}
