{
  "usercount": 1159620,
  "usercount_delta": 0.0781601109873576,
  "anoncount": 815357,
  "rankedcount": 16169,
  "replaycount": 1917351,
  "gamesplayed": 58437364,
  "gamesplayed_delta": 3.9080055493678802,
  "gamesfinished": 42150712,
  "gametime": 8445523146.226453,
  "inputs": 29550753911,
  "piecesplaced": 6559497051
}
