{
  "usercount": 810788,
  "usercount_delta": 0.10541851149061775,
  "anoncount": 546706,
  "rankedcount": 13918,
  "replaycount": 1401852,
  "gamesplayed": 43113404,
  "gamesplayed_delta": 3.1625553447185326,
  "gamesfinished": 30279275,
  "gametime": 5998383286.241698,
  "inputs": 21628552131,
  "piecesplaced": 4756387279
}
