{
  "usercount": 1019092,
  "usercount_delta": 0.10156064863400927,
  "anoncount": 706986,
  "rankedcount": 15208,
  "replaycount": 1725397,
  "gamesplayed": 52559758,
  "gamesplayed_delta": 4.485595314668743,
  "gamesfinished": 37552392,
  "gametime": 7492449275.5310955,
  "inputs": 26478889522,
  "piecesplaced": 5861645958
}
