{
  "usercount": 6342078,
  "usercount_delta": 0.14453187730849526,
  "anoncount": 4583871,
  "rankedcount": 49307,
  "replaycount": 8712670,
  "gamesplayed": 423808586,
  "gamesplayed_delta": 5.49221133772282,
  "gamesfinished": 329637188,
  "gametime": 73042510689.72481,
  "inputs": 252947932690,
  "piecesplaced": 57677832480
}
