{
  "usercount": 9599447,
  "usercount_delta": 0.08527184664711099,
  "anoncount": 7130436,
  "totalaccounts": 16876436,
  "rankedcount": 51309,
  "replaycount": 14034808,
  "gamesplayed": 647295259,
  "gamesplayed_delta": 3.9225049457671055,
  "gamesfinished": 502886267,
  "gametime": 114211909763.63538,
  "inputs": 403951135837,
  "piecesplaced": 92919068112
}
