{
  "usercount": 959329,
  "usercount_delta": 0.02970488199735627,
  "anoncount": 660710,
  "rankedcount": 14631,
  "replaycount": 1630798,
  "gamesplayed": 49740693,
  "gamesplayed_delta": 2.46550520578057,
  "gamesfinished": 35384878,
  "gametime": 7045123731.524067,
  "inputs": 25023560650,
  "piecesplaced": 5530022004
}
