{
  "usercount": 8870805,
  "usercount_delta": 0.11536496530810686,
  "anoncount": 6657806,
  "totalaccounts": 14409249,
  "rankedcount": 49702,
  "replaycount": 11758818,
  "gamesplayed": 562908267,
  "gamesplayed_delta": 4.41683010036752,
  "gamesfinished": 438370206,
  "gametime": 98547389622.94054,
  "inputs": 346267356247,
  "piecesplaced": 79442027990
}
