{
  "usercount": 979172,
  "usercount_delta": 0.05751974844696679,
  "anoncount": 675980,
  "rankedcount": 14793,
  "replaycount": 1660662,
  "gamesplayed": 50623256,
  "gamesplayed_delta": 3.7579568985351637,
  "gamesfinished": 36064368,
  "gametime": 7183874868.723143,
  "inputs": 25473242663,
  "piecesplaced": 5632281627
}
