{
  "usercount": 1158856,
  "usercount_delta": 0.2708297061497688,
  "anoncount": 814820,
  "rankedcount": 16155,
  "replaycount": 1916603,
  "gamesplayed": 58415283,
  "gamesplayed_delta": 6.964192443851199,
  "gamesfinished": 42133093,
  "gametime": 8441718845.095017,
  "inputs": 29539648109,
  "piecesplaced": 6557000129
}
