{
  "usercount": 771132,
  "usercount_delta": 0.093694368968425,
  "anoncount": 515535,
  "rankedcount": 13875,
  "replaycount": 1331901,
  "gamesplayed": 41243823,
  "gamesplayed_delta": 2.39857584559168,
  "gamesfinished": 28862599,
  "gametime": 5702595267.550344,
  "inputs": 20658806811,
  "piecesplaced": 4534076370
}
