{
  "usercount": 9540077,
  "usercount_delta": 0.2046419618342741,
  "anoncount": 7092276,
  "totalaccounts": 16666223,
  "rankedcount": 53708,
  "replaycount": 13839709,
  "gamesplayed": 638838652,
  "gamesplayed_delta": 4.97962107130067,
  "gamesfinished": 496545361,
  "gametime": 112626451486.53302,
  "inputs": 397949193504,
  "piecesplaced": 91497980919
}
