{
  "usercount": 9497913,
  "usercount_delta": 0.22390733221877238,
  "anoncount": 7061605,
  "totalaccounts": 16551297,
  "rankedcount": 53823,
  "replaycount": 13740856,
  "gamesplayed": 634812932,
  "gamesplayed_delta": 4.522928110819202,
  "gamesfinished": 493493326,
  "gametime": 111882968960.80505,
  "inputs": 395197862086,
  "piecesplaced": 90852869798
}
