{
  "usercount": 6066729,
  "usercount_delta": 0.1652793220542717,
  "anoncount": 4349787,
  "rankedcount": 44021,
  "replaycount": 10592083,
  "gamesplayed": 412098680,
  "gamesplayed_delta": 4.267211587583015,
  "gamesfinished": 320314090,
  "gametime": 70957061119.89706,
  "inputs": 245480250760,
  "piecesplaced": 55947599905
}
