{
  "usercount": 8162327,
  "usercount_delta": 0.17910091341465842,
  "anoncount": 6564011,
  "rankedcount": 43338,
  "replaycount": 9742234,
  "gamesplayed": 377229729,
  "gamesplayed_delta": 2.587013193767288,
  "gamesfinished": 292925603,
  "gametime": 64860396424.93935,
  "inputs": 223574398249,
  "piecesplaced": 50867615377
}
