{
  "usercount": 1072035,
  "usercount_delta": 0.037921880925293895,
  "anoncount": 747816,
  "rankedcount": 15825,
  "replaycount": 1801226,
  "gamesplayed": 54935269,
  "gamesplayed_delta": 3.0337504740235115,
  "gamesfinished": 39388934,
  "gametime": 7876143014.954341,
  "inputs": 27730191335,
  "piecesplaced": 6147054977
}
