{
  "usercount": 5981772,
  "usercount_delta": 0.3508268350635475,
  "anoncount": 4278702,
  "rankedcount": 43131,
  "replaycount": 10489618,
  "gamesplayed": 407994123,
  "gamesplayed_delta": 5.692962732622111,
  "gamesfinished": 317036546,
  "gametime": 70242631461.71826,
  "inputs": 242941222901,
  "piecesplaced": 55358471547
}
