{
  "usercount": 791950,
  "usercount_delta": 0.015492106771599868,
  "anoncount": 532022,
  "rankedcount": 14021,
  "replaycount": 1367421,
  "gamesplayed": 42198461,
  "gamesplayed_delta": 1.9520054532215834,
  "gamesfinished": 29586482,
  "gametime": 5853732792.018636,
  "inputs": 21157485345,
  "piecesplaced": 4648343266
}
