{
  "usercount": 952190,
  "usercount_delta": 0.06412106056234171,
  "anoncount": 655270,
  "rankedcount": 14368,
  "replaycount": 1619542,
  "gamesplayed": 49406953,
  "gamesplayed_delta": 3.5587188612099645,
  "gamesfinished": 35130133,
  "gametime": 6993311287.947943,
  "inputs": 24852651915,
  "piecesplaced": 5490944888
}
