{
  "usercount": 6310376,
  "usercount_delta": 0.17374547866879372,
  "anoncount": 5039903,
  "rankedcount": 47514,
  "replaycount": 7318763,
  "gamesplayed": 276708647,
  "gamesplayed_delta": 4.8174882721801895,
  "gamesfinished": 215725143,
  "gametime": 47210892707.0238,
  "inputs": 160341684757,
  "piecesplaced": 36207118298
}
