{
  "usercount": 843110,
  "usercount_delta": 0.09169124501428856,
  "anoncount": 571820,
  "rankedcount": 13995,
  "replaycount": 1455933,
  "gamesplayed": 44643441,
  "gamesplayed_delta": 3.4384216880358207,
  "gamesfinished": 31447842,
  "gametime": 6239246240.804563,
  "inputs": 22412902082,
  "piecesplaced": 4935535061
}
