{
  "usercount": 4237783,
  "usercount_delta": 0.07381054309797612,
  "anoncount": 3291333,
  "rankedcount": 39842,
  "replaycount": 5032977,
  "gamesplayed": 191774250,
  "gamesplayed_delta": 4.192438847965043,
  "gamesfinished": 149940400,
  "gametime": 32259348816.42525,
  "inputs": 108497901232,
  "piecesplaced": 24361907898
}
