{
  "usercount": 1064389,
  "usercount_delta": 0.0390800554936788,
  "anoncount": 741914,
  "rankedcount": 15716,
  "replaycount": 1790090,
  "gamesplayed": 54559871,
  "gamesplayed_delta": 1.1528616370635247,
  "gamesfinished": 39098772,
  "gametime": 7815270011.832896,
  "inputs": 27531346463,
  "piecesplaced": 6101644187
}
