{
  "usercount": 803132,
  "usercount_delta": 0.09294976065436632,
  "anoncount": 540801,
  "rankedcount": 13919,
  "replaycount": 1387848,
  "gamesplayed": 42737541,
  "gamesplayed_delta": 3.206766742575638,
  "gamesfinished": 29996585,
  "gametime": 5939102061.537948,
  "inputs": 21436337189,
  "piecesplaced": 4712397096
}
