{
  "usercount": 9130085,
  "usercount_delta": 0.2816689826116348,
  "anoncount": 7055324,
  "totalaccounts": 13103173,
  "rankedcount": 47898,
  "replaycount": 11648272,
  "gamesplayed": 520245406,
  "gamesplayed_delta": 4.487925789612048,
  "gamesfinished": 405567167,
  "gametime": 90768531672.2498,
  "inputs": 317694747454,
  "piecesplaced": 72765763868
}
