{
  "usercount": 8332238,
  "usercount_delta": 0.19798059790140565,
  "anoncount": 6182982,
  "totalaccounts": 13856930,
  "rankedcount": 51537,
  "replaycount": 11171310,
  "gamesplayed": 544397700,
  "gamesplayed_delta": 5.361974526496403,
  "gamesfinished": 424252216,
  "gametime": 95126758912.7473,
  "inputs": 333670885148,
  "piecesplaced": 76494201618
}
