{
  "usercount": 9219323,
  "usercount_delta": 0.23246690978830983,
  "anoncount": 7135283,
  "totalaccounts": 13194467,
  "rankedcount": 47910,
  "replaycount": 11726409,
  "gamesplayed": 523188629,
  "gamesplayed_delta": 5.1142720153428165,
  "gamesfinished": 407860059,
  "gametime": 91300909545.48854,
  "inputs": 319653526013,
  "piecesplaced": 73221460770
}
