{
  "usercount": 7101952,
  "usercount_delta": 0.03457037664425354,
  "anoncount": 5711576,
  "rankedcount": 40960,
  "replaycount": 8225737,
  "gamesplayed": 313698028,
  "gamesplayed_delta": 3.37061172281472,
  "gamesfinished": 243774731,
  "gametime": 53759443002.60112,
  "inputs": 183731383435,
  "piecesplaced": 41630185785
}
