{
  "usercount": 745305,
  "usercount_delta": 0.0521331132157442,
  "anoncount": 495258,
  "rankedcount": 13768,
  "replaycount": 1275705,
  "gamesplayed": 40005126,
  "gamesplayed_delta": 3.0584759753236597,
  "gamesfinished": 27922696,
  "gametime": 5506523652.836439,
  "inputs": 20015273307,
  "piecesplaced": 4387323210
}
