{
  "usercount": 821056,
  "usercount_delta": 0.0458428202503018,
  "anoncount": 554785,
  "rankedcount": 13967,
  "replaycount": 1419821,
  "gamesplayed": 43603816,
  "gamesplayed_delta": 2.9033786158524473,
  "gamesfinished": 30654622,
  "gametime": 6075892265.179772,
  "inputs": 21880689385,
  "piecesplaced": 4813952890
}
