{
  "usercount": 915854,
  "usercount_delta": 0.07495268611688871,
  "anoncount": 627748,
  "rankedcount": 14384,
  "replaycount": 1567770,
  "gamesplayed": 47869105,
  "gamesplayed_delta": 2.510914984915772,
  "gamesfinished": 33939599,
  "gametime": 6749376962.735473,
  "inputs": 24064479672,
  "piecesplaced": 5311772018
}
