{
  "usercount": 1050751,
  "usercount_delta": 0.049626149672467416,
  "anoncount": 731377,
  "rankedcount": 15598,
  "replaycount": 1771106,
  "gamesplayed": 53970937,
  "gamesplayed_delta": 3.606166876199299,
  "gamesfinished": 38638096,
  "gametime": 7718816122.054406,
  "inputs": 27221506143,
  "piecesplaced": 6031135331
}
