{
  "usercount": 1080865,
  "usercount_delta": 0.08838763280241828,
  "anoncount": 754621,
  "rankedcount": 15934,
  "replaycount": 1814144,
  "gamesplayed": 55328088,
  "gamesplayed_delta": 2.8991143559193198,
  "gamesfinished": 39693159,
  "gametime": 7940060141.468297,
  "inputs": 27936078315,
  "piecesplaced": 6193822305
}
