{
  "usercount": 9302763,
  "usercount_delta": 0.263587090822227,
  "anoncount": 7210097,
  "totalaccounts": 13279884,
  "rankedcount": 47688,
  "replaycount": 11800450,
  "gamesplayed": 526134792,
  "gamesplayed_delta": 4.744567634800085,
  "gamesfinished": 410132139,
  "gametime": 91830369393.46567,
  "inputs": 321598276130,
  "piecesplaced": 73675862981
}
