{
  "usercount": 5799795,
  "usercount_delta": 0.1784410738908265,
  "anoncount": 4136328,
  "rankedcount": 41653,
  "replaycount": 10209606,
  "gamesplayed": 396616481,
  "gamesplayed_delta": 4.396139184037635,
  "gamesfinished": 308017703,
  "gametime": 68275324276.170494,
  "inputs": 235945635922,
  "piecesplaced": 53733971979
}
