{
  "usercount": 900843,
  "usercount_delta": 0.05621556796462167,
  "anoncount": 616768,
  "rankedcount": 14247,
  "replaycount": 1545050,
  "gamesplayed": 47264307,
  "gamesplayed_delta": 2.267361241239741,
  "gamesfinished": 33473237,
  "gametime": 6653700326.083413,
  "inputs": 23751636870,
  "piecesplaced": 5240334639
}
