{
  "usercount": 896407,
  "usercount_delta": 0.035131479562261765,
  "anoncount": 613304,
  "rankedcount": 14269,
  "replaycount": 1538660,
  "gamesplayed": 47068271,
  "gamesplayed_delta": 3.0740044616979043,
  "gamesfinished": 33318680,
  "gametime": 6622002235.133373,
  "inputs": 23649956292,
  "piecesplaced": 5217201060
}
