{
  "usercount": 1189290,
  "usercount_delta": 0.09672676623075137,
  "anoncount": 837839,
  "rankedcount": 16715,
  "replaycount": 1955295,
  "gamesplayed": 59493013,
  "gamesplayed_delta": 4.139905594676159,
  "gamesfinished": 42998437,
  "gametime": 8620094120.396173,
  "inputs": 30095120941,
  "piecesplaced": 6681905124
}
