{
  "usercount": 4164374,
  "usercount_delta": 0.09627109941595534,
  "anoncount": 3229222,
  "rankedcount": 39904,
  "replaycount": 4936680,
  "gamesplayed": 188382479,
  "gamesplayed_delta": 4.524741672549901,
  "gamesfinished": 147322250,
  "gametime": 31659563378.248177,
  "inputs": 106398248404,
  "piecesplaced": 23881455505
}
