{
  "usercount": 830881,
  "usercount_delta": 0.0602382422480912,
  "anoncount": 562376,
  "rankedcount": 14041,
  "replaycount": 1435669,
  "gamesplayed": 44053439,
  "gamesplayed_delta": 2.4396488110476935,
  "gamesfinished": 30999888,
  "gametime": 6146587704.070036,
  "inputs": 22109776578,
  "piecesplaced": 4866190305
}
