{
  "usercount": 1020681,
  "usercount_delta": 0,
  "anoncount": 708242,
  "rankedcount": 15284,
  "replaycount": 1727967,
  "gamesplayed": 52640501,
  "gamesplayed_delta": 3.609063775354815,
  "gamesfinished": 37613836,
  "gametime": 7505564170.121179,
  "inputs": 26522907715,
  "piecesplaced": 5871704247
}
