{
  "usercount": 1138963,
  "usercount_delta": 0.13233639912657977,
  "anoncount": 799877,
  "rankedcount": 16246,
  "replaycount": 1894534,
  "gamesplayed": 57751734,
  "gamesplayed_delta": 2.8617746311122874,
  "gamesfinished": 41600901,
  "gametime": 8332269562.949898,
  "inputs": 29196179803,
  "piecesplaced": 6479587682
}
