{
  "usercount": 966251,
  "usercount_delta": 0.029899388557503997,
  "anoncount": 666086,
  "rankedcount": 14501,
  "replaycount": 1641296,
  "gamesplayed": 50051809,
  "gamesplayed_delta": 2.39195108460032,
  "gamesfinished": 35622742,
  "gametime": 7093985473.570474,
  "inputs": 25182586804,
  "piecesplaced": 5566239957
}
