{
  "usercount": 952691,
  "usercount_delta": 0.08015132570292713,
  "anoncount": 655662,
  "rankedcount": 14384,
  "replaycount": 1620323,
  "gamesplayed": 49430397,
  "gamesplayed_delta": 3.5266583309287935,
  "gamesfinished": 35147859,
  "gametime": 6996875785.755167,
  "inputs": 24864390122,
  "piecesplaced": 5493645099
}
