{
  "usercount": 1067507,
  "usercount_delta": 0.07574179621669729,
  "anoncount": 744300,
  "rankedcount": 15833,
  "replaycount": 1794410,
  "gamesplayed": 54710246,
  "gamesplayed_delta": 2.7077692147469277,
  "gamesfinished": 39215497,
  "gametime": 7839874247.7376175,
  "inputs": 27611343014,
  "piecesplaced": 6119964671
}
