{
  "usercount": 777105,
  "usercount_delta": 0.10541374896468639,
  "anoncount": 520234,
  "rankedcount": 13953,
  "replaycount": 1343049,
  "gamesplayed": 41544251,
  "gamesplayed_delta": 2.9064076500263534,
  "gamesfinished": 29090448,
  "gametime": 5750821491.575384,
  "inputs": 20819236065,
  "piecesplaced": 4570881034
}
