{
  "usercount": 833871,
  "usercount_delta": 0.08441525552497847,
  "anoncount": 564675,
  "rankedcount": 13992,
  "replaycount": 1440777,
  "gamesplayed": 44202630,
  "gamesplayed_delta": 1.485708497239621,
  "gamesfinished": 31112628,
  "gametime": 6170163222.00116,
  "inputs": 22186288282,
  "piecesplaced": 4883713714
}
