{
  "usercount": 1144596,
  "usercount_delta": 0.0176772140710624,
  "anoncount": 804216,
  "rankedcount": 16201,
  "replaycount": 1900803,
  "gamesplayed": 57948441,
  "gamesplayed_delta": 2.4394555418066113,
  "gamesfinished": 41758115,
  "gametime": 8364412753.141106,
  "inputs": 29296615675,
  "piecesplaced": 6502264478
}
