{
  "usercount": 1011379,
  "usercount_delta": 0.10682130321989929,
  "anoncount": 700937,
  "rankedcount": 15225,
  "replaycount": 1712838,
  "gamesplayed": 52186125,
  "gamesplayed_delta": 4.761178086372654,
  "gamesfinished": 37262618,
  "gametime": 7432392279.820179,
  "inputs": 26283447191,
  "piecesplaced": 5817216776
}
