{
  "usercount": 9548612,
  "usercount_delta": 0.16211516071507526,
  "anoncount": 7098207,
  "totalaccounts": 16696228,
  "rankedcount": 53476,
  "replaycount": 13864282,
  "gamesplayed": 639859449,
  "gamesplayed_delta": 4.686601918853993,
  "gamesfinished": 497321907,
  "gametime": 112815586488.01791,
  "inputs": 398645649800,
  "piecesplaced": 91661407394
}
