{
  "usercount": 8033526,
  "usercount_delta": 0.19342019658525433,
  "anoncount": 6534686,
  "rankedcount": 40217,
  "replaycount": 9001849,
  "gamesplayed": 346796310,
  "gamesplayed_delta": 5.8553568602627,
  "gamesfinished": 269040932,
  "gametime": 59478090653.9401,
  "inputs": 204287344903,
  "piecesplaced": 46410417358
}
