{
  "usercount": 4229961,
  "usercount_delta": 0.0791045366451766,
  "anoncount": 3284861,
  "rankedcount": 40003,
  "replaycount": 5021255,
  "gamesplayed": 191356954,
  "gamesplayed_delta": 3.7179132223233,
  "gamesfinished": 149622391,
  "gametime": 32185921864.144955,
  "inputs": 108237802980,
  "piecesplaced": 24302065876
}
