{
  "usercount": 835604,
  "usercount_delta": 0.04584492191081634,
  "anoncount": 566018,
  "rankedcount": 14054,
  "replaycount": 1443331,
  "gamesplayed": 44281466,
  "gamesplayed_delta": 2.3992175799993887,
  "gamesfinished": 31172762,
  "gametime": 6182479796.626916,
  "inputs": 22226844013,
  "piecesplaced": 4893047171
}
