{
  "usercount": 834755,
  "usercount_delta": 0.0936908576461109,
  "anoncount": 565346,
  "rankedcount": 14014,
  "replaycount": 1441847,
  "gamesplayed": 44237304,
  "gamesplayed_delta": 2.192366068918995,
  "gamesfinished": 31138962,
  "gametime": 6175395016.399537,
  "inputs": 22203518155,
  "piecesplaced": 4887687511
}
