{
  "usercount": 1064865,
  "usercount_delta": 0.0634135514759504,
  "anoncount": 742274,
  "rankedcount": 15726,
  "replaycount": 1790630,
  "gamesplayed": 54581284,
  "gamesplayed_delta": 3.0121436951076443,
  "gamesfinished": 39116156,
  "gametime": 7819133314.234459,
  "inputs": 27542416013,
  "piecesplaced": 6104202130
}
