{
  "usercount": 1090161,
  "usercount_delta": 0.05680634716252296,
  "anoncount": 761713,
  "rankedcount": 15866,
  "replaycount": 1826356,
  "gamesplayed": 55686544,
  "gamesplayed_delta": 3.3326390335346803,
  "gamesfinished": 39977584,
  "gametime": 7998367223.291467,
  "inputs": 28121263769,
  "piecesplaced": 6235743696
}
