{
  "usercount": 1106806,
  "usercount_delta": 0.1426804908208884,
  "anoncount": 774693,
  "rankedcount": 16028,
  "replaycount": 1849021,
  "gamesplayed": 56380503,
  "gamesplayed_delta": 3.186530961666508,
  "gamesfinished": 40521290,
  "gametime": 8110307909.146261,
  "inputs": 28484531938,
  "piecesplaced": 6318226471
}
