{
  "usercount": 1171408,
  "usercount_delta": 0.09512032721392562,
  "anoncount": 824160,
  "rankedcount": 16502,
  "replaycount": 1931802,
  "gamesplayed": 58833486,
  "gamesplayed_delta": 3.456038555439297,
  "gamesfinished": 42469501,
  "gametime": 8511150729.91217,
  "inputs": 29755247736,
  "piecesplaced": 6605548446
}
