{
  "usercount": 8300563,
  "usercount_delta": 0.18551311240408128,
  "anoncount": 6154365,
  "totalaccounts": 13824553,
  "rankedcount": 51764,
  "replaycount": 11137578,
  "gamesplayed": 543383263,
  "gamesplayed_delta": 6.172527194535795,
  "gamesfinished": 423467286,
  "gametime": 94943901379.65863,
  "inputs": 333003800668,
  "piecesplaced": 76338735204
}
