{
  "usercount": 1091524,
  "usercount_delta": 0.03535630314494317,
  "anoncount": 762803,
  "rankedcount": 15927,
  "replaycount": 1828381,
  "gamesplayed": 55747307,
  "gamesplayed_delta": 2.7401134937330953,
  "gamesfinished": 40024648,
  "gametime": 8008316401.239521,
  "inputs": 28153990463,
  "piecesplaced": 6243212437
}
