{
  "usercount": 1187156,
  "usercount_delta": 0.03787161522438932,
  "anoncount": 836169,
  "rankedcount": 16648,
  "replaycount": 1952034,
  "gamesplayed": 59409029,
  "gamesplayed_delta": 2.6888846809316416,
  "gamesfinished": 42932390,
  "gametime": 8606356304.087196,
  "inputs": 30051119399,
  "piecesplaced": 6671958650
}
