{
  "usercount": 801878,
  "usercount_delta": 0.018425707547169812,
  "anoncount": 539834,
  "rankedcount": 13868,
  "replaycount": 1385369,
  "gamesplayed": 42671596,
  "gamesplayed_delta": 1.9346992924528303,
  "gamesfinished": 29947418,
  "gametime": 5928878722.706022,
  "inputs": 21403445688,
  "piecesplaced": 4704828006
}
