{
  "usercount": 4496761,
  "usercount_delta": 0.09966512517939723,
  "anoncount": 3510967,
  "rankedcount": 40695,
  "replaycount": 5324725,
  "gamesplayed": 202339581,
  "gamesplayed_delta": 4.66432785839579,
  "gamesfinished": 158076500,
  "gametime": 34130340872.713203,
  "inputs": 114996282017,
  "piecesplaced": 25850471862
}
