{
  "usercount": 7256982,
  "usercount_delta": 0.06370644072115692,
  "anoncount": 5845579,
  "rankedcount": 39424,
  "replaycount": 8370403,
  "gamesplayed": 320027454,
  "gamesplayed_delta": 3.6790469516468116,
  "gamesfinished": 248527725,
  "gametime": 54849877555.72101,
  "inputs": 187668709761,
  "piecesplaced": 42548706897
}
