{
  "usercount": 9174412,
  "usercount_delta": 0.31347962382445144,
  "anoncount": 6801054,
  "totalaccounts": 15941696,
  "rankedcount": 52279,
  "replaycount": 13182494,
  "gamesplayed": 613753123,
  "gamesplayed_delta": 5.687416032243619,
  "gamesfinished": 477368715,
  "gametime": 107979725643.16597,
  "inputs": 380869721395,
  "piecesplaced": 87515342565
}
