{
  "usercount": 965688,
  "usercount_delta": 0.044851094366702544,
  "anoncount": 665605,
  "rankedcount": 14682,
  "replaycount": 1640288,
  "gamesplayed": 50025008,
  "gamesplayed_delta": 3.827293385958617,
  "gamesfinished": 35602677,
  "gametime": 7089746269.195007,
  "inputs": 25168732362,
  "piecesplaced": 5563097798
}
