{
  "usercount": 839606,
  "usercount_delta": 0,
  "anoncount": 569087,
  "rankedcount": 14045,
  "replaycount": 1449986,
  "gamesplayed": 44475563,
  "gamesplayed_delta": 2.8632155843243337,
  "gamesfinished": 31322315,
  "gametime": 6213846181.36343,
  "inputs": 22330071723,
  "piecesplaced": 4916640826
}
