{
  "usercount": 8414851,
  "usercount_delta": 0.2768421538319568,
  "anoncount": 6865111,
  "rankedcount": 42621,
  "replaycount": 9379004,
  "gamesplayed": 362226126,
  "gamesplayed_delta": 5.752164751841769,
  "gamesfinished": 281122750,
  "gametime": 62177694065.25267,
  "inputs": 213909018487,
  "piecesplaced": 48635169781
}
