{
  "usercount": 1099018,
  "usercount_delta": 0.05862122870095357,
  "anoncount": 768696,
  "rankedcount": 15964,
  "replaycount": 1838766,
  "gamesplayed": 56063931,
  "gamesplayed_delta": 3.9667031420978582,
  "gamesfinished": 40271960,
  "gametime": 8058626585.537113,
  "inputs": 28316700531,
  "piecesplaced": 6280009711
}
