{
  "usercount": 1088740,
  "usercount_delta": 0.039081582804103565,
  "anoncount": 760616,
  "rankedcount": 15821,
  "replaycount": 1824430,
  "gamesplayed": 55624332,
  "gamesplayed_delta": 3.536883243771373,
  "gamesfinished": 39928220,
  "gametime": 7988346258.813184,
  "inputs": 28089607207,
  "piecesplaced": 6228550625
}
