{
  "usercount": 1215409,
  "usercount_delta": 0.08271298593879238,
  "anoncount": 857929,
  "rankedcount": 17088,
  "replaycount": 1987556,
  "gamesplayed": 60441528,
  "gamesplayed_delta": 2.729528535980149,
  "gamesfinished": 43763616,
  "gametime": 8776621103.446997,
  "inputs": 30581670724,
  "piecesplaced": 6790699225
}
