{
  "usercount": 994123,
  "usercount_delta": 0.043503480278422275,
  "anoncount": 687579,
  "rankedcount": 14774,
  "replaycount": 1684055,
  "gamesplayed": 51334428,
  "gamesplayed_delta": 2.5667053364269146,
  "gamesfinished": 36613650,
  "gametime": 7297831365.998601,
  "inputs": 25845182938,
  "piecesplaced": 5717320789
}
