{
  "usercount": 1066144,
  "usercount_delta": 0,
  "anoncount": 743219,
  "rankedcount": 15766,
  "replaycount": 1792260,
  "gamesplayed": 54639728,
  "gamesplayed_delta": 3.159479264883463,
  "gamesfinished": 39162389,
  "gametime": 7828646489.533793,
  "inputs": 27573034998,
  "piecesplaced": 6111200708
}
