{
  "usercount": 1138479,
  "usercount_delta": 0.03145791717130409,
  "anoncount": 799504,
  "rankedcount": 16234,
  "replaycount": 1893691,
  "gamesplayed": 57729656,
  "gamesplayed_delta": 3.0986048413734526,
  "gamesfinished": 41583912,
  "gametime": 8328858231.814871,
  "inputs": 29185439336,
  "piecesplaced": 6477190512
}
