{
  "usercount": 1174413,
  "usercount_delta": 0.1590977390443529,
  "anoncount": 826380,
  "rankedcount": 16601,
  "replaycount": 1935856,
  "gamesplayed": 58937529,
  "gamesplayed_delta": 3.5708603652176985,
  "gamesfinished": 42552741,
  "gametime": 8528499539.16542,
  "inputs": 29808524163,
  "piecesplaced": 6617489640
}
