{
  "usercount": 5741331,
  "usercount_delta": 0.18584942479603025,
  "anoncount": 4557609,
  "rankedcount": 43426,
  "replaycount": 6699425,
  "gamesplayed": 254286074,
  "gamesplayed_delta": 4.330291597747505,
  "gamesfinished": 198207132,
  "gametime": 43266386934.68983,
  "inputs": 146646432853,
  "piecesplaced": 33085709442
}
