{
  "usercount": 5771440,
  "usercount_delta": 0.07973082872223373,
  "anoncount": 4141885,
  "rankedcount": 42117,
  "replaycount": 9965357,
  "gamesplayed": 386311773,
  "gamesplayed_delta": 2.663009679322607,
  "gamesfinished": 299987228,
  "gametime": 66482668974.156364,
  "inputs": 229463883176,
  "piecesplaced": 52228041180
}
