{
  "usercount": 920217,
  "usercount_delta": 0.014331780723754925,
  "anoncount": 631043,
  "rankedcount": 14338,
  "replaycount": 1574629,
  "gamesplayed": 48053346,
  "gamesplayed_delta": 2.522393407380867,
  "gamesfinished": 34082555,
  "gametime": 6778921591.375574,
  "inputs": 24159577256,
  "piecesplaced": 5333349223
}
