{
  "usercount": 8128920,
  "usercount_delta": 0.16112573177936518,
  "anoncount": 6000469,
  "totalaccounts": 13648897,
  "rankedcount": 49911,
  "replaycount": 10932815,
  "gamesplayed": 537485920,
  "gamesplayed_delta": 7.44758938002399,
  "gamesfinished": 418928513,
  "gametime": 93866931301.0228,
  "inputs": 329050658199,
  "piecesplaced": 75414855374
}
