{
  "usercount": 9642794,
  "usercount_delta": 0.04819819096123259,
  "anoncount": 7156172,
  "totalaccounts": 17051745,
  "rankedcount": 49003,
  "replaycount": 14187919,
  "gamesplayed": 654142987,
  "gamesplayed_delta": 3.1971466670950948,
  "gamesfinished": 508038333,
  "gametime": 115484088312.01077,
  "inputs": 408806063276,
  "piecesplaced": 94069707135
}
