{
  "usercount": 812493,
  "usercount_delta": 0.05621451458766654,
  "anoncount": 548043,
  "rankedcount": 13979,
  "replaycount": 1404727,
  "gamesplayed": 43193200,
  "gamesplayed_delta": 2.304795098094328,
  "gamesfinished": 30341804,
  "gametime": 6011554914.375894,
  "inputs": 21671819720,
  "piecesplaced": 4766227368
}
