{
  "usercount": 8796772,
  "usercount_delta": 0.2799104286628279,
  "anoncount": 6490978,
  "totalaccounts": 15263511,
  "rankedcount": 50226,
  "replaycount": 12594141,
  "gamesplayed": 591846236,
  "gamesplayed_delta": 4.058701215611005,
  "gamesfinished": 460456279,
  "gametime": 103883237056.36766,
  "inputs": 365833832091,
  "piecesplaced": 84007309404
}
