{
  "usercount": 997723,
  "usercount_delta": 0.03834576375174953,
  "anoncount": 690331,
  "rankedcount": 14904,
  "replaycount": 1690005,
  "gamesplayed": 51509683,
  "gamesplayed_delta": 2.511647525739594,
  "gamesfinished": 36747338,
  "gametime": 7325083046.259447,
  "inputs": 25933179803,
  "piecesplaced": 5737359124
}
