{
  "usercount": 6714176,
  "usercount_delta": 0.13057387216817914,
  "anoncount": 4911225,
  "rankedcount": 55186,
  "replaycount": 9241927,
  "gamesplayed": 436015211,
  "gamesplayed_delta": 4.57008552588627,
  "gamesfinished": 339440823,
  "gametime": 75266922669.42194,
  "inputs": 260897032630,
  "piecesplaced": 59511285428
}
