{
  "usercount": 801571,
  "usercount_delta": 0.018737820416729126,
  "anoncount": 539604,
  "rankedcount": 13862,
  "replaycount": 1384924,
  "gamesplayed": 42657053,
  "gamesplayed_delta": 1.8363064008394543,
  "gamesfinished": 29936376,
  "gametime": 5926531019.442685,
  "inputs": 21395985294,
  "piecesplaced": 4703133371
}
