{
  "usercount": 731024,
  "usercount_delta": 0.015491146809598315,
  "anoncount": 483936,
  "rankedcount": 13427,
  "replaycount": 1238527,
  "gamesplayed": 39412912,
  "gamesplayed_delta": 1.9363933511997895,
  "gamesfinished": 27471084,
  "gametime": 5413814661.163032,
  "inputs": 19713964393,
  "piecesplaced": 4318988784
}
