{
  "usercount": 2574050,
  "usercount_delta": 0.06768304032217128,
  "anoncount": 1920944,
  "rankedcount": 29626,
  "replaycount": 3888330,
  "gamesplayed": 122448086,
  "gamesplayed_delta": 4.433239141102218,
  "gamesfinished": 94373856,
  "gametime": 19831990470.97237,
  "inputs": 66675176277,
  "piecesplaced": 14889018726
}
