{
  "usercount": 884865,
  "usercount_delta": 0.019868470723808387,
  "anoncount": 604302,
  "rankedcount": 14221,
  "replaycount": 1520805,
  "gamesplayed": 46535355,
  "gamesplayed_delta": 2.4239534283046233,
  "gamesfinished": 32908447,
  "gametime": 6538737869.009492,
  "inputs": 23380402676,
  "piecesplaced": 5155975589
}
