{
  "usercount": 1363739,
  "usercount_delta": 0.047644004002096334,
  "anoncount": 972321,
  "rankedcount": 18825,
  "replaycount": 2189434,
  "gamesplayed": 66280231,
  "gamesplayed_delta": 3.3509616148141093,
  "gamesfinished": 48481516,
  "gametime": 9761374619.92726,
  "inputs": 33682800062,
  "piecesplaced": 7487733643
}
