{
  "usercount": 8303144,
  "usercount_delta": 0.0392187622558632,
  "anoncount": 6313075,
  "totalaccounts": 12256806,
  "rankedcount": 45427,
  "replaycount": 10968694,
  "gamesplayed": 494739360,
  "gamesplayed_delta": 2.8237508824221504,
  "gamesfinished": 385641167,
  "gametime": 86184973056.74724,
  "inputs": 300957298281,
  "piecesplaced": 68866302521
}
