{
  "usercount": 924355,
  "usercount_delta": 0.075297802810114,
  "anoncount": 634177,
  "rankedcount": 14306,
  "replaycount": 1581239,
  "gamesplayed": 48239456,
  "gamesplayed_delta": 2.846256946222309,
  "gamesfinished": 34226885,
  "gametime": 6808322022.1244,
  "inputs": 24253786089,
  "piecesplaced": 5354803323
}
