{
  "usercount": 1203058,
  "usercount_delta": 0.212137818869659,
  "anoncount": 848460,
  "rankedcount": 16904,
  "replaycount": 1972186,
  "gamesplayed": 59973112,
  "gamesplayed_delta": 4.9145261371471,
  "gamesfinished": 43385427,
  "gametime": 8698492420.810198,
  "inputs": 30335838147,
  "piecesplaced": 6735496693
}
