{
  "usercount": 6789217,
  "usercount_delta": 0.21988058792686435,
  "anoncount": 5445748,
  "rankedcount": 44755,
  "replaycount": 7876738,
  "gamesplayed": 298480168,
  "gamesplayed_delta": 4.8373729343910155,
  "gamesfinished": 232385526,
  "gametime": 51091967577.6092,
  "inputs": 174070088118,
  "piecesplaced": 39371880803
}
