{
  "usercount": 1031901,
  "usercount_delta": 0.05688174285660113,
  "anoncount": 716927,
  "rankedcount": 15415,
  "replaycount": 1745002,
  "gamesplayed": 53177721,
  "gamesplayed_delta": 2.4838361047382493,
  "gamesfinished": 38025615,
  "gametime": 7592217859.701304,
  "inputs": 26807168778,
  "piecesplaced": 5936605825
}
