{
  "usercount": 2055626,
  "usercount_delta": 0.18243332891070718,
  "anoncount": 1509559,
  "rankedcount": 31027,
  "replaycount": 3176778,
  "gamesplayed": 95607620,
  "gamesplayed_delta": 5.4398301711556325,
  "gamesfinished": 72626655,
  "gametime": 14989943510.948942,
  "inputs": 50491704196,
  "piecesplaced": 11224225818
}
