{
  "usercount": 1214979,
  "usercount_delta": 0.07584376185058779,
  "anoncount": 857604,
  "rankedcount": 17074,
  "replaycount": 1986896,
  "gamesplayed": 60422274,
  "gamesplayed_delta": 2.73037542662116,
  "gamesfinished": 43748883,
  "gametime": 8773452560.821974,
  "inputs": 30571071923,
  "piecesplaced": 6788261710
}
