{
  "usercount": 1286342,
  "usercount_delta": 0.09769822970807769,
  "anoncount": 912961,
  "rankedcount": 17836,
  "replaycount": 2085229,
  "gamesplayed": 63281637,
  "gamesplayed_delta": 3.8102309586150303,
  "gamesfinished": 46044614,
  "gametime": 9250500043.659657,
  "inputs": 32087706474,
  "piecesplaced": 7129527965
}
