{
  "usercount": 9380867,
  "usercount_delta": 0.30696817763225215,
  "anoncount": 6970726,
  "totalaccounts": 16300915,
  "rankedcount": 54073,
  "replaycount": 13506688,
  "gamesplayed": 625741177,
  "gamesplayed_delta": 6.088202189706334,
  "gamesfinished": 486581801,
  "gametime": 110195859636.27266,
  "inputs": 388969748997,
  "piecesplaced": 89397172652
}
