{
  "usercount": 1115885,
  "usercount_delta": 0.1060689094348295,
  "anoncount": 781682,
  "rankedcount": 16038,
  "replaycount": 1863419,
  "gamesplayed": 56817225,
  "gamesplayed_delta": 2.2804815528488342,
  "gamesfinished": 40863257,
  "gametime": 8181411101.203914,
  "inputs": 28716400374,
  "piecesplaced": 6371138933
}
