{
  "usercount": 6596103,
  "usercount_delta": 0.07961656661518128,
  "anoncount": 5281843,
  "rankedcount": 47948,
  "replaycount": 7658396,
  "gamesplayed": 289574429,
  "gamesplayed_delta": 3.534975557714049,
  "gamesfinished": 225639540,
  "gametime": 49505245871.37565,
  "inputs": 168408577258,
  "piecesplaced": 38059314313
}
