{
  "usercount": 1086970,
  "usercount_delta": 0.11097547442015315,
  "anoncount": 759230,
  "rankedcount": 15964,
  "replaycount": 1821945,
  "gamesplayed": 55551344,
  "gamesplayed_delta": 3.1707278405758044,
  "gamesfinished": 39870040,
  "gametime": 7976567259.482375,
  "inputs": 28052469026,
  "piecesplaced": 6220144831
}
