{
  "usercount": 763231,
  "usercount_delta": 0.10951531649926469,
  "anoncount": 509328,
  "rankedcount": 13861,
  "replaycount": 1315264,
  "gamesplayed": 40856967,
  "gamesplayed_delta": 1.7835351544165963,
  "gamesfinished": 28571191,
  "gametime": 5641556677.968977,
  "inputs": 20455609892,
  "piecesplaced": 4487524346
}
