{
  "usercount": 765494,
  "usercount_delta": 0.05320752709149921,
  "anoncount": 511107,
  "rankedcount": 13981,
  "replaycount": 1320356,
  "gamesplayed": 40970453,
  "gamesplayed_delta": 1.3124523349236472,
  "gamesfinished": 28656310,
  "gametime": 5659319584.289567,
  "inputs": 20514880597,
  "piecesplaced": 4501132270
}
