{
  "usercount": 821421,
  "usercount_delta": 0,
  "anoncount": 555055,
  "rankedcount": 13983,
  "replaycount": 1420434,
  "gamesplayed": 43620358,
  "gamesplayed_delta": 1.2662288328746771,
  "gamesfinished": 30667519,
  "gametime": 6078564352.370345,
  "inputs": 21889559006,
  "piecesplaced": 4815986249
}
