{
  "usercount": 765664,
  "usercount_delta": 0.09472986201016767,
  "anoncount": 511234,
  "rankedcount": 13988,
  "replaycount": 1320665,
  "gamesplayed": 40977584,
  "gamesplayed_delta": 1.4998894818276547,
  "gamesfinished": 28662080,
  "gametime": 5660507595.054346,
  "inputs": 20518811377,
  "piecesplaced": 4502036914
}
