{
  "usercount": 1161415,
  "usercount_delta": 0.0634135514759504,
  "anoncount": 816691,
  "rankedcount": 16236,
  "replaycount": 1920028,
  "gamesplayed": 58515618,
  "gamesplayed_delta": 2.3304480167411774,
  "gamesfinished": 42213825,
  "gametime": 8458747552.090471,
  "inputs": 29592510588,
  "piecesplaced": 6568946001
}
