{
  "usercount": 923440,
  "usercount_delta": 0.11921082434285032,
  "anoncount": 633470,
  "rankedcount": 14261,
  "replaycount": 1579638,
  "gamesplayed": 48192047,
  "gamesplayed_delta": 3.4173769644950425,
  "gamesfinished": 34189472,
  "gametime": 6800758392.755287,
  "inputs": 24229059228,
  "piecesplaced": 5349192610
}
