{
  "usercount": 7344308,
  "usercount_delta": 0.1232570680224944,
  "anoncount": 5921895,
  "rankedcount": 39285,
  "replaycount": 8449118,
  "gamesplayed": 323410145,
  "gamesplayed_delta": 3.5128264386410906,
  "gamesfinished": 251092663,
  "gametime": 55433523784.462875,
  "inputs": 189779731469,
  "piecesplaced": 43040350150
}
