{
  "usercount": 743900,
  "usercount_delta": 0.019241129839144153,
  "anoncount": 494143,
  "rankedcount": 13698,
  "replaycount": 1271088,
  "gamesplayed": 39927264,
  "gamesplayed_delta": 2.0780420226275687,
  "gamesfinished": 27864529,
  "gametime": 5494319756.559762,
  "inputs": 19974861738,
  "piecesplaced": 4378106991
}
