{
  "usercount": 1393753,
  "usercount_delta": 0.0833625102119075,
  "anoncount": 995320,
  "rankedcount": 19177,
  "replaycount": 2230476,
  "gamesplayed": 67570859,
  "gamesplayed_delta": 3.66795044932393,
  "gamesfinished": 49526133,
  "gametime": 9984996454.433277,
  "inputs": 34379433441,
  "piecesplaced": 7643758972
}
