{
  "usercount": 1108025,
  "usercount_delta": 0.06616819956328988,
  "anoncount": 775626,
  "rankedcount": 16090,
  "replaycount": 1851393,
  "gamesplayed": 56440244,
  "gamesplayed_delta": 2.712896182094885,
  "gamesfinished": 40568170,
  "gametime": 8120119781.485179,
  "inputs": 28516234665,
  "piecesplaced": 6325437061
}
