{
  "usercount": 2849023,
  "usercount_delta": 0.06578298194257146,
  "anoncount": 2140407,
  "rankedcount": 29781,
  "replaycount": 4220244,
  "gamesplayed": 135282570,
  "gamesplayed_delta": 4.456797026609216,
  "gamesfinished": 104810074,
  "gametime": 22140455278.270046,
  "inputs": 74320967116,
  "piecesplaced": 16617634898
}
