{
  "usercount": 842617,
  "usercount_delta": 0.04299595837991229,
  "anoncount": 571438,
  "rankedcount": 13979,
  "replaycount": 1455166,
  "gamesplayed": 44624083,
  "gamesplayed_delta": 3.1960329062401467,
  "gamesfinished": 31433337,
  "gametime": 6236309168.650667,
  "inputs": 22403235173,
  "piecesplaced": 4933312183
}
