{
  "usercount": 1077248,
  "usercount_delta": 0.08839075786235791,
  "anoncount": 751788,
  "rankedcount": 15802,
  "replaycount": 1808685,
  "gamesplayed": 55168337,
  "gamesplayed_delta": 3.9952622553785777,
  "gamesfinished": 39570099,
  "gametime": 7914052536.732921,
  "inputs": 27851776092,
  "piecesplaced": 6174694537
}
