{
  "usercount": 1246897,
  "usercount_delta": 0.08839075786235791,
  "anoncount": 882268,
  "rankedcount": 17391,
  "replaycount": 2032255,
  "gamesplayed": 61718978,
  "gamesplayed_delta": 3.2351017377622995,
  "gamesfinished": 44789882,
  "gametime": 8989421673.16832,
  "inputs": 31256430074,
  "piecesplaced": 6942520427
}
