{
  "usercount": 7930816,
  "usercount_delta": 0.1580103338758355,
  "anoncount": 6443073,
  "rankedcount": 39487,
  "replaycount": 8918012,
  "gamesplayed": 343116541,
  "gamesplayed_delta": 5.087932750801903,
  "gamesfinished": 266181986,
  "gametime": 58836491163.89731,
  "inputs": 202013526158,
  "piecesplaced": 45881909639
}
