{
  "usercount": 1206308,
  "usercount_delta": 0.05680634716252296,
  "anoncount": 851061,
  "rankedcount": 17011,
  "replaycount": 1976323,
  "gamesplayed": 60098719,
  "gamesplayed_delta": 4.127927893810002,
  "gamesfinished": 43486994,
  "gametime": 8719412139.26874,
  "inputs": 30402346894,
  "piecesplaced": 6750474351
}
