{
  "usercount": 1085208,
  "usercount_delta": 0.06616819956328988,
  "anoncount": 757936,
  "rankedcount": 15921,
  "replaycount": 1819806,
  "gamesplayed": 55492787,
  "gamesplayed_delta": 3.0768212796929797,
  "gamesfinished": 39823423,
  "gametime": 7966722199.539316,
  "inputs": 28021382643,
  "piecesplaced": 6213131559
}
