{
  "usercount": 819857,
  "usercount_delta": 0.12225125689573497,
  "anoncount": 553833,
  "rankedcount": 13921,
  "replaycount": 1417725,
  "gamesplayed": 43542229,
  "gamesplayed_delta": 2.613120616146335,
  "gamesfinished": 30606583,
  "gametime": 6066043137.136988,
  "inputs": 21848473538,
  "piecesplaced": 4806585757
}
