{
  "usercount": 1160028,
  "usercount_delta": 0.08270614506657845,
  "anoncount": 815645,
  "rankedcount": 16177,
  "replaycount": 1917879,
  "gamesplayed": 58453534,
  "gamesplayed_delta": 3.7714002150359773,
  "gamesfinished": 42163769,
  "gametime": 8448203547.905021,
  "inputs": 29558959680,
  "piecesplaced": 6561335036
}
