{
  "usercount": 963724,
  "usercount_delta": 0.14400092160589828,
  "anoncount": 664093,
  "rankedcount": 14598,
  "replaycount": 1637400,
  "gamesplayed": 49933667,
  "gamesplayed_delta": 3.1248199988479923,
  "gamesfinished": 35533691,
  "gametime": 7075801106.23925,
  "inputs": 25122439421,
  "piecesplaced": 5552510240
}
