{
  "usercount": 881034,
  "usercount_delta": 0.0451773209848656,
  "anoncount": 601376,
  "rankedcount": 14278,
  "replaycount": 1514751,
  "gamesplayed": 46357308,
  "gamesplayed_delta": 1.7769746254047134,
  "gamesfinished": 32769634,
  "gametime": 6510422419.753378,
  "inputs": 23288768146,
  "piecesplaced": 5135069334
}
