{
  "usercount": 781941,
  "usercount_delta": 0.06196650710291088,
  "anoncount": 524049,
  "rankedcount": 13977,
  "replaycount": 1353138,
  "gamesplayed": 41805708,
  "gamesplayed_delta": 2.9434090873882663,
  "gamesfinished": 29287124,
  "gametime": 5791359506.939287,
  "inputs": 20953751003,
  "piecesplaced": 4601622674
}
