{
  "usercount": 4834835,
  "usercount_delta": 0.12963683167583384,
  "anoncount": 3791597,
  "rankedcount": 42323,
  "replaycount": 5743137,
  "gamesplayed": 217678856,
  "gamesplayed_delta": 4.481730466507399,
  "gamesfinished": 169964631,
  "gametime": 36843839606.610115,
  "inputs": 124385047915,
  "piecesplaced": 27997465134
}
