{
  "usercount": 1224901,
  "usercount_delta": 0.03145791717130409,
  "anoncount": 865217,
  "rankedcount": 17255,
  "replaycount": 2001892,
  "gamesplayed": 60855854,
  "gamesplayed_delta": 3.7120342262138823,
  "gamesfinished": 44096735,
  "gametime": 8846400493.265842,
  "inputs": 30804483142,
  "piecesplaced": 6840867190
}
