{
  "usercount": 8191099,
  "usercount_delta": 0.21135265700483094,
  "anoncount": 6674679,
  "rankedcount": 41325,
  "replaycount": 9133231,
  "gamesplayed": 352386361,
  "gamesplayed_delta": 4.755434782608696,
  "gamesfinished": 273391111,
  "gametime": 60454235364.37541,
  "inputs": 207772969060,
  "piecesplaced": 47217979589
}
