{
  "usercount": 8853142,
  "usercount_delta": 0.18128780262702507,
  "anoncount": 6538086,
  "totalaccounts": 15356938,
  "rankedcount": 50154,
  "replaycount": 12675374,
  "gamesplayed": 594866453,
  "gamesplayed_delta": 3.905928111145904,
  "gamesfinished": 462788697,
  "gametime": 104447025532.00888,
  "inputs": 367912405948,
  "piecesplaced": 84492068105
}
