{
  "usercount": 986455,
  "usercount_delta": 0.08764754002570994,
  "anoncount": 681609,
  "rankedcount": 14854,
  "replaycount": 1671547,
  "gamesplayed": 50964034,
  "gamesplayed_delta": 3.155311440925558,
  "gamesfinished": 36328601,
  "gametime": 7238098351.22583,
  "inputs": 25649939191,
  "piecesplaced": 5672764489
}
