{
  "usercount": 849081,
  "usercount_delta": 0,
  "anoncount": 576510,
  "rankedcount": 14022,
  "replaycount": 1465819,
  "gamesplayed": 44921880,
  "gamesplayed_delta": 2.510820888530795,
  "gamesfinished": 31659981,
  "gametime": 6283045366.57217,
  "inputs": 22554965566,
  "piecesplaced": 4967905247
}
