{
  "usercount": 9633018,
  "usercount_delta": 0.20956306101777794,
  "anoncount": 7148624,
  "totalaccounts": 17031065,
  "rankedcount": 49233,
  "replaycount": 14166942,
  "gamesplayed": 653245477,
  "gamesplayed_delta": 5.9376200621703745,
  "gamesfinished": 507370394,
  "gametime": 115316606526.84145,
  "inputs": 408162109987,
  "piecesplaced": 93916826987
}
