{
  "usercount": 1257374,
  "usercount_delta": 0.07815858376646216,
  "anoncount": 890460,
  "rankedcount": 17592,
  "replaycount": 2046521,
  "gamesplayed": 62129634,
  "gamesplayed_delta": 5.314783696119426,
  "gamesfinished": 45120119,
  "gametime": 9057039988.643724,
  "inputs": 31469074186,
  "piecesplaced": 6990235365
}
