{
  "usercount": 864838,
  "usercount_delta": 0,
  "anoncount": 588721,
  "rankedcount": 14059,
  "replaycount": 1490236,
  "gamesplayed": 45631779,
  "gamesplayed_delta": 2.076580226904376,
  "gamesfinished": 32207778,
  "gametime": 6394984631.064312,
  "inputs": 22917081883,
  "piecesplaced": 5050184776
}
