{
  "usercount": 8268756,
  "usercount_delta": 0.28891910265125764,
  "anoncount": 6743321,
  "rankedcount": 41646,
  "replaycount": 9203456,
  "gamesplayed": 355248733,
  "gamesplayed_delta": 6.254248810333106,
  "gamesfinished": 275633619,
  "gametime": 60953542218.989174,
  "inputs": 209557549226,
  "piecesplaced": 47630758448
}
