{
  "usercount": 1218821,
  "usercount_delta": 0.05862122870095357,
  "anoncount": 860552,
  "rankedcount": 17024,
  "replaycount": 1992962,
  "gamesplayed": 60580280,
  "gamesplayed_delta": 3.028763482882601,
  "gamesfinished": 43875271,
  "gametime": 8800253706.866589,
  "inputs": 30656630364,
  "piecesplaced": 6807532076
}
