{
  "usercount": 795265,
  "usercount_delta": 0.061967467079783116,
  "anoncount": 534630,
  "rankedcount": 13990,
  "replaycount": 1373149,
  "gamesplayed": 42350977,
  "gamesplayed_delta": 3.718048024786987,
  "gamesfinished": 29701231,
  "gametime": 5877496386.990563,
  "inputs": 21234819088,
  "piecesplaced": 4666024797
}
