{
  "usercount": 3303179,
  "usercount_delta": 0.037378985534332596,
  "anoncount": 2510711,
  "rankedcount": 31702,
  "replaycount": 3909212,
  "gamesplayed": 155548216,
  "gamesplayed_delta": 6.204911598699211,
  "gamesfinished": 121271512,
  "gametime": 25777303123.75388,
  "inputs": 86456472857,
  "piecesplaced": 19363828730
}
