{
  "usercount": 949304,
  "usercount_delta": 0.034705953806375485,
  "anoncount": 653170,
  "rankedcount": 14307,
  "replaycount": 1616530,
  "gamesplayed": 49291707,
  "gamesplayed_delta": 2.273239974317594,
  "gamesfinished": 35041582,
  "gametime": 6975126465.538645,
  "inputs": 24793516931,
  "piecesplaced": 5477389858
}
