{
  "usercount": 1067124,
  "usercount_delta": 0.03868995802139555,
  "anoncount": 743995,
  "rankedcount": 15821,
  "replaycount": 1793957,
  "gamesplayed": 54691377,
  "gamesplayed_delta": 2.224672586230244,
  "gamesfinished": 39201251,
  "gametime": 7836911677.088391,
  "inputs": 27601308157,
  "piecesplaced": 6117679300
}
