{
  "usercount": 1019670,
  "usercount_delta": 0.03051944088384301,
  "anoncount": 707428,
  "rankedcount": 15237,
  "replaycount": 1726164,
  "gamesplayed": 52585944,
  "gamesplayed_delta": 4.349020325947629,
  "gamesfinished": 37572839,
  "gametime": 7496778008.414073,
  "inputs": 26492916290,
  "piecesplaced": 5864838610
}
