{
  "usercount": 5504683,
  "usercount_delta": 0.3688853247794707,
  "anoncount": 4357019,
  "rankedcount": 43589,
  "replaycount": 6452306,
  "gamesplayed": 244682228,
  "gamesplayed_delta": 6.255012028869286,
  "gamesfinished": 190759700,
  "gametime": 41575128840.38183,
  "inputs": 140739952705,
  "piecesplaced": 31733421184
}
