{
  "usercount": 7495743,
  "usercount_delta": 0.1961053477928343,
  "anoncount": 5603731,
  "totalaccounts": 11427791,
  "rankedcount": 58707,
  "replaycount": 10119668,
  "gamesplayed": 463222034,
  "gamesplayed_delta": 4.431980860118055,
  "gamesfinished": 361203092,
  "gametime": 80324584907.36719,
  "inputs": 279168472231,
  "piecesplaced": 63750182533
}
