{
  "usercount": 7583526,
  "usercount_delta": 0.27024998123264016,
  "anoncount": 5680806,
  "totalaccounts": 11517927,
  "rankedcount": 57217,
  "replaycount": 10220037,
  "gamesplayed": 466669466,
  "gamesplayed_delta": 4.699346895878688,
  "gamesfinished": 363883361,
  "gametime": 80973956511.81693,
  "inputs": 281561267006,
  "piecesplaced": 64311789697
}
