{
  "usercount": 801419,
  "usercount_delta": 0.018738171529222178,
  "anoncount": 539487,
  "rankedcount": 13847,
  "replaycount": 1384610,
  "gamesplayed": 42650486,
  "gamesplayed_delta": 2.0424606966852177,
  "gamesfinished": 29931234,
  "gametime": 5925387963.868903,
  "inputs": 21392393857,
  "piecesplaced": 4702314209
}
