{
  "usercount": 791839,
  "usercount_delta": 0.018737820416729126,
  "anoncount": 531938,
  "rankedcount": 14016,
  "replaycount": 1367180,
  "gamesplayed": 42190903,
  "gamesplayed_delta": 1.3116474291710387,
  "gamesfinished": 29580837,
  "gametime": 5852619032.736641,
  "inputs": 21153720605,
  "piecesplaced": 4647484875
}
