{
  "usercount": 9464917,
  "usercount_delta": 0.40681118149590284,
  "anoncount": 7356936,
  "totalaccounts": 13445526,
  "rankedcount": 48586,
  "replaycount": 10669116,
  "gamesplayed": 531073941,
  "gamesplayed_delta": 5.215900505608182,
  "gamesfinished": 413969225,
  "gametime": 92704220958.25069,
  "inputs": 324775813528,
  "piecesplaced": 74418687825
}
