{
  "usercount": 1083572,
  "usercount_delta": 0.018960580952200375,
  "anoncount": 756666,
  "rankedcount": 15849,
  "replaycount": 1817348,
  "gamesplayed": 55422349,
  "gamesplayed_delta": 3.7162738666312736,
  "gamesfinished": 39768449,
  "gametime": 7955143323.845515,
  "inputs": 27983625906,
  "piecesplaced": 6204548247
}
