{
  "usercount": 7434529,
  "usercount_delta": 0.11717834544176237,
  "anoncount": 6001389,
  "rankedcount": 39143,
  "replaycount": 8521908,
  "gamesplayed": 326460406,
  "gamesplayed_delta": 3.6492684723291706,
  "gamesfinished": 253425277,
  "gametime": 55959447715.064865,
  "inputs": 191672377681,
  "piecesplaced": 43480233286
}
