{
  "usercount": 813635,
  "usercount_delta": 0,
  "anoncount": 548941,
  "rankedcount": 13838,
  "replaycount": 1406805,
  "gamesplayed": 43249958,
  "gamesplayed_delta": 2.8610597842284076,
  "gamesfinished": 30384881,
  "gametime": 6020198828.666031,
  "inputs": 21700015396,
  "piecesplaced": 4772595913
}
