{
  "usercount": 7954281,
  "usercount_delta": 0.17132088401576154,
  "anoncount": 6004957,
  "totalaccounts": 11898953,
  "rankedcount": 48726,
  "replaycount": 10626328,
  "gamesplayed": 481517042,
  "gamesplayed_delta": 4.077437039575124,
  "gamesfinished": 375400942,
  "gametime": 83768865010.25554,
  "inputs": 291974825597,
  "piecesplaced": 66755155048
}
