{
  "usercount": 1900119,
  "usercount_delta": 0.09486615965974671,
  "anoncount": 1388445,
  "rankedcount": 27674,
  "replaycount": 2941197,
  "gamesplayed": 88449431,
  "gamesplayed_delta": 5.106961595016364,
  "gamesfinished": 66715564,
  "gametime": 13681930372.957695,
  "inputs": 46247677167,
  "piecesplaced": 10283155692
}
