{
  "usercount": 1114719,
  "usercount_delta": 0.07584376185058779,
  "anoncount": 780754,
  "rankedcount": 15982,
  "replaycount": 1861685,
  "gamesplayed": 56762024,
  "gamesplayed_delta": 4.000758437618506,
  "gamesfinished": 40820305,
  "gametime": 8172406923.073378,
  "inputs": 28686277963,
  "piecesplaced": 6364212977
}
