{
  "usercount": 5957055,
  "usercount_delta": 0.6040526441031648,
  "anoncount": 4740029,
  "rankedcount": 44189,
  "replaycount": 6926382,
  "gamesplayed": 262669589,
  "gamesplayed_delta": 5.56460617598067,
  "gamesfinished": 204784148,
  "gametime": 44744908649.75898,
  "inputs": 151783942269,
  "piecesplaced": 34258146116
}
