{
  "usercount": 800162,
  "usercount_delta": 0.03747704530974778,
  "anoncount": 538518,
  "rankedcount": 13967,
  "replaycount": 1381857,
  "gamesplayed": 42582224,
  "gamesplayed_delta": 1.4616047670801635,
  "gamesfinished": 29880467,
  "gametime": 5914689869.348122,
  "inputs": 21356608014,
  "piecesplaced": 4694060963
}
