{
  "usercount": 3429558,
  "usercount_delta": 0.11264432554210081,
  "anoncount": 2616160,
  "rankedcount": 32555,
  "replaycount": 3936793,
  "gamesplayed": 160297283,
  "gamesplayed_delta": 6.026471416502393,
  "gamesfinished": 125080890,
  "gametime": 26637862343.929996,
  "inputs": 89355182512,
  "piecesplaced": 20021859995
}
