{
  "usercount": 945867,
  "usercount_delta": 0.10539443868678529,
  "anoncount": 650581,
  "rankedcount": 14202,
  "replaycount": 1612615,
  "gamesplayed": 49138571,
  "gamesplayed_delta": 3.8117655325054014,
  "gamesfinished": 34922065,
  "gametime": 6950741939.030862,
  "inputs": 24713704938,
  "piecesplaced": 5459142264
}
