{
  "usercount": 916184,
  "usercount_delta": 0.05064573309698658,
  "anoncount": 628006,
  "rankedcount": 14184,
  "replaycount": 1568215,
  "gamesplayed": 47880953,
  "gamesplayed_delta": 2.7348695872372755,
  "gamesfinished": 33948657,
  "gametime": 6751270754.187492,
  "inputs": 24070671627,
  "piecesplaced": 5313206917
}
