{
  "usercount": 1252916,
  "usercount_delta": 0.15148932947035543,
  "anoncount": 887041,
  "rankedcount": 17608,
  "replaycount": 2040137,
  "gamesplayed": 61958607,
  "gamesplayed_delta": 4.7529777121324015,
  "gamesfinished": 44983149,
  "gametime": 9028536928.710752,
  "inputs": 31380205027,
  "piecesplaced": 6970275108
}
