{
  "usercount": 6549403,
  "usercount_delta": 0.22981241561575363,
  "anoncount": 5241958,
  "rankedcount": 48094,
  "replaycount": 7605601,
  "gamesplayed": 287470690,
  "gamesplayed_delta": 7.124184884088363,
  "gamesfinished": 224028469,
  "gametime": 49129859029.442665,
  "inputs": 167081457595,
  "piecesplaced": 37753007214
}
