{
  "usercount": 1088104,
  "usercount_delta": 0.07071260628988633,
  "anoncount": 760114,
  "rankedcount": 15994,
  "replaycount": 1823536,
  "gamesplayed": 55598197,
  "gamesplayed_delta": 3.712411830219032,
  "gamesfinished": 39907163,
  "gametime": 7984176850.391367,
  "inputs": 28076282433,
  "piecesplaced": 6225526710
}
