{
  "usercount": 890406,
  "usercount_delta": 0.03056234718826406,
  "anoncount": 608593,
  "rankedcount": 14260,
  "replaycount": 1529378,
  "gamesplayed": 46790336,
  "gamesplayed_delta": 2.7200488997555015,
  "gamesfinished": 33104516,
  "gametime": 6578119448.241317,
  "inputs": 23507897085,
  "piecesplaced": 5184946193
}
