{
  "usercount": 835710,
  "usercount_delta": 0,
  "anoncount": 566101,
  "rankedcount": 14062,
  "replaycount": 1443654,
  "gamesplayed": 44289188,
  "gamesplayed_delta": 1.635085574572127,
  "gamesfinished": 31178544,
  "gametime": 6183740299.360219,
  "inputs": 22231137991,
  "piecesplaced": 4894032908
}
