{
  "usercount": 1217054,
  "usercount_delta": 0.15168752370117558,
  "anoncount": 859208,
  "rankedcount": 17159,
  "replaycount": 1990439,
  "gamesplayed": 60511055,
  "gamesplayed_delta": 2.180508153204399,
  "gamesfinished": 43819772,
  "gametime": 8788636169.048203,
  "inputs": 30620220519,
  "piecesplaced": 6799383234
}
