{
  "usercount": 998367,
  "usercount_delta": 0.07303428229210791,
  "anoncount": 690845,
  "rankedcount": 14928,
  "replaycount": 1691003,
  "gamesplayed": 51536306,
  "gamesplayed_delta": 3.2427221337695915,
  "gamesfinished": 36767080,
  "gametime": 7329210525.294706,
  "inputs": 25946934925,
  "piecesplaced": 5740533424
}
