{
  "usercount": 1211110,
  "usercount_delta": 0.26738809021988735,
  "anoncount": 854674,
  "rankedcount": 16932,
  "replaycount": 1982264,
  "gamesplayed": 60264433,
  "gamesplayed_delta": 4.120922331624146,
  "gamesfinished": 43621665,
  "gametime": 8746980640.8245,
  "inputs": 30487392541,
  "piecesplaced": 6769407895
}
