{
  "usercount": 1132918,
  "usercount_delta": 0.08838763280241828,
  "anoncount": 795099,
  "rankedcount": 16249,
  "replaycount": 1886875,
  "gamesplayed": 57514924,
  "gamesplayed_delta": 3.0228570418427054,
  "gamesfinished": 41412237,
  "gametime": 8293791802.213041,
  "inputs": 29073538765,
  "piecesplaced": 6451966915
}
