{
  "usercount": 7440278,
  "usercount_delta": 0.10510037085416574,
  "anoncount": 5554345,
  "totalaccounts": 11370920,
  "rankedcount": 59309,
  "replaycount": 10060439,
  "gamesplayed": 461199066,
  "gamesplayed_delta": 4.369172559794604,
  "gamesfinished": 359612171,
  "gametime": 79944169120.73314,
  "inputs": 277770435350,
  "piecesplaced": 63422626871
}
