{
  "usercount": 1157745,
  "usercount_delta": 0.03535630314494317,
  "anoncount": 814058,
  "rankedcount": 16145,
  "replaycount": 1916091,
  "gamesplayed": 58401339,
  "gamesplayed_delta": 2.7401134937330953,
  "gamesfinished": 42121694,
  "gametime": 8439265399.501108,
  "inputs": 29532265003,
  "piecesplaced": 6555358198
}
