{
  "usercount": 744969,
  "usercount_delta": 0.052132207277656134,
  "anoncount": 494993,
  "rankedcount": 13750,
  "replaycount": 1274816,
  "gamesplayed": 39988171,
  "gamesplayed_delta": 1.7203628401626525,
  "gamesfinished": 27910310,
  "gametime": 5503856188.122624,
  "inputs": 20006523392,
  "piecesplaced": 4385331894
}
