{
  "usercount": 1251438,
  "usercount_delta": 0.08270888127967181,
  "anoncount": 885869,
  "rankedcount": 17547,
  "replaycount": 2038037,
  "gamesplayed": 61901337,
  "gamesplayed_delta": 2.051180255735861,
  "gamesfinished": 44937970,
  "gametime": 9019250893.974583,
  "inputs": 31350580320,
  "piecesplaced": 6963646546
}
