{
  "usercount": 8589658,
  "usercount_delta": 0.32373435283961277,
  "anoncount": 6570657,
  "totalaccounts": 12549998,
  "rankedcount": 45885,
  "replaycount": 11195170,
  "gamesplayed": 503156759,
  "gamesplayed_delta": 5.503483998273417,
  "gamesfinished": 392227144,
  "gametime": 87685705915.90187,
  "inputs": 306441824533,
  "piecesplaced": 70144492320
}
