{
  "usercount": 6014841,
  "usercount_delta": 0.17963354756297156,
  "anoncount": 4305455,
  "rankedcount": 43212,
  "replaycount": 10537514,
  "gamesplayed": 409908224,
  "gamesplayed_delta": 3.9120194802602692,
  "gamesfinished": 318544839,
  "gametime": 70577581565.22504,
  "inputs": 244148143168,
  "piecesplaced": 55639981494
}
