{
  "usercount": 1256279,
  "usercount_delta": 0.17410481109627995,
  "anoncount": 889613,
  "rankedcount": 17546,
  "replaycount": 2045270,
  "gamesplayed": 62090557,
  "gamesplayed_delta": 4.0431006132358345,
  "gamesfinished": 45087469,
  "gametime": 9050473003.029808,
  "inputs": 31448533082,
  "piecesplaced": 6985614359
}
