{
  "usercount": 8344599,
  "usercount_delta": 0.2691451948611211,
  "anoncount": 6349933,
  "totalaccounts": 12299312,
  "rankedcount": 45305,
  "replaycount": 11003634,
  "gamesplayed": 496026498,
  "gamesplayed_delta": 5.3829038972224215,
  "gamesfinished": 386646448,
  "gametime": 86418405863.22124,
  "inputs": 301820268202,
  "piecesplaced": 69068447932
}
