{
  "usercount": 793201,
  "usercount_delta": 0.01873711823121604,
  "anoncount": 533029,
  "rankedcount": 13917,
  "replaycount": 1369588,
  "gamesplayed": 42256517,
  "gamesplayed_delta": 2.848041971144838,
  "gamesfinished": 29629297,
  "gametime": 5862533513.623299,
  "inputs": 21186256794,
  "piecesplaced": 4654879780
}
