{
  "usercount": 796471,
  "usercount_delta": 0.04517800132522137,
  "anoncount": 535598,
  "rankedcount": 14052,
  "replaycount": 1375822,
  "gamesplayed": 42417924,
  "gamesplayed_delta": 1.7017047165833386,
  "gamesfinished": 29752255,
  "gametime": 5888140971.934217,
  "inputs": 21270356847,
  "piecesplaced": 4674222891
}
