{
  "usercount": 8321040,
  "usercount_delta": 0.1231476540371906,
  "anoncount": 6726858,
  "rankedcount": 43122,
  "replaycount": 9713939,
  "gamesplayed": 375968073,
  "gamesplayed_delta": 4.84380772546283,
  "gamesfinished": 291936300,
  "gametime": 64633564759.13852,
  "inputs": 222747578427,
  "piecesplaced": 50675420949
}
