{
  "usercount": 814292,
  "usercount_delta": 0.06753220441998278,
  "anoncount": 549455,
  "rankedcount": 13862,
  "replaycount": 1407838,
  "gamesplayed": 43279528,
  "gamesplayed_delta": 3.0389491988992248,
  "gamesfinished": 30406989,
  "gametime": 6024633642.950814,
  "inputs": 21714680547,
  "piecesplaced": 4775964072
}
