{
  "usercount": 2367449,
  "usercount_delta": 0.08780402142418123,
  "anoncount": 1757320,
  "rankedcount": 32159,
  "replaycount": 3613619,
  "gamesplayed": 111681847,
  "gamesplayed_delta": 5.795065413995961,
  "gamesfinished": 85686277,
  "gametime": 17896399213.627655,
  "inputs": 60184334795,
  "piecesplaced": 13413089561
}
