{
  "usercount": 818126,
  "usercount_delta": 0.05732876614163072,
  "anoncount": 552454,
  "rankedcount": 13850,
  "replaycount": 1414990,
  "gamesplayed": 43466772,
  "gamesplayed_delta": 2.995428030900205,
  "gamesfinished": 30549275,
  "gametime": 6054057010.043297,
  "inputs": 21810637639,
  "piecesplaced": 4797933864
}
