{
  "usercount": 8948133,
  "usercount_delta": 0.192789666473877,
  "anoncount": 6615317,
  "totalaccounts": 15533353,
  "rankedcount": 50774,
  "replaycount": 12830952,
  "gamesplayed": 600731759,
  "gamesplayed_delta": 5.430242272347535,
  "gamesfinished": 467299789,
  "gametime": 105551171765.5518,
  "inputs": 371985705910,
  "piecesplaced": 85447127100
}
