{
  "usercount": 768896,
  "usercount_delta": 0.07370554634236226,
  "anoncount": 513778,
  "rankedcount": 13947,
  "replaycount": 1327116,
  "gamesplayed": 41125823,
  "gamesplayed_delta": 3.1140593329648056,
  "gamesfinished": 28773251,
  "gametime": 5683879133.374732,
  "inputs": 20596625898,
  "piecesplaced": 4519869054
}
