{
  "usercount": 1225899,
  "usercount_delta": 0.03869370066553165,
  "anoncount": 865985,
  "rankedcount": 17293,
  "replaycount": 2002896,
  "gamesplayed": 60894105,
  "gamesplayed_delta": 4.140225971211887,
  "gamesfinished": 44128991,
  "gametime": 8852828231.24727,
  "inputs": 30824140353,
  "piecesplaced": 6845238405
}
