{
  "usercount": 1021617,
  "usercount_delta": 0.11503729125524859,
  "anoncount": 708989,
  "rankedcount": 15323,
  "replaycount": 1729636,
  "gamesplayed": 52690577,
  "gamesplayed_delta": 2.952623808884714,
  "gamesfinished": 37651622,
  "gametime": 7513568797.981622,
  "inputs": 26549601103,
  "piecesplaced": 5877774655
}
