{
  "usercount": 1043126,
  "usercount_delta": 0.11010097832583597,
  "anoncount": 725499,
  "rankedcount": 15537,
  "replaycount": 1760433,
  "gamesplayed": 53663382,
  "gamesplayed_delta": 2.9569977036081663,
  "gamesfinished": 38399647,
  "gametime": 7669889683.388058,
  "inputs": 27062433039,
  "piecesplaced": 5994964580
}
