{
  "usercount": 1128655,
  "usercount_delta": 0.04718613356821542,
  "anoncount": 791755,
  "rankedcount": 16094,
  "replaycount": 1880902,
  "gamesplayed": 57349202,
  "gamesplayed_delta": 2.8783541476611405,
  "gamesfinished": 41282205,
  "gametime": 8267047233.627088,
  "inputs": 28988187464,
  "piecesplaced": 6432667469
}
