{
  "usercount": 1124159,
  "usercount_delta": 0.07071385638015769,
  "anoncount": 788284,
  "rankedcount": 16141,
  "replaycount": 1874726,
  "gamesplayed": 57163443,
  "gamesplayed_delta": 2.7578403988261497,
  "gamesfinished": 41136495,
  "gametime": 8237386289.236582,
  "inputs": 28894563567,
  "piecesplaced": 6411511664
}
