{
  "usercount": 1170271,
  "usercount_delta": 0.05680849855138329,
  "anoncount": 823279,
  "rankedcount": 16473,
  "replaycount": 1930277,
  "gamesplayed": 58794202,
  "gamesplayed_delta": 2.764680262833987,
  "gamesfinished": 42438463,
  "gametime": 8504927177.58272,
  "inputs": 29734935516,
  "piecesplaced": 6600938511
}
