{
  "usercount": 6855771,
  "usercount_delta": 0.07681671531725304,
  "anoncount": 5502584,
  "rankedcount": 44872,
  "replaycount": 7951731,
  "gamesplayed": 301599019,
  "gamesplayed_delta": 5.300353356890459,
  "gamesfinished": 234742141,
  "gametime": 51639698607.46395,
  "inputs": 176029384666,
  "piecesplaced": 39826972526
}
