{
  "usercount": 9375248,
  "usercount_delta": 0.17773670085135881,
  "anoncount": 7276339,
  "totalaccounts": 13353765,
  "rankedcount": 48299,
  "replaycount": 10508413,
  "gamesplayed": 528155517,
  "gamesplayed_delta": 5.118816984519134,
  "gamesfinished": 411717732,
  "gametime": 92180686271.85011,
  "inputs": 322856892679,
  "piecesplaced": 73969467841
}
