{
  "usercount": 4222752,
  "usercount_delta": 0.05902926375750778,
  "anoncount": 3278797,
  "rankedcount": 40054,
  "replaycount": 5009148,
  "gamesplayed": 190952514,
  "gamesplayed_delta": 3.8221448282986286,
  "gamesfinished": 149314692,
  "gametime": 32113895882.237087,
  "inputs": 107979237378,
  "piecesplaced": 24242468491
}
