{
  "usercount": 1105965,
  "usercount_delta": 0.06341455681151609,
  "anoncount": 774019,
  "rankedcount": 15995,
  "replaycount": 1847743,
  "gamesplayed": 56343361,
  "gamesplayed_delta": 2.0609730963742727,
  "gamesfinished": 40492485,
  "gametime": 8104293656.37324,
  "inputs": 28464843251,
  "piecesplaced": 6313748657
}
