{
  "usercount": 947305,
  "usercount_delta": 0.08782869890565441,
  "anoncount": 651651,
  "rankedcount": 14255,
  "replaycount": 1614448,
  "gamesplayed": 49199883,
  "gamesplayed_delta": 3.2320961197280824,
  "gamesfinished": 34970641,
  "gametime": 6960603432.897489,
  "inputs": 24744906509,
  "piecesplaced": 5466266417
}
