{
  "usercount": 7841195,
  "usercount_delta": 0.11940298507462686,
  "anoncount": 6233421,
  "rankedcount": 43169,
  "replaycount": 9807278,
  "gamesplayed": 379978780,
  "gamesplayed_delta": 3.9203980099502487,
  "gamesfinished": 295092907,
  "gametime": 65353065597.87947,
  "inputs": 225351393225,
  "piecesplaced": 51276259037
}
