{
  "usercount": 1117037,
  "usercount_delta": 0.09437078280564337,
  "anoncount": 782632,
  "rankedcount": 16069,
  "replaycount": 1865062,
  "gamesplayed": 56862460,
  "gamesplayed_delta": 3.208606615391875,
  "gamesfinished": 40898826,
  "gametime": 8188810901.176364,
  "inputs": 28740477073,
  "piecesplaced": 6376613115
}
