{
  "usercount": 1037520,
  "usercount_delta": 0.037921880925293895,
  "anoncount": 721318,
  "rankedcount": 15470,
  "replaycount": 1752906,
  "gamesplayed": 53454023,
  "gamesplayed_delta": 2.6355707243079256,
  "gamesfinished": 38236252,
  "gametime": 7636050107.178219,
  "inputs": 26952501889,
  "piecesplaced": 5969878318
}
