{
  "usercount": 8379482,
  "usercount_delta": 0.07684977406166427,
  "anoncount": 6786823,
  "rankedcount": 43201,
  "replaycount": 9704151,
  "gamesplayed": 375514739,
  "gamesplayed_delta": 3.4736097875872245,
  "gamesfinished": 291574365,
  "gametime": 64550865910.88158,
  "inputs": 222449584902,
  "piecesplaced": 50606688134
}
