{
  "usercount": 5089664,
  "usercount_delta": 0.1340802097610393,
  "anoncount": 4006429,
  "rankedcount": 42278,
  "replaycount": 6066699,
  "gamesplayed": 228461460,
  "gamesplayed_delta": 6.2868720576842865,
  "gamesfinished": 178151058,
  "gametime": 38725083345.25678,
  "inputs": 130858332738,
  "piecesplaced": 29479877741
}
