{
  "usercount": 4257862,
  "usercount_delta": 0.1121369566029978,
  "anoncount": 3308261,
  "rankedcount": 39779,
  "replaycount": 5057902,
  "gamesplayed": 192707651,
  "gamesplayed_delta": 4.279893843681083,
  "gamesfinished": 150643854,
  "gametime": 32421327080.052715,
  "inputs": 109069140006,
  "piecesplaced": 24493610694
}
