{
  "usercount": 1200890,
  "usercount_delta": 0.12583166868521636,
  "anoncount": 846761,
  "rankedcount": 16845,
  "replaycount": 1969665,
  "gamesplayed": 59898076,
  "gamesplayed_delta": 3.6805763090425785,
  "gamesfinished": 43323572,
  "gametime": 8686479194.499357,
  "inputs": 30298954669,
  "piecesplaced": 6727299471
}
