{
  "usercount": 8003112,
  "usercount_delta": 0.27589589528218017,
  "anoncount": 6507343,
  "rankedcount": 40256,
  "replaycount": 8979743,
  "gamesplayed": 345828042,
  "gamesplayed_delta": 5.640538303546794,
  "gamesfinished": 268280132,
  "gametime": 59309919652.076065,
  "inputs": 203695853404,
  "piecesplaced": 46273884755
}
