{
  "usercount": 859600,
  "usercount_delta": 0.030562814223933744,
  "anoncount": 584648,
  "rankedcount": 14042,
  "replaycount": 1481861,
  "gamesplayed": 45387961,
  "gamesplayed_delta": 2.2158040312351965,
  "gamesfinished": 32018007,
  "gametime": 6356279564.364476,
  "inputs": 22791727513,
  "piecesplaced": 5021662494
}
