{
  "usercount": 1169670,
  "usercount_delta": 0.07574179621669729,
  "anoncount": 822792,
  "rankedcount": 16455,
  "replaycount": 1929654,
  "gamesplayed": 58771618,
  "gamesplayed_delta": 2.4426729279884873,
  "gamesfinished": 42419913,
  "gametime": 8501265183.437077,
  "inputs": 29723191995,
  "piecesplaced": 6598293845
}
