{
  "usercount": 1164258,
  "usercount_delta": 0.06616819956328988,
  "anoncount": 818713,
  "rankedcount": 16295,
  "replaycount": 1922751,
  "gamesplayed": 58589956,
  "gamesplayed_delta": 2.5805597829683053,
  "gamesfinished": 42274265,
  "gametime": 8471366982.2118435,
  "inputs": 29632161228,
  "piecesplaced": 6577960236
}
