{
  "usercount": 5785957,
  "usercount_delta": 0.14807258847337162,
  "anoncount": 4126711,
  "rankedcount": 41895,
  "replaycount": 10178804,
  "gamesplayed": 395264305,
  "gamesplayed_delta": 3.4714795742090456,
  "gamesfinished": 306978873,
  "gametime": 68044368728.92121,
  "inputs": 235107544609,
  "piecesplaced": 53537483646
}
