{
  "usercount": 740577,
  "usercount_delta": 0.05916197068524352,
  "anoncount": 491590,
  "rankedcount": 13724,
  "replaycount": 1262595,
  "gamesplayed": 39771830,
  "gamesplayed_delta": 2.5439647394654714,
  "gamesfinished": 27744969,
  "gametime": 5469797959.765125,
  "inputs": 19895783586,
  "piecesplaced": 4360231378
}
