{
  "usercount": 4892374,
  "usercount_delta": 0.19554165037152912,
  "anoncount": 3839955,
  "rankedcount": 42082,
  "replaycount": 5811188,
  "gamesplayed": 220166753,
  "gamesplayed_delta": 4.918624590114618,
  "gamesfinished": 171900134,
  "gametime": 37284177985.19138,
  "inputs": 125918132652,
  "piecesplaced": 28348077805
}
