{
  "usercount": 746370,
  "usercount_delta": 0.1924224056649156,
  "anoncount": 496065,
  "rankedcount": 13647,
  "replaycount": 1278306,
  "gamesplayed": 40053374,
  "gamesplayed_delta": 2.7901248821412765,
  "gamesfinished": 27957825,
  "gametime": 5513959208.060186,
  "inputs": 20039743254,
  "piecesplaced": 4392897260
}
