{
  "usercount": 6980979,
  "usercount_delta": 0.033756413718606534,
  "anoncount": 5147490,
  "totalaccounts": 10899761,
  "rankedcount": 57990,
  "replaycount": 9551365,
  "gamesplayed": 445071150,
  "gamesplayed_delta": 4.607750472589792,
  "gamesfinished": 346737703,
  "gametime": 76929166086.92845,
  "inputs": 266867184981,
  "piecesplaced": 60890556948
}
