{
  "usercount": 8625650,
  "usercount_delta": 0.1723187207058175,
  "anoncount": 6444105,
  "totalaccounts": 14157120,
  "rankedcount": 49844,
  "replaycount": 11485639,
  "gamesplayed": 554382049,
  "gamesplayed_delta": 2.9811138682106426,
  "gamesfinished": 431911447,
  "gametime": 96979691592.87303,
  "inputs": 340517393190,
  "piecesplaced": 78098265516
}
