{
  "usercount": 8709954,
  "usercount_delta": 0.2210661282478299,
  "anoncount": 6418762,
  "totalaccounts": 15105306,
  "rankedcount": 50057,
  "replaycount": 12467046,
  "gamesplayed": 587211509,
  "gamesplayed_delta": 5.05504546593371,
  "gamesfinished": 456862936,
  "gametime": 103030272007.47855,
  "inputs": 362710752681,
  "piecesplaced": 83280612102
}
