{
  "usercount": 1052766,
  "usercount_delta": 0.09672302394862073,
  "anoncount": 732893,
  "rankedcount": 15686,
  "replaycount": 1774196,
  "gamesplayed": 54057341,
  "gamesplayed_delta": 2.8243122992997254,
  "gamesfinished": 38705985,
  "gametime": 7732894194.084433,
  "inputs": 27266221891,
  "piecesplaced": 6041274294
}
