{
  "usercount": 1093122,
  "usercount_delta": 0.05862122870095357,
  "anoncount": 764027,
  "rankedcount": 15994,
  "replaycount": 1831040,
  "gamesplayed": 55819653,
  "gamesplayed_delta": 4.259809285602626,
  "gamesfinished": 40080957,
  "gametime": 8020079358.842921,
  "inputs": 28192187456,
  "piecesplaced": 6251820279
}
