{
  "usercount": 8912791,
  "usercount_delta": 0.33737649610410475,
  "anoncount": 6587698,
  "totalaccounts": 15459447,
  "rankedcount": 50969,
  "replaycount": 12764684,
  "gamesplayed": 598258069,
  "gamesplayed_delta": 5.044581894128043,
  "gamesfinished": 465397387,
  "gametime": 105086688376.46976,
  "inputs": 370272839993,
  "piecesplaced": 85046001993
}
