{
  "usercount": 925990,
  "usercount_delta": 0.04584422133590062,
  "anoncount": 635444,
  "rankedcount": 14357,
  "replaycount": 1583968,
  "gamesplayed": 48317204,
  "gamesplayed_delta": 3.346628157520745,
  "gamesfinished": 34287237,
  "gametime": 6820274213.0201845,
  "inputs": 24293095334,
  "piecesplaced": 5363720499
}
