{
  "usercount": 1242984,
  "usercount_delta": 0.09672676623075137,
  "anoncount": 879250,
  "rankedcount": 17462,
  "replaycount": 2025976,
  "gamesplayed": 61556735,
  "gamesplayed_delta": 2.6696587479687377,
  "gamesfinished": 44660590,
  "gametime": 8962529962.310184,
  "inputs": 31170733892,
  "piecesplaced": 6923211316
}
