{
  "usercount": 995958,
  "usercount_delta": 0.09492469307682572,
  "anoncount": 688963,
  "rankedcount": 14838,
  "replaycount": 1687085,
  "gamesplayed": 51423350,
  "gamesplayed_delta": 3.1641564358941907,
  "gamesfinished": 36680245,
  "gametime": 7311309301.989761,
  "inputs": 25888474070,
  "piecesplaced": 5727189973
}
