{
  "usercount": 7898689,
  "usercount_delta": 0.22271714922049,
  "anoncount": 5956684,
  "totalaccounts": 11841696,
  "rankedcount": 49621,
  "replaycount": 10561889,
  "gamesplayed": 479069460,
  "gamesplayed_delta": 4.283022100394038,
  "gamesfinished": 373527181,
  "gametime": 83309666725.75732,
  "inputs": 290254185401,
  "piecesplaced": 66349479909
}
