{
  "usercount": 763356,
  "usercount_delta": 0.0473664266767715,
  "anoncount": 509413,
  "rankedcount": 13865,
  "replaycount": 1315513,
  "gamesplayed": 40862881,
  "gamesplayed_delta": 1.7209801692560314,
  "gamesfinished": 28575649,
  "gametime": 5642531949.446533,
  "inputs": 20458853393,
  "piecesplaced": 4488276111
}
