{
  "usercount": 6766047,
  "usercount_delta": 0.28752156411730884,
  "anoncount": 5425713,
  "rankedcount": 45058,
  "replaycount": 7853231,
  "gamesplayed": 297518717,
  "gamesplayed_delta": 6.190170145113825,
  "gamesfinished": 231654225,
  "gametime": 50922406373.54538,
  "inputs": 173473161379,
  "piecesplaced": 39234071411
}
