{
  "usercount": 1989209,
  "usercount_delta": 0.1902587519025875,
  "anoncount": 1457423,
  "rankedcount": 29535,
  "replaycount": 3074411,
  "gamesplayed": 92360194,
  "gamesplayed_delta": 6.230974124809741,
  "gamesfinished": 69949981,
  "gametime": 14394769749.14005,
  "inputs": 48552235733,
  "piecesplaced": 10793144715
}
