{
  "usercount": 5696777,
  "usercount_delta": 0.03189334864214068,
  "anoncount": 4077701,
  "rankedcount": 42790,
  "replaycount": 9891631,
  "gamesplayed": 383390819,
  "gamesplayed_delta": 3.0777081439665754,
  "gamesfinished": 297734055,
  "gametime": 65963979803.665886,
  "inputs": 227579374421,
  "piecesplaced": 51790886986
}
