{
  "usercount": 1099668,
  "usercount_delta": 0.05688174285660113,
  "anoncount": 769202,
  "rankedcount": 15987,
  "replaycount": 1839614,
  "gamesplayed": 56091710,
  "gamesplayed_delta": 2.54071784759485,
  "gamesfinished": 40294263,
  "gametime": 8063312037.998065,
  "inputs": 28331767543,
  "piecesplaced": 6283409425
}
