{
  "usercount": 7706769,
  "usercount_delta": 0.1015744032503809,
  "anoncount": 6243552,
  "rankedcount": 39316,
  "replaycount": 8733095,
  "gamesplayed": 335227730,
  "gamesplayed_delta": 3.5043169121381412,
  "gamesfinished": 260148851,
  "gametime": 57473821560.41848,
  "inputs": 197112814567,
  "piecesplaced": 44742063624
}
