{
  "usercount": 6657870,
  "usercount_delta": 0.05095974180397486,
  "anoncount": 5333893,
  "rankedcount": 47095,
  "replaycount": 7731682,
  "gamesplayed": 292493630,
  "gamesplayed_delta": 3.4992356038729406,
  "gamesfinished": 227849584,
  "gametime": 50024518419.555214,
  "inputs": 170258329976,
  "piecesplaced": 38487251340
}
