{
  "usercount": 5434526,
  "usercount_delta": 0.060944022914952614,
  "anoncount": 4297320,
  "rankedcount": 43582,
  "replaycount": 6377745,
  "gamesplayed": 241974467,
  "gamesplayed_delta": 4.570801718621446,
  "gamesfinished": 188658467,
  "gametime": 41098028060.74814,
  "inputs": 139074729981,
  "piecesplaced": 31353319745
}
