{
  "usercount": 8136010,
  "usercount_delta": 0.09328938366813856,
  "anoncount": 6164102,
  "totalaccounts": 12085671,
  "rankedcount": 45418,
  "replaycount": 10817121,
  "gamesplayed": 488879918,
  "gamesplayed_delta": 2.8297779712668696,
  "gamesfinished": 381086942,
  "gametime": 85122715060.85799,
  "inputs": 297015806016,
  "piecesplaced": 67941593628
}
