{
  "usercount": 981133,
  "usercount_delta": 0.1168531448102597,
  "anoncount": 677470,
  "rankedcount": 14862,
  "replaycount": 1663476,
  "gamesplayed": 50715255,
  "gamesplayed_delta": 3.1842481960795768,
  "gamesfinished": 36136018,
  "gametime": 7198337054.322378,
  "inputs": 25519735763,
  "piecesplaced": 5642943704
}
