{
  "usercount": 3461481,
  "usercount_delta": 0.047621315300728606,
  "anoncount": 2643169,
  "rankedcount": 32962,
  "replaycount": 3981295,
  "gamesplayed": 161360767,
  "gamesplayed_delta": 3.8414527675921075,
  "gamesfinished": 125944872,
  "gametime": 26829142293.29996,
  "inputs": 89991781293,
  "piecesplaced": 20165290675
}
