{
  "usercount": 1170030,
  "usercount_delta": 0.03535630314494317,
  "anoncount": 823080,
  "rankedcount": 16461,
  "replaycount": 1929959,
  "gamesplayed": 58783187,
  "gamesplayed_delta": 2.2804815528488342,
  "gamesfinished": 42429849,
  "gametime": 8503221259.022728,
  "inputs": 29729481839,
  "piecesplaced": 6599707280
}
