{
  "usercount": 878849,
  "usercount_delta": 0.12225312509551024,
  "anoncount": 599654,
  "rankedcount": 14196,
  "replaycount": 1511089,
  "gamesplayed": 46260029,
  "gamesplayed_delta": 3.285552736941838,
  "gamesfinished": 32694176,
  "gametime": 6495358155.180202,
  "inputs": 23239344442,
  "piecesplaced": 5123803172
}
