{
  "usercount": 1086763,
  "usercount_delta": 0.176772140710624,
  "anoncount": 759056,
  "rankedcount": 15961,
  "replaycount": 1821653,
  "gamesplayed": 55543790,
  "gamesplayed_delta": 3.005126392080608,
  "gamesfinished": 39864003,
  "gametime": 7975284617.800604,
  "inputs": 28048441821,
  "piecesplaced": 6219235278
}
