{
  "usercount": 1177729,
  "usercount_delta": 0.14887844901740224,
  "anoncount": 828900,
  "rankedcount": 16497,
  "replaycount": 1939987,
  "gamesplayed": 59050722,
  "gamesplayed_delta": 5.525044663534706,
  "gamesfinished": 42644636,
  "gametime": 8547178184.594739,
  "inputs": 29865639643,
  "piecesplaced": 6630268546
}
