{
  "usercount": 3387226,
  "usercount_delta": 0.19775743073545987,
  "anoncount": 2580538,
  "rankedcount": 31962,
  "replaycount": 3870489,
  "gamesplayed": 158783562,
  "gamesplayed_delta": 3.915597128562106,
  "gamesfinished": 123862900,
  "gametime": 26366913567.175858,
  "inputs": 88447141276,
  "piecesplaced": 19816545980
}
