{
  "usercount": 866444,
  "usercount_delta": 0.10541692393415959,
  "anoncount": 590028,
  "rankedcount": 14115,
  "replaycount": 1492479,
  "gamesplayed": 45698576,
  "gamesplayed_delta": 2.7257804617261265,
  "gamesfinished": 32257781,
  "gametime": 6405161872.249044,
  "inputs": 22950876318,
  "piecesplaced": 5057939298
}
