{
  "usercount": 1093889,
  "usercount_delta": 0.07584376185058779,
  "anoncount": 764622,
  "rankedcount": 16021,
  "replaycount": 1832135,
  "gamesplayed": 55851481,
  "gamesplayed_delta": 3.0716723549488054,
  "gamesfinished": 40105360,
  "gametime": 8025100181.535765,
  "inputs": 28208275662,
  "piecesplaced": 6255433798
}
