{
  "usercount": 1042786,
  "usercount_delta": 0.0568806643661598,
  "anoncount": 725224,
  "rankedcount": 15525,
  "replaycount": 1760029,
  "gamesplayed": 53651817,
  "gamesplayed_delta": 2.3510674604679385,
  "gamesfinished": 38390604,
  "gametime": 7667991806.891282,
  "inputs": 27056125403,
  "piecesplaced": 5993515696
}
