{
  "usercount": 6861720,
  "usercount_delta": 0.28282226853230125,
  "anoncount": 5041020,
  "rankedcount": 56489,
  "replaycount": 9426464,
  "gamesplayed": 441256129,
  "gamesplayed_delta": 6.579339089014587,
  "gamesfinished": 343629767,
  "gametime": 76231456631.98724,
  "inputs": 264397433638,
  "piecesplaced": 60321516827
}
