{
  "usercount": 871560,
  "usercount_delta": 0.12295801861935711,
  "anoncount": 593996,
  "rankedcount": 14311,
  "replaycount": 1500062,
  "gamesplayed": 45925588,
  "gamesplayed_delta": 2.0551554540663974,
  "gamesfinished": 32435189,
  "gametime": 6442297443.787074,
  "inputs": 23067768126,
  "piecesplaced": 5084699637
}
