{
  "usercount": 953633,
  "usercount_delta": 0.02970444081390168,
  "anoncount": 656398,
  "rankedcount": 14423,
  "replaycount": 1621648,
  "gamesplayed": 49479410,
  "gamesplayed_delta": 2.48032080796079,
  "gamesfinished": 35184483,
  "gametime": 7004326159.430075,
  "inputs": 24889784824,
  "piecesplaced": 5499504887
}
