{
  "usercount": 1140476,
  "usercount_delta": 0.06341455681151609,
  "anoncount": 801054,
  "rankedcount": 16271,
  "replaycount": 1895743,
  "gamesplayed": 57790805,
  "gamesplayed_delta": 4.169507110357182,
  "gamesfinished": 41631742,
  "gametime": 8338597384.824174,
  "inputs": 29215047052,
  "piecesplaced": 6483809235
}
