{
  "usercount": 1032988,
  "usercount_delta": 0.079266939344938,
  "anoncount": 717779,
  "rankedcount": 15460,
  "replaycount": 1746788,
  "gamesplayed": 53239385,
  "gamesplayed_delta": 3.868226640032975,
  "gamesfinished": 38072592,
  "gametime": 7602196777.295457,
  "inputs": 26840161236,
  "piecesplaced": 5944163963
}
