{
  "usercount": 854672,
  "usercount_delta": 0.10539629005059023,
  "anoncount": 580865,
  "rankedcount": 14076,
  "replaycount": 1474554,
  "gamesplayed": 45181195,
  "gamesplayed_delta": 2.775435637998876,
  "gamesfinished": 31857693,
  "gametime": 6323382520.348882,
  "inputs": 22685449575,
  "piecesplaced": 4997556398
}
