{
  "usercount": 9553209,
  "usercount_delta": 0.2652793538973959,
  "anoncount": 7101388,
  "totalaccounts": 16711284,
  "rankedcount": 53356,
  "replaycount": 13876888,
  "gamesplayed": 640365229,
  "gamesplayed_delta": 5.3203248198311055,
  "gamesfinished": 497709501,
  "gametime": 112909781228.51045,
  "inputs": 398990654094,
  "piecesplaced": 91742422832
}
