{
  "usercount": 794881,
  "usercount_delta": 0.03128960090114051,
  "anoncount": 534335,
  "rankedcount": 13976,
  "replaycount": 1372476,
  "gamesplayed": 42333313,
  "gamesplayed_delta": 2.6283264756958027,
  "gamesfinished": 29687951,
  "gametime": 5874857364.060994,
  "inputs": 21226039337,
  "piecesplaced": 4663996060
}
