{
  "usercount": 957864,
  "usercount_delta": 0.048090795421756274,
  "anoncount": 659564,
  "rankedcount": 14574,
  "replaycount": 1628405,
  "gamesplayed": 49669342,
  "gamesplayed_delta": 3.430476740085281,
  "gamesfinished": 35331439,
  "gametime": 7034404227.524618,
  "inputs": 24987196480,
  "piecesplaced": 5521685118
}
