{
  "usercount": 891702,
  "usercount_delta": 0.0506482982171799,
  "anoncount": 609599,
  "rankedcount": 14301,
  "replaycount": 1531272,
  "gamesplayed": 46846346,
  "gamesplayed_delta": 3.3934359805510534,
  "gamesfinished": 33147226,
  "gametime": 6586725395.122776,
  "inputs": 23535164606,
  "piecesplaced": 5191092268
}
