{
  "usercount": 1246230,
  "usercount_delta": 0.094801107276933,
  "anoncount": 881784,
  "rankedcount": 17367,
  "replaycount": 2031328,
  "gamesplayed": 61691824,
  "gamesplayed_delta": 4.209169163095825,
  "gamesfinished": 44767604,
  "gametime": 8984841095.05565,
  "inputs": 31242397141,
  "piecesplaced": 6939406794
}
