{
  "usercount": 804365,
  "usercount_delta": 0.0301191211240456,
  "anoncount": 541736,
  "rankedcount": 13981,
  "replaycount": 1390108,
  "gamesplayed": 42802180,
  "gamesplayed_delta": 1.9125641913768954,
  "gamesfinished": 30046183,
  "gametime": 5949741852.500819,
  "inputs": 21471241947,
  "piecesplaced": 4720380593
}
