{
  "usercount": 1059502,
  "usercount_delta": 0.07574179621669729,
  "anoncount": 738089,
  "rankedcount": 15710,
  "replaycount": 1783285,
  "gamesplayed": 54342407,
  "gamesplayed_delta": 3.1243490939387626,
  "gamesfinished": 38928370,
  "gametime": 7779277739.91427,
  "inputs": 27415641851,
  "piecesplaced": 6075171374
}
