{
  "usercount": 4755562,
  "usercount_delta": 0.08873586881289154,
  "anoncount": 3725354,
  "rankedcount": 41577,
  "replaycount": 5649668,
  "gamesplayed": 214210458,
  "gamesplayed_delta": 5.6081069089747455,
  "gamesfinished": 167265208,
  "gametime": 36233062209.28618,
  "inputs": 122263426143,
  "piecesplaced": 27512335386
}
