{
  "usercount": 4557331,
  "usercount_delta": 0.09218289085545722,
  "anoncount": 3561420,
  "rankedcount": 40869,
  "replaycount": 5398122,
  "gamesplayed": 204991431,
  "gamesplayed_delta": 5.438790560471976,
  "gamesfinished": 160137162,
  "gametime": 34600043896.85156,
  "inputs": 116610989633,
  "piecesplaced": 26219362542
}
