{
  "usercount": 1262911,
  "usercount_delta": 0.11097371508291322,
  "anoncount": 894780,
  "rankedcount": 17583,
  "replaycount": 2053773,
  "gamesplayed": 62337884,
  "gamesplayed_delta": 3.50359871904626,
  "gamesfinished": 45287630,
  "gametime": 9092248762.70528,
  "inputs": 31580753344,
  "piecesplaced": 7015304732
}
