{
  "usercount": 6265686,
  "usercount_delta": 0.32117679176502706,
  "anoncount": 4515932,
  "rankedcount": 46692,
  "replaycount": 8751066,
  "gamesplayed": 421471397,
  "gamesplayed_delta": 1.8788842318254082,
  "gamesfinished": 327769926,
  "gametime": 72633506262.51355,
  "inputs": 251490653748,
  "piecesplaced": 57341505985
}
