{
  "usercount": 777979,
  "usercount_delta": 0.05345306820611503,
  "anoncount": 520947,
  "rankedcount": 13987,
  "replaycount": 1345096,
  "gamesplayed": 41592637,
  "gamesplayed_delta": 2.2628465540588696,
  "gamesfinished": 29127011,
  "gametime": 5758142743.356632,
  "inputs": 20843921538,
  "piecesplaced": 4576505542
}
