{
  "usercount": 861959,
  "usercount_delta": 0.03056328127387756,
  "anoncount": 586518,
  "rankedcount": 14149,
  "replaycount": 1485790,
  "gamesplayed": 45499215,
  "gamesplayed_delta": 2.9799199242030623,
  "gamesfinished": 32103580,
  "gametime": 6373314572.700839,
  "inputs": 22847116477,
  "piecesplaced": 5034177431
}
