{
  "usercount": 769355,
  "usercount_delta": 0.03128960090114051,
  "anoncount": 514136,
  "rankedcount": 13969,
  "replaycount": 1328199,
  "gamesplayed": 41151654,
  "gamesplayed_delta": 2.3936544689372488,
  "gamesfinished": 28793308,
  "gametime": 5687993750.06689,
  "inputs": 20610285263,
  "piecesplaced": 4522979200
}
