{
  "usercount": 906175,
  "usercount_delta": 0.017566356913239763,
  "anoncount": 620573,
  "rankedcount": 14226,
  "replaycount": 1552105,
  "gamesplayed": 47459062,
  "gamesplayed_delta": 2.371458183287368,
  "gamesfinished": 33622387,
  "gametime": 6684649997.792326,
  "inputs": 23853018084,
  "piecesplaced": 5263609037
}
