{
  "usercount": 6717918,
  "usercount_delta": 0.15153556034482757,
  "anoncount": 5384761,
  "rankedcount": 45978,
  "replaycount": 7798477,
  "gamesplayed": 295233565,
  "gamesplayed_delta": 4.461880387931035,
  "gamesfinished": 229924788,
  "gametime": 50514740976.87174,
  "inputs": 172010475389,
  "piecesplaced": 38893912114
}
