{
  "usercount": 814104,
  "usercount_delta": 0.03004717406327935,
  "anoncount": 549308,
  "rankedcount": 13852,
  "replaycount": 1407523,
  "gamesplayed": 43270862,
  "gamesplayed_delta": 1.802830443796761,
  "gamesfinished": 30400350,
  "gametime": 6023300076.514479,
  "inputs": 21710179053,
  "piecesplaced": 4774931177
}
