{
  "usercount": 1115430,
  "usercount_delta": 0.037921880925293895,
  "anoncount": 781313,
  "rankedcount": 16015,
  "replaycount": 1862611,
  "gamesplayed": 56794303,
  "gamesplayed_delta": 1.9340159271899886,
  "gamesfinished": 40845639,
  "gametime": 8177749719.939956,
  "inputs": 28703796733,
  "piecesplaced": 6368226323
}
