{
  "usercount": 6179315,
  "usercount_delta": 0.2568300748017593,
  "anoncount": 4928530,
  "rankedcount": 46626,
  "replaycount": 7168625,
  "gamesplayed": 271241789,
  "gamesplayed_delta": 5.505794728562715,
  "gamesfinished": 211480598,
  "gametime": 46247083540.83476,
  "inputs": 156983601201,
  "piecesplaced": 35440846419
}
