{
  "usercount": 6865130,
  "usercount_delta": 0.10291065639847007,
  "anoncount": 5510451,
  "rankedcount": 44719,
  "replaycount": 7962826,
  "gamesplayed": 302048085,
  "gamesplayed_delta": 4.476613553333448,
  "gamesfinished": 235080427,
  "gametime": 51719380739.23198,
  "inputs": 176315551822,
  "piecesplaced": 39893804038
}
