{
  "usercount": 835452,
  "usercount_delta": 0.030118213989910398,
  "anoncount": 565894,
  "rankedcount": 14045,
  "replaycount": 1443065,
  "gamesplayed": 44273407,
  "gamesplayed_delta": 3.0118213989910396,
  "gamesfinished": 31166608,
  "gametime": 6181159007.144049,
  "inputs": 22222468148,
  "piecesplaced": 4892044902
}
