{
  "usercount": 1176978,
  "usercount_delta": 0.1426782288875854,
  "anoncount": 828304,
  "rankedcount": 16475,
  "replaycount": 1939021,
  "gamesplayed": 59021611,
  "gamesplayed_delta": 4.581556460945798,
  "gamesfinished": 42620477,
  "gametime": 8542332933.346978,
  "inputs": 29850625872,
  "piecesplaced": 6626908311
}
