{
  "usercount": 857754,
  "usercount_delta": 0.06024005662565323,
  "anoncount": 583234,
  "rankedcount": 13980,
  "replaycount": 1479189,
  "gamesplayed": 45309941,
  "gamesplayed_delta": 2.831282661405702,
  "gamesfinished": 31956385,
  "gametime": 6343852626.244248,
  "inputs": 22751501850,
  "piecesplaced": 5012546552
}
