{
  "usercount": 6705621,
  "usercount_delta": 0.13530655391120508,
  "anoncount": 5374101,
  "rankedcount": 46221,
  "replaycount": 7787275,
  "gamesplayed": 294751457,
  "gamesplayed_delta": 5.5813953488372094,
  "gamesfinished": 229552825,
  "gametime": 50428676990.05018,
  "inputs": 171707711414,
  "piecesplaced": 38823856730
}
