{
  "usercount": 2286997,
  "usercount_delta": 0.07734550235903782,
  "anoncount": 1693430,
  "rankedcount": 32951,
  "replaycount": 3507312,
  "gamesplayed": 107541782,
  "gamesplayed_delta": 5.816381777399645,
  "gamesfinished": 82334626,
  "gametime": 17146213676.308352,
  "inputs": 57662452656,
  "piecesplaced": 12839163300
}
