{
  "usercount": 779666,
  "usercount_delta": 0.036851415094339625,
  "anoncount": 522236,
  "rankedcount": 13873,
  "replaycount": 1348447,
  "gamesplayed": 41680109,
  "gamesplayed_delta": 2.4874705188679247,
  "gamesfinished": 29191574,
  "gametime": 5771797472.977412,
  "inputs": 20889116621,
  "piecesplaced": 4586876239
}
