{
  "usercount": 986239,
  "usercount_delta": 0.043501587807954996,
  "anoncount": 681445,
  "rankedcount": 14842,
  "replaycount": 1671224,
  "gamesplayed": 50951792,
  "gamesplayed_delta": 4.161651900294361,
  "gamesfinished": 36318774,
  "gametime": 7236111288.270929,
  "inputs": 25643476772,
  "piecesplaced": 5671273142
}
