{
  "usercount": 1156703,
  "usercount_delta": 0.11097195580145532,
  "anoncount": 813307,
  "rankedcount": 16317,
  "replaycount": 1914962,
  "gamesplayed": 58371982,
  "gamesplayed_delta": 3.4084243567589847,
  "gamesfinished": 42098012,
  "gametime": 8434408164.164666,
  "inputs": 29517664785,
  "piecesplaced": 6552110273
}
