{
  "usercount": 1194038,
  "usercount_delta": 0.11010271009956431,
  "anoncount": 841460,
  "rankedcount": 16661,
  "replaycount": 1961428,
  "gamesplayed": 59665067,
  "gamesplayed_delta": 4.797332368623874,
  "gamesfinished": 43137423,
  "gametime": 8648292263.287148,
  "inputs": 30181436010,
  "piecesplaced": 6701125531
}
