{
  "usercount": 7033696,
  "usercount_delta": 0.3709788542053103,
  "anoncount": 5194418,
  "totalaccounts": 10953808,
  "rankedcount": 58650,
  "replaycount": 9610018,
  "gamesplayed": 446907658,
  "gamesplayed_delta": 5.246700938046532,
  "gamesfinished": 348219682,
  "gametime": 77267005522.52655,
  "inputs": 268073668502,
  "piecesplaced": 61169067510
}
