{
  "usercount": 4402435,
  "usercount_delta": 0.014898244986740562,
  "anoncount": 3432273,
  "rankedcount": 39700,
  "replaycount": 5208756,
  "gamesplayed": 198172469,
  "gamesplayed_delta": 6.525431304192366,
  "gamesfinished": 154862882,
  "gametime": 33395760553.028717,
  "inputs": 112459211646,
  "piecesplaced": 25271011601
}
