{
  "usercount": 792068,
  "usercount_delta": 0.12047829884642029,
  "anoncount": 532115,
  "rankedcount": 14026,
  "replaycount": 1367709,
  "gamesplayed": 42205538,
  "gamesplayed_delta": 2.1234300171681575,
  "gamesfinished": 29591510,
  "gametime": 5854712935.78008,
  "inputs": 21160825512,
  "piecesplaced": 4649107447
}
