{
  "usercount": 8757460,
  "usercount_delta": 0.09509680855110501,
  "anoncount": 6720717,
  "totalaccounts": 12721966,
  "rankedcount": 47082,
  "replaycount": 11342388,
  "gamesplayed": 508553115,
  "gamesplayed_delta": 4.906995321237019,
  "gamesfinished": 396433037,
  "gametime": 88655860242.39627,
  "inputs": 309978174326,
  "piecesplaced": 70967965313
}
