{
  "usercount": 8548924,
  "usercount_delta": 0.061818069421691955,
  "anoncount": 6376913,
  "totalaccounts": 14078416,
  "rankedcount": 51014,
  "replaycount": 11406540,
  "gamesplayed": 551904696,
  "gamesplayed_delta": 3.3845393008376345,
  "gamesfinished": 430032308,
  "gametime": 96516886653.9389,
  "inputs": 338811051019,
  "piecesplaced": 77697858915
}
