{
  "usercount": 942212,
  "usercount_delta": 0.015023812743197968,
  "anoncount": 647842,
  "rankedcount": 14307,
  "replaycount": 1607325,
  "gamesplayed": 48990532,
  "gamesplayed_delta": 2.0131909075885277,
  "gamesfinished": 34806452,
  "gametime": 6926765361.200302,
  "inputs": 24636067071,
  "piecesplaced": 5441499949
}
