{
  "usercount": 1073125,
  "usercount_delta": 0.11724245740190714,
  "anoncount": 748614,
  "rankedcount": 15865,
  "replaycount": 1802771,
  "gamesplayed": 54981045,
  "gamesplayed_delta": 3.1069251211505393,
  "gamesfinished": 39424539,
  "gametime": 7883864570.599192,
  "inputs": 27754810589,
  "piecesplaced": 6152667386
}
