{
  "usercount": 805534,
  "usercount_delta": 0.0602382422480912,
  "anoncount": 542630,
  "rankedcount": 13867,
  "replaycount": 1392051,
  "gamesplayed": 42857538,
  "gamesplayed_delta": 1.792087706880713,
  "gamesfinished": 30088303,
  "gametime": 5958747352.294763,
  "inputs": 21499976522,
  "piecesplaced": 4726941736
}
