{
  "usercount": 856406,
  "usercount_delta": 0.06009525097279187,
  "anoncount": 582187,
  "rankedcount": 14124,
  "replaycount": 1477215,
  "gamesplayed": 45249123,
  "gamesplayed_delta": 2.7042862937756342,
  "gamesfinished": 31909871,
  "gametime": 6334330197.230864,
  "inputs": 22720572453,
  "piecesplaced": 5005503744
}
