{
  "usercount": 1070877,
  "usercount_delta": 0.09511580349074998,
  "anoncount": 746884,
  "rankedcount": 15782,
  "replaycount": 1799320,
  "gamesplayed": 54878106,
  "gamesplayed_delta": 3.0278530777888744,
  "gamesfinished": 39345085,
  "gametime": 7867113301.22963,
  "inputs": 27700069261,
  "piecesplaced": 6140168741
}
