{
  "usercount": 4367098,
  "usercount_delta": 0.11918951132300357,
  "anoncount": 3402897,
  "rankedcount": 39691,
  "replaycount": 5166077,
  "gamesplayed": 196584486,
  "gamesplayed_delta": 5.542312276519666,
  "gamesfinished": 153628533,
  "gametime": 33110680641.78822,
  "inputs": 111473831051,
  "piecesplaced": 25045858727
}
