{
  "usercount": 2159506,
  "usercount_delta": 0.06788520611645707,
  "anoncount": 1591953,
  "rankedcount": 32193,
  "replaycount": 3328388,
  "gamesplayed": 100909341,
  "gamesplayed_delta": 4.870763538855795,
  "gamesfinished": 76954626,
  "gametime": 15952205790.964647,
  "inputs": 53667382328,
  "piecesplaced": 11936148010
}
