{
  "usercount": 8709181,
  "usercount_delta": 0.24578651685393257,
  "anoncount": 6516833,
  "totalaccounts": 14243045,
  "rankedcount": 49154,
  "replaycount": 11575190,
  "gamesplayed": 557143796,
  "gamesplayed_delta": 3.634129213483146,
  "gamesfinished": 433996807,
  "gametime": 97484753737.53416,
  "inputs": 342368854229,
  "piecesplaced": 78530801408
}
