{
  "usercount": 832520,
  "usercount_delta": 0.0749512816669165,
  "anoncount": 563650,
  "rankedcount": 13954,
  "replaycount": 1438734,
  "gamesplayed": 44142755,
  "gamesplayed_delta": 3.0730025483435766,
  "gamesfinished": 31067039,
  "gametime": 6160742341.650192,
  "inputs": 22156051074,
  "piecesplaced": 4876802982
}
