{
  "usercount": 1258347,
  "usercount_delta": 0.09512032721392562,
  "anoncount": 891252,
  "rankedcount": 17634,
  "replaycount": 2047692,
  "gamesplayed": 62165781,
  "gamesplayed_delta": 2.8377564285487806,
  "gamesfinished": 45150073,
  "gametime": 9063311718.484438,
  "inputs": 31489085293,
  "piecesplaced": 6994729728
}
