{
  "usercount": 6466283,
  "usercount_delta": 0.18175484300925437,
  "anoncount": 5171187,
  "rankedcount": 48227,
  "replaycount": 7509432,
  "gamesplayed": 283653064,
  "gamesplayed_delta": 6.497735637580844,
  "gamesfinished": 221091288,
  "gametime": 48448077358.39208,
  "inputs": 164671966032,
  "piecesplaced": 37198949069
}
