{
  "usercount": 990765,
  "usercount_delta": 0.07304068366079906,
  "anoncount": 684929,
  "rankedcount": 14843,
  "replaycount": 1679034,
  "gamesplayed": 51178162,
  "gamesplayed_delta": 2.600248338324447,
  "gamesfinished": 36493299,
  "gametime": 7272706902.146195,
  "inputs": 25763796302,
  "piecesplaced": 5698840095
}
