{
  "usercount": 817901,
  "usercount_delta": 0.12047467020059033,
  "anoncount": 552295,
  "rankedcount": 13834,
  "replaycount": 1414447,
  "gamesplayed": 43454835,
  "gamesplayed_delta": 2.6353834106379135,
  "gamesfinished": 30540254,
  "gametime": 6052255687.67017,
  "inputs": 21804680134,
  "piecesplaced": 4796584232
}
