{
  "usercount": 738916,
  "usercount_delta": 0.05611672278338945,
  "anoncount": 490157,
  "rankedcount": 13714,
  "replaycount": 1261477,
  "gamesplayed": 39755129,
  "gamesplayed_delta": 2.543958099513655,
  "gamesfinished": 27732594,
  "gametime": 5467122069.066124,
  "inputs": 19887313950,
  "piecesplaced": 4358310404
}
