{
  "usercount": 1003324,
  "usercount_delta": 0,
  "anoncount": 694656,
  "rankedcount": 14994,
  "replaycount": 1699182,
  "gamesplayed": 51782722,
  "gamesplayed_delta": 2.009207549557816,
  "gamesfinished": 36953566,
  "gametime": 7368364855.762878,
  "inputs": 26073990108,
  "piecesplaced": 5769590583
}
