{
  "usercount": 9259621,
  "usercount_delta": 0.1285243794682304,
  "anoncount": 6871801,
  "totalaccounts": 16083011,
  "rankedcount": 53242,
  "replaycount": 13307563,
  "gamesplayed": 618322057,
  "gamesplayed_delta": 5.47835167483332,
  "gamesfinished": 480899326,
  "gametime": 108826862645.06305,
  "inputs": 383960315586,
  "piecesplaced": 88232376964
}
