{
  "usercount": 1089034,
  "usercount_delta": 0.0568806643661598,
  "anoncount": 760840,
  "rankedcount": 15833,
  "replaycount": 1824857,
  "gamesplayed": 55638287,
  "gamesplayed_delta": 3.090516097228016,
  "gamesfinished": 39939100,
  "gametime": 7990534654.986096,
  "inputs": 28096539033,
  "piecesplaced": 6230121188
}
