{
  "usercount": 1179230,
  "usercount_delta": 0.05303445471741475,
  "anoncount": 830111,
  "rankedcount": 16549,
  "replaycount": 1941901,
  "gamesplayed": 59111002,
  "gamesplayed_delta": 3.305814344052186,
  "gamesfinished": 42693075,
  "gametime": 8556953792.576895,
  "inputs": 29896609187,
  "piecesplaced": 6637241032
}
