{
  "usercount": 1017127,
  "usercount_delta": 0.0438186492171068,
  "anoncount": 705437,
  "rankedcount": 15270,
  "replaycount": 1722504,
  "gamesplayed": 52464324,
  "gamesplayed_delta": 4.279621406870764,
  "gamesfinished": 37477439,
  "gametime": 7476726482.150978,
  "inputs": 26428373372,
  "piecesplaced": 5850166195
}
