{
  "usercount": 7055425,
  "usercount_delta": 0.3865752943243718,
  "anoncount": 5213916,
  "totalaccounts": 10976040,
  "rankedcount": 58723,
  "replaycount": 9631474,
  "gamesplayed": 447548922,
  "gamesplayed_delta": 5.886487436302935,
  "gamesfinished": 348736970,
  "gametime": 77386189528.8076,
  "inputs": 268494432618,
  "piecesplaced": 61265876085
}
