{
  "usercount": 1199134,
  "usercount_delta": 0.04718761796904492,
  "anoncount": 845463,
  "rankedcount": 16811,
  "replaycount": 1967664,
  "gamesplayed": 59844732,
  "gamesplayed_delta": 3.3503208758021894,
  "gamesfinished": 43281106,
  "gametime": 8678103230.93636,
  "inputs": 30273355941,
  "piecesplaced": 6721624887
}
