{
  "usercount": 895746,
  "usercount_delta": 0.05732958780026371,
  "anoncount": 612788,
  "rankedcount": 14241,
  "replaycount": 1537665,
  "gamesplayed": 47039969,
  "gamesplayed_delta": 2.4365074815112076,
  "gamesfinished": 33296645,
  "gametime": 6617480431.885347,
  "inputs": 23635102490,
  "piecesplaced": 5213838382
}
