{
  "usercount": 4078039,
  "usercount_delta": 0.16896966055872634,
  "anoncount": 3157311,
  "rankedcount": 38890,
  "replaycount": 4826966,
  "gamesplayed": 184975460,
  "gamesplayed_delta": 6.721237608891559,
  "gamesfinished": 144648398,
  "gametime": 31053339176.99128,
  "inputs": 104323020585,
  "piecesplaced": 23411012491
}
