{
  "usercount": 793521,
  "usercount_delta": 0.060237335100295164,
  "anoncount": 533269,
  "rankedcount": 13928,
  "replaycount": 1370123,
  "gamesplayed": 42270645,
  "gamesplayed_delta": 1.4607553761821577,
  "gamesfinished": 29640509,
  "gametime": 5864793559.443303,
  "inputs": 21193446596,
  "piecesplaced": 4656514792
}
