{
  "usercount": 5697156,
  "usercount_delta": 0.0994965474698028,
  "anoncount": 4079291,
  "rankedcount": 42861,
  "replaycount": 9882348,
  "gamesplayed": 383021206,
  "gamesplayed_delta": 2.4277157582631883,
  "gamesfinished": 297454372,
  "gametime": 65896801622.10061,
  "inputs": 227330736486,
  "piecesplaced": 51733048885
}
