{
  "usercount": 1121211,
  "usercount_delta": 0.09437523593808984,
  "anoncount": 785911,
  "rankedcount": 16053,
  "replaycount": 1870943,
  "gamesplayed": 57042937,
  "gamesplayed_delta": 2.5638605763181075,
  "gamesfinished": 41041583,
  "gametime": 8217886663.141252,
  "inputs": 28831955296,
  "piecesplaced": 6397345947
}
