{
  "usercount": 6815598,
  "usercount_delta": 0.11786099137931035,
  "anoncount": 5468044,
  "rankedcount": 44291,
  "replaycount": 7909492,
  "gamesplayed": 299816855,
  "gamesplayed_delta": 4.613415948275862,
  "gamesfinished": 233393334,
  "gametime": 51327826408.661156,
  "inputs": 174917535705,
  "piecesplaced": 39568981909
}
