{
  "usercount": 1121854,
  "usercount_delta": 0,
  "anoncount": 786428,
  "rankedcount": 16075,
  "replaycount": 1871648,
  "gamesplayed": 57065743,
  "gamesplayed_delta": 2.2804412388629616,
  "gamesfinished": 41059959,
  "gametime": 8221721807.925359,
  "inputs": 28844191161,
  "piecesplaced": 6400100460
}
