{
  "usercount": 974531,
  "usercount_delta": 0.043503480278422275,
  "anoncount": 672400,
  "rankedcount": 14622,
  "replaycount": 1653980,
  "gamesplayed": 50422771,
  "gamesplayed_delta": 4.582366589327147,
  "gamesfinished": 35906638,
  "gametime": 7152123910.308852,
  "inputs": 25370530357,
  "piecesplaced": 5608998976
}
