{
  "usercount": 734659,
  "usercount_delta": 0.05840268652358009,
  "anoncount": 486840,
  "rankedcount": 13548,
  "replaycount": 1248917,
  "gamesplayed": 39557580,
  "gamesplayed_delta": 1.4892685063512923,
  "gamesfinished": 27582225,
  "gametime": 5436222828.023157,
  "inputs": 19786265104,
  "piecesplaced": 4335311781
}
