{
  "usercount": 1048802,
  "usercount_delta": 0.07738141298460109,
  "anoncount": 729836,
  "rankedcount": 15529,
  "replaycount": 1768196,
  "gamesplayed": 53889352,
  "gamesplayed_delta": 2.3988238025226343,
  "gamesfinished": 38575406,
  "gametime": 7705892418.802256,
  "inputs": 27179182552,
  "piecesplaced": 6021573764
}
