{
  "usercount": 3400560,
  "usercount_delta": 0.31640563202024996,
  "anoncount": 2591772,
  "rankedcount": 31963,
  "replaycount": 3891400,
  "gamesplayed": 159268370,
  "gamesplayed_delta": 5.655750672361968,
  "gamesfinished": 124251521,
  "gametime": 26453700900.2633,
  "inputs": 88739215313,
  "piecesplaced": 19882718429
}
