{
  "usercount": 1024328,
  "usercount_delta": 0.11685997253790646,
  "anoncount": 711009,
  "rankedcount": 15256,
  "replaycount": 1732917,
  "gamesplayed": 52798036,
  "gamesplayed_delta": 2.906891816880423,
  "gamesfinished": 37734220,
  "gametime": 7531065604.282907,
  "inputs": 26605361974,
  "piecesplaced": 5890461474
}
