{
  "usercount": 8284032,
  "usercount_delta": 0.19382445468235154,
  "anoncount": 6757070,
  "rankedcount": 41648,
  "replaycount": 9215825,
  "gamesplayed": 355740077,
  "gamesplayed_delta": 4.920159234244308,
  "gamesfinished": 276021643,
  "gametime": 61037703049.85325,
  "inputs": 209852651644,
  "piecesplaced": 47698755098
}
