{
  "usercount": 7115717,
  "usercount_delta": 0.15946102174649684,
  "anoncount": 5722895,
  "rankedcount": 40576,
  "replaycount": 8243582,
  "gamesplayed": 314479641,
  "gamesplayed_delta": 3.8469971496342366,
  "gamesfinished": 244347165,
  "gametime": 53894433816.78716,
  "inputs": 184229644020,
  "piecesplaced": 41747186029
}
