{
  "usercount": 9208948,
  "usercount_delta": 0.3067437615987485,
  "anoncount": 6828766,
  "totalaccounts": 16002284,
  "rankedcount": 52994,
  "replaycount": 13242340,
  "gamesplayed": 615949581,
  "gamesplayed_delta": 5.858805846536097,
  "gamesfinished": 479054744,
  "gametime": 108390338564.88744,
  "inputs": 382384247737,
  "piecesplaced": 87867819510
}
