{
  "usercount": 1023375,
  "usercount_delta": 0.058431693350473296,
  "anoncount": 710279,
  "rankedcount": 15386,
  "replaycount": 1731675,
  "gamesplayed": 52753829,
  "gamesplayed_delta": 3.111487670912703,
  "gamesfinished": 37700273,
  "gametime": 7523954284.214448,
  "inputs": 26582618658,
  "piecesplaced": 5885277506
}
