{
  "usercount": 2605690,
  "usercount_delta": 0.05076485718153513,
  "anoncount": 1946230,
  "rankedcount": 29279,
  "replaycount": 3928523,
  "gamesplayed": 124060806,
  "gamesplayed_delta": 3.9427372410992287,
  "gamesfinished": 95665425,
  "gametime": 20117128538.16511,
  "inputs": 67634014629,
  "piecesplaced": 15107317355
}
