{
  "usercount": 839080,
  "usercount_delta": 0.12019050194558374,
  "anoncount": 568675,
  "rankedcount": 14021,
  "replaycount": 1449129,
  "gamesplayed": 44449580,
  "gamesplayed_delta": 2.6291672300596445,
  "gamesfinished": 31302090,
  "gametime": 6209601064.074056,
  "inputs": 22316275544,
  "piecesplaced": 4913499114
}
