{
  "usercount": 1136525,
  "usercount_delta": 0.09437523593808984,
  "anoncount": 797999,
  "rankedcount": 16177,
  "replaycount": 1891153,
  "gamesplayed": 57654503,
  "gamesplayed_delta": 2.3436516924625646,
  "gamesfinished": 41524138,
  "gametime": 8316774044.092255,
  "inputs": 29146959124,
  "piecesplaced": 6468531404
}
