{
  "usercount": 804845,
  "usercount_delta": 0.04693440135171076,
  "anoncount": 542095,
  "rankedcount": 13999,
  "replaycount": 1390869,
  "gamesplayed": 42824385,
  "gamesplayed_delta": 1.7678624509144387,
  "gamesfinished": 30063540,
  "gametime": 5953475783.58039,
  "inputs": 21483248665,
  "piecesplaced": 4723123186
}
