{
  "usercount": 4821834,
  "usercount_delta": 0.09714019272614237,
  "anoncount": 3780582,
  "rankedcount": 42312,
  "replaycount": 5729399,
  "gamesplayed": 217166474,
  "gamesplayed_delta": 4.58501709667392,
  "gamesfinished": 169560947,
  "gametime": 36754116644.2635,
  "inputs": 124076455504,
  "piecesplaced": 27927160586
}
