{
  "usercount": 1226447,
  "usercount_delta": 0.039077764751856196,
  "anoncount": 866414,
  "rankedcount": 17316,
  "replaycount": 2003526,
  "gamesplayed": 60919625,
  "gamesplayed_delta": 2.9699101211410706,
  "gamesfinished": 44149296,
  "gametime": 8857082050.385008,
  "inputs": 30837470806,
  "piecesplaced": 6848231694
}
