{
  "usercount": 3880176,
  "usercount_delta": 0.059047562811844936,
  "anoncount": 2991366,
  "rankedcount": 36710,
  "replaycount": 4570288,
  "gamesplayed": 177163995,
  "gamesplayed_delta": 5.299518762363083,
  "gamesfinished": 138501269,
  "gametime": 29660315645.400105,
  "inputs": 99589466189,
  "piecesplaced": 22338177690
}
