{
  "usercount": 1028411,
  "usercount_delta": 0.0195400277468394,
  "anoncount": 714158,
  "rankedcount": 15443,
  "replaycount": 1739855,
  "gamesplayed": 53016291,
  "gamesplayed_delta": 3.4781249389374134,
  "gamesfinished": 37901422,
  "gametime": 7565999249.578613,
  "inputs": 26720399658,
  "piecesplaced": 5916782362
}
