{
  "usercount": 1200341,
  "usercount_delta": 0.21213406873143828,
  "anoncount": 846368,
  "rankedcount": 16839,
  "replaycount": 1969191,
  "gamesplayed": 59885097,
  "gamesplayed_delta": 3.9775137887144676,
  "gamesfinished": 43313205,
  "gametime": 8684451665.156178,
  "inputs": 30293013845,
  "piecesplaced": 6725982709
}
