{
  "usercount": 966667,
  "usercount_delta": 0.07426220499339067,
  "anoncount": 666401,
  "rankedcount": 14521,
  "replaycount": 1642107,
  "gamesplayed": 50072765,
  "gamesplayed_delta": 2.435800323783214,
  "gamesfinished": 35639260,
  "gametime": 7097377958.219353,
  "inputs": 25193595556,
  "piecesplaced": 5568730180
}
