{
  "usercount": 984667,
  "usercount_delta": 0.014500739537716422,
  "anoncount": 680242,
  "rankedcount": 14789,
  "replaycount": 1668896,
  "gamesplayed": 50880037,
  "gamesplayed_delta": 2.4506249818740753,
  "gamesfinished": 36263967,
  "gametime": 7224830564.820292,
  "inputs": 25607483447,
  "piecesplaced": 5663003802
}
