{
  "usercount": 878601,
  "usercount_delta": 0.01873852265487389,
  "anoncount": 599458,
  "rankedcount": 14187,
  "replaycount": 1510741,
  "gamesplayed": 46248485,
  "gamesplayed_delta": 3.410411123187048,
  "gamesfinished": 32685085,
  "gametime": 6493598770.840073,
  "inputs": 23233722823,
  "piecesplaced": 5122535527
}
