{
  "usercount": 8841185,
  "usercount_delta": 0.3841855266834311,
  "anoncount": 6527819,
  "totalaccounts": 15338514,
  "rankedcount": 50125,
  "replaycount": 12661246,
  "gamesplayed": 594338448,
  "gamesplayed_delta": 6.793098630902486,
  "gamesfinished": 462376104,
  "gametime": 104348792795.93736,
  "inputs": 367554291273,
  "piecesplaced": 84408772819
}
