{
  "usercount": 1024863,
  "usercount_delta": 0.06770709908933951,
  "anoncount": 711436,
  "rankedcount": 15275,
  "replaycount": 1733686,
  "gamesplayed": 52824155,
  "gamesplayed_delta": 3.1314533328819527,
  "gamesfinished": 37755395,
  "gametime": 7535360065.2350645,
  "inputs": 26619152133,
  "piecesplaced": 5893615688
}
