{
  "usercount": 1051224,
  "usercount_delta": 0.07926568271532522,
  "anoncount": 731729,
  "rankedcount": 15617,
  "replaycount": 1771902,
  "gamesplayed": 53994561,
  "gamesplayed_delta": 2.9486833970100985,
  "gamesfinished": 38656747,
  "gametime": 7722680117.297645,
  "inputs": 27233760759,
  "piecesplaced": 6033892625
}
