{
  "usercount": 991667,
  "usercount_delta": 0,
  "anoncount": 685605,
  "rankedcount": 14884,
  "replaycount": 1680505,
  "gamesplayed": 51223697,
  "gamesplayed_delta": 2.8171158824425153,
  "gamesfinished": 36528874,
  "gametime": 7280140762.59006,
  "inputs": 25787578507,
  "piecesplaced": 5704241999
}
