{
  "usercount": 8976087,
  "usercount_delta": 0.32208094967868595,
  "anoncount": 6638123,
  "totalaccounts": 15588723,
  "rankedcount": 50886,
  "replaycount": 12873334,
  "gamesplayed": 602362112,
  "gamesplayed_delta": 5.536724896857411,
  "gamesfinished": 468555075,
  "gametime": 105849800048.85947,
  "inputs": 373074300256,
  "piecesplaced": 85700489179
}
