{
  "usercount": 8449289,
  "usercount_delta": 0.31123022391285554,
  "anoncount": 6288130,
  "totalaccounts": 13976546,
  "rankedcount": 51470,
  "replaycount": 11294274,
  "gamesplayed": 548246478,
  "gamesplayed_delta": 4.841359038644419,
  "gamesfinished": 427226636,
  "gametime": 95829597160.98535,
  "inputs": 336249107413,
  "piecesplaced": 77095704693
}
