{
  "usercount": 841830,
  "usercount_delta": 0.0936908576461109,
  "anoncount": 570830,
  "rankedcount": 14126,
  "replaycount": 1453737,
  "gamesplayed": 44584788,
  "gamesplayed_delta": 2.0237225251559954,
  "gamesfinished": 31404171,
  "gametime": 6230098735.410089,
  "inputs": 22383069351,
  "piecesplaced": 4928655799
}
