{
  "usercount": 5391148,
  "usercount_delta": 0.17642907551164433,
  "anoncount": 4260388,
  "rankedcount": 42460,
  "replaycount": 6332980,
  "gamesplayed": 240312627,
  "gamesplayed_delta": 5.629691409507924,
  "gamesfinished": 187350031,
  "gametime": 40803796256.956245,
  "inputs": 138064093823,
  "piecesplaced": 31123592083
}
