{
  "usercount": 1009474,
  "usercount_delta": 0,
  "anoncount": 699428,
  "rankedcount": 15146,
  "replaycount": 1710481,
  "gamesplayed": 52103192,
  "gamesplayed_delta": 2.5708067366821985,
  "gamesfinished": 37198012,
  "gametime": 7419207404.57267,
  "inputs": 26240082767,
  "piecesplaced": 5807397730
}
