{
  "usercount": 985581,
  "usercount_delta": 0.05078118387866683,
  "anoncount": 680951,
  "rankedcount": 14822,
  "replaycount": 1670302,
  "gamesplayed": 50922877,
  "gamesplayed_delta": 3.165360461770232,
  "gamesfinished": 36296457,
  "gametime": 7231544618.116927,
  "inputs": 25628821579,
  "piecesplaced": 5667904302
}
