{
  "usercount": 791112,
  "usercount_delta": 0.06196554715578138,
  "anoncount": 531359,
  "rankedcount": 13977,
  "replaycount": 1365893,
  "gamesplayed": 42152708,
  "gamesplayed_delta": 3.6094931218242654,
  "gamesfinished": 29552163,
  "gametime": 5846805941.816935,
  "inputs": 21134450827,
  "piecesplaced": 4643069183
}
