{
  "usercount": 751456,
  "usercount_delta": 0.017377100457017743,
  "anoncount": 500033,
  "rankedcount": 13718,
  "replaycount": 1290132,
  "gamesplayed": 40294279,
  "gamesplayed_delta": 2.571810867638626,
  "gamesfinished": 28140345,
  "gametime": 5551970130.366981,
  "inputs": 20162918482,
  "piecesplaced": 4420828631
}
