{
  "usercount": 7235234,
  "usercount_delta": 0.14969387602353187,
  "anoncount": 5826912,
  "rankedcount": 39559,
  "replaycount": 8349348,
  "gamesplayed": 319155788,
  "gamesplayed_delta": 3.6225917997694714,
  "gamesfinished": 247869291,
  "gametime": 54700121864.38298,
  "inputs": 187127292860,
  "piecesplaced": 42422581713
}
