{
  "usercount": 8625303,
  "usercount_delta": 0.2043213975583593,
  "anoncount": 6351207,
  "totalaccounts": 14935493,
  "rankedcount": 49690,
  "replaycount": 12315383,
  "gamesplayed": 581717952,
  "gamesplayed_delta": 5.278302770257615,
  "gamesfinished": 452663719,
  "gametime": 102020818840.9614,
  "inputs": 359006595936,
  "piecesplaced": 82414665466
}
