{
  "usercount": 4213106,
  "usercount_delta": 0.242949784148461,
  "anoncount": 3270572,
  "rankedcount": 40068,
  "replaycount": 4996542,
  "gamesplayed": 190486363,
  "gamesplayed_delta": 4.896372572838214,
  "gamesfinished": 148957378,
  "gametime": 32031933578.385868,
  "inputs": 107690412643,
  "piecesplaced": 24176277522
}
