{
  "usercount": 6615891,
  "usercount_delta": 0.2256552681826072,
  "anoncount": 4824181,
  "rankedcount": 54530,
  "replaycount": 9128010,
  "gamesplayed": 432852413,
  "gamesplayed_delta": 6.7175837528206905,
  "gamesfinished": 336887073,
  "gametime": 74691522169.36482,
  "inputs": 258835793568,
  "piecesplaced": 59036566437
}
