{
  "usercount": 1218392,
  "usercount_delta": 0.03308355251186872,
  "anoncount": 860229,
  "rankedcount": 17013,
  "replaycount": 1992496,
  "gamesplayed": 60564796,
  "gamesplayed_delta": 5.094867086827783,
  "gamesfinished": 43862921,
  "gametime": 8797648258.8344,
  "inputs": 30648487707,
  "piecesplaced": 6805717957
}
