{
  "usercount": 1146869,
  "usercount_delta": 0.039081582804103565,
  "anoncount": 805974,
  "rankedcount": 16269,
  "replaycount": 1903995,
  "gamesplayed": 58037777,
  "gamesplayed_delta": 3.06790425012213,
  "gamesfinished": 41828700,
  "gametime": 8378702170.077404,
  "inputs": 29342452733,
  "piecesplaced": 6512566137
}
