{
  "usercount": 909018,
  "usercount_delta": 0.01986886548778065,
  "anoncount": 622706,
  "rankedcount": 14349,
  "replaycount": 1556978,
  "gamesplayed": 47599251,
  "gamesplayed_delta": 2.046493145241407,
  "gamesfinished": 33731022,
  "gametime": 6707391274.750355,
  "inputs": 23927849859,
  "piecesplaced": 5280684085
}
