{
  "usercount": 6123310,
  "usercount_delta": 0.05507719987515835,
  "anoncount": 4881503,
  "rankedcount": 45534,
  "replaycount": 7103472,
  "gamesplayed": 268868765,
  "gamesplayed_delta": 5.948337586517101,
  "gamesfinished": 209647992,
  "gametime": 45834311922.92886,
  "inputs": 155540539417,
  "piecesplaced": 35111210088
}
