{
  "usercount": 1660499,
  "usercount_delta": 0.20719532868713503,
  "anoncount": 1202246,
  "rankedcount": 23653,
  "replaycount": 2608610,
  "gamesplayed": 78870894,
  "gamesplayed_delta": 4.765492559804106,
  "gamesfinished": 58755823,
  "gametime": 11950483292.367968,
  "inputs": 40673129314,
  "piecesplaced": 9051699767
}
