{
  "usercount": 5326445,
  "usercount_delta": 0.11226764606822666,
  "anoncount": 4205795,
  "rankedcount": 42337,
  "replaycount": 6261411,
  "gamesplayed": 237658405,
  "gamesplayed_delta": 5.260541130054049,
  "gamesfinished": 185298684,
  "gametime": 40336856307.75053,
  "inputs": 136438737508,
  "piecesplaced": 30752092345
}
