{
  "usercount": 2084641,
  "usercount_delta": 0.11609393657954094,
  "anoncount": 1532303,
  "rankedcount": 31754,
  "replaycount": 3219404,
  "gamesplayed": 97112218,
  "gamesplayed_delta": 5.937375613639379,
  "gamesfinished": 73853218,
  "gametime": 15263850320.405483,
  "inputs": 51388542999,
  "piecesplaced": 11424835704
}
