{
  "usercount": 862105,
  "usercount_delta": 0.03747704530974778,
  "anoncount": 586629,
  "rankedcount": 14157,
  "replaycount": 1486075,
  "gamesplayed": 45506850,
  "gamesplayed_delta": 3.223025896638309,
  "gamesfinished": 32109442,
  "gametime": 6374568144.36573,
  "inputs": 22851145769,
  "piecesplaced": 5035087857
}
