{
  "usercount": 6438252,
  "usercount_delta": 0.16661112962345884,
  "anoncount": 5146873,
  "rankedcount": 48143,
  "replaycount": 7479235,
  "gamesplayed": 282505792,
  "gamesplayed_delta": 4.862015691739117,
  "gamesfinished": 220207307,
  "gametime": 48245094695.07589,
  "inputs": 163964117963,
  "piecesplaced": 37036855375
}
