{
  "usercount": 861283,
  "usercount_delta": 0.13521634615384615,
  "anoncount": 585988,
  "rankedcount": 14107,
  "replaycount": 1484675,
  "gamesplayed": 45466426,
  "gamesplayed_delta": 4.326923076923077,
  "gamesfinished": 32077512,
  "gametime": 6368287968.644969,
  "inputs": 22830883087,
  "piecesplaced": 5030532644
}
