{
  "usercount": 934622,
  "usercount_delta": 0.04584422133590062,
  "anoncount": 642003,
  "rankedcount": 14241,
  "replaycount": 1597105,
  "gamesplayed": 48682398,
  "gamesplayed_delta": 3.927321627775486,
  "gamesfinished": 34567914,
  "gametime": 6877393784.875898,
  "inputs": 24477176202,
  "piecesplaced": 5405488526
}
