{
  "usercount": 9561995,
  "usercount_delta": 0.08842645129913196,
  "anoncount": 7108771,
  "totalaccounts": 16725867,
  "rankedcount": 53198,
  "replaycount": 13889211,
  "gamesplayed": 640877622,
  "gamesplayed_delta": 3.419156116899769,
  "gamesfinished": 498099530,
  "gametime": 113004781478.64117,
  "inputs": 399340463730,
  "piecesplaced": 91824253453
}
