{
  "usercount": 9590528,
  "usercount_delta": 0.2115850978987972,
  "anoncount": 7123910,
  "totalaccounts": 16852309,
  "rankedcount": 51624,
  "replaycount": 14014080,
  "gamesplayed": 646379504,
  "gamesplayed_delta": 5.257075893947039,
  "gamesfinished": 502194939,
  "gametime": 114039257807.03607,
  "inputs": 403294724375,
  "piecesplaced": 92763567372
}
