{
  "usercount": 812969,
  "usercount_delta": 0.06112656254775512,
  "anoncount": 548410,
  "rankedcount": 13996,
  "replaycount": 1405584,
  "gamesplayed": 43217327,
  "gamesplayed_delta": 2.460344142547144,
  "gamesfinished": 30359940,
  "gametime": 6015168691.99489,
  "inputs": 21683803663,
  "piecesplaced": 4768940952
}
