{
  "usercount": 728257,
  "usercount_delta": 0.06399488040956723,
  "anoncount": 481753,
  "rankedcount": 13340,
  "replaycount": 1231506,
  "gamesplayed": 39319131,
  "gamesplayed_delta": 2.383809295256379,
  "gamesfinished": 27397876,
  "gametime": 5398668469.279008,
  "inputs": 19665769481,
  "piecesplaced": 4308116054
}
