{
  "usercount": 767508,
  "usercount_delta": 0.037476343058444356,
  "anoncount": 512673,
  "rankedcount": 13893,
  "replaycount": 1324252,
  "gamesplayed": 41060135,
  "gamesplayed_delta": 2.079937039743662,
  "gamesfinished": 28723640,
  "gametime": 5673562941.187285,
  "inputs": 20562026100,
  "piecesplaced": 4511950753
}
