{
  "usercount": 5718265,
  "usercount_delta": 0.05805739941555551,
  "anoncount": 4538117,
  "rankedcount": 43491,
  "replaycount": 6673535,
  "gamesplayed": 253279692,
  "gamesplayed_delta": 4.296247556751108,
  "gamesfinished": 197438067,
  "gametime": 43088748693.291885,
  "inputs": 146020180037,
  "piecesplaced": 32941680637
}
