{
  "usercount": 956124,
  "usercount_delta": 0.016294606485253382,
  "anoncount": 658306,
  "rankedcount": 14528,
  "replaycount": 1626001,
  "gamesplayed": 49597735,
  "gamesplayed_delta": 1.9390581717451525,
  "gamesfinished": 35275610,
  "gametime": 7022903878.26453,
  "inputs": 24950417456,
  "piecesplaced": 5513253460
}
