{
  "usercount": 771342,
  "usercount_delta": 0.045178681686068395,
  "anoncount": 515705,
  "rankedcount": 13878,
  "replaycount": 1332225,
  "gamesplayed": 41252068,
  "gamesplayed_delta": 2.243874523741397,
  "gamesfinished": 28868794,
  "gametime": 5703861606.02258,
  "inputs": 20663099260,
  "piecesplaced": 4535070212
}
