{
  "usercount": 7595456,
  "usercount_delta": 0.08428292090890702,
  "anoncount": 5691333,
  "totalaccounts": 11530202,
  "rankedcount": 56932,
  "replaycount": 10233310,
  "gamesplayed": 467143200,
  "gamesplayed_delta": 3.3881734205380623,
  "gamesfinished": 364254980,
  "gametime": 81064603590.89798,
  "inputs": 281896830754,
  "piecesplaced": 64390212946
}
