{
  "usercount": 7153209,
  "usercount_delta": 0.2724873795318954,
  "anoncount": 5299707,
  "totalaccounts": 11076543,
  "rankedcount": 59586,
  "replaycount": 9748438,
  "gamesplayed": 451021733,
  "gamesplayed_delta": 7.342817806333181,
  "gamesfinished": 351512150,
  "gametime": 78039248887.17497,
  "inputs": 270848786125,
  "piecesplaced": 61811800668
}
