{
  "usercount": 1197064,
  "usercount_delta": 0.05803493703209332,
  "anoncount": 843858,
  "rankedcount": 16753,
  "replaycount": 1964931,
  "gamesplayed": 59769826,
  "gamesplayed_delta": 3.3079914108293194,
  "gamesfinished": 43220783,
  "gametime": 8666072334.859095,
  "inputs": 30236984145,
  "piecesplaced": 6713571352
}
