{
  "usercount": 3325122,
  "usercount_delta": 0.16244900906104473,
  "anoncount": 2528611,
  "rankedcount": 31667,
  "replaycount": 3742373,
  "gamesplayed": 156439277,
  "gamesplayed_delta": 4.602721923396267,
  "gamesfinished": 121983967,
  "gametime": 25938221230.837772,
  "inputs": 87004354334,
  "piecesplaced": 19488642364
}
