{
  "usercount": 817222,
  "usercount_delta": 0.06752764412931545,
  "anoncount": 551758,
  "rankedcount": 13988,
  "replaycount": 1413388,
  "gamesplayed": 43425044,
  "gamesplayed_delta": 2.8361610534312485,
  "gamesfinished": 30518011,
  "gametime": 6047658644.581497,
  "inputs": 21789655058,
  "piecesplaced": 4793164355
}
