{
  "usercount": 799570,
  "usercount_delta": 0.05320658342792282,
  "anoncount": 538050,
  "rankedcount": 13932,
  "replaycount": 1380638,
  "gamesplayed": 42546014,
  "gamesplayed_delta": 2.660329171396141,
  "gamesfinished": 29851758,
  "gametime": 5908805032.994212,
  "inputs": 21337117508,
  "piecesplaced": 4689594084
}
