{
  "usercount": 891199,
  "usercount_delta": 0.1012965964343598,
  "anoncount": 609194,
  "rankedcount": 14279,
  "replaycount": 1530408,
  "gamesplayed": 46822499,
  "gamesplayed_delta": 4.406401944894651,
  "gamesfinished": 33129173,
  "gametime": 6582946472.066868,
  "inputs": 23523369408,
  "piecesplaced": 5188434308
}
