{
  "usercount": 1021036,
  "usercount_delta": 0.07910140800506249,
  "anoncount": 708530,
  "rankedcount": 15299,
  "replaycount": 1728489,
  "gamesplayed": 52657271,
  "gamesplayed_delta": 3.401360544217687,
  "gamesfinished": 37626236,
  "gametime": 7508267268.884634,
  "inputs": 26532057883,
  "piecesplaced": 5873801040
}
