{
  "usercount": 1061507,
  "usercount_delta": 0.18960580952200376,
  "anoncount": 739670,
  "rankedcount": 15615,
  "replaycount": 1786200,
  "gamesplayed": 54436587,
  "gamesplayed_delta": 2.1994273904552437,
  "gamesfinished": 39002500,
  "gametime": 7794834655.677647,
  "inputs": 27466701498,
  "piecesplaced": 6086863287
}
