{
  "usercount": 1096756,
  "usercount_delta": 0.09672302394862073,
  "anoncount": 766883,
  "rankedcount": 15894,
  "replaycount": 1835746,
  "gamesplayed": 55968082,
  "gamesplayed_delta": 3.211204395094208,
  "gamesfinished": 40196721,
  "gametime": 8043483290.87818,
  "inputs": 28266676149,
  "piecesplaced": 6268618886
}
