{
  "usercount": 1054289,
  "usercount_delta": 0.015853639202879022,
  "anoncount": 734058,
  "rankedcount": 15747,
  "replaycount": 1776263,
  "gamesplayed": 54124839,
  "gamesplayed_delta": 2.8536550565182237,
  "gamesfinished": 38759661,
  "gametime": 7743963247.24569,
  "inputs": 27301709274,
  "piecesplaced": 6049331061
}
