{
  "usercount": 1126570,
  "usercount_delta": 0.22753128555176336,
  "anoncount": 790152,
  "rankedcount": 16044,
  "replaycount": 1878547,
  "gamesplayed": 57274382,
  "gamesplayed_delta": 3.4319302237390974,
  "gamesfinished": 41222299,
  "gametime": 8254832752.400243,
  "inputs": 28949642204,
  "piecesplaced": 6423951947
}
