{
  "usercount": 855766,
  "usercount_delta": 0.13908205841446453,
  "anoncount": 581703,
  "rankedcount": 14110,
  "replaycount": 1476045,
  "gamesplayed": 45219381,
  "gamesplayed_delta": 3.437313729386052,
  "gamesfinished": 31887227,
  "gametime": 6329550256.77001,
  "inputs": 22705157475,
  "piecesplaced": 5002049611
}
