{
  "usercount": 810240,
  "usercount_delta": 0.05320658342792282,
  "anoncount": 546276,
  "rankedcount": 13902,
  "replaycount": 1400851,
  "gamesplayed": 43088630,
  "gamesplayed_delta": 2.14599886492622,
  "gamesfinished": 30260788,
  "gametime": 5994469730.348482,
  "inputs": 21615999221,
  "piecesplaced": 4753520321
}
