{
  "usercount": 1033183,
  "usercount_delta": 0.04962532876780308,
  "anoncount": 717937,
  "rankedcount": 15474,
  "replaycount": 1747131,
  "gamesplayed": 53250834,
  "gamesplayed_delta": 3.2256463699072007,
  "gamesfinished": 38081345,
  "gametime": 7603912556.110216,
  "inputs": 26845656757,
  "piecesplaced": 5945414662
}
