{
  "usercount": 1150018,
  "usercount_delta": 0.1563232765358762,
  "anoncount": 808317,
  "rankedcount": 16146,
  "replaycount": 1907741,
  "gamesplayed": 58154072,
  "gamesplayed_delta": 2.7747381585118025,
  "gamesfinished": 41922789,
  "gametime": 8397697621.5768,
  "inputs": 29401189916,
  "piecesplaced": 6525776441
}
