{
  "usercount": 732413,
  "usercount_delta": 0.04521272587524302,
  "anoncount": 485082,
  "rankedcount": 13474,
  "replaycount": 1242686,
  "gamesplayed": 39468253,
  "gamesplayed_delta": 1.5372326797582627,
  "gamesfinished": 27513908,
  "gametime": 5422328616.509843,
  "inputs": 19741381243,
  "piecesplaced": 4325179992
}
