{
  "usercount": 8977785,
  "usercount_delta": 0.16475278844094435,
  "anoncount": 6918718,
  "totalaccounts": 12947388,
  "rankedcount": 47214,
  "replaycount": 11528308,
  "gamesplayed": 515743319,
  "gamesplayed_delta": 5.09086116282518,
  "gamesfinished": 402032581,
  "gametime": 89956304945.64386,
  "inputs": 314733951513,
  "piecesplaced": 72078651427
}
