{
  "usercount": 892726,
  "usercount_delta": 0.045178681686068395,
  "anoncount": 610408,
  "rankedcount": 14338,
  "replaycount": 1533053,
  "gamesplayed": 46895250,
  "gamesplayed_delta": 2.966733430718491,
  "gamesfinished": 33184900,
  "gametime": 6594349946.669766,
  "inputs": 23559520536,
  "piecesplaced": 5196551720
}
