{
  "usercount": 5785940,
  "usercount_delta": 0.18412507113923204,
  "anoncount": 4135530,
  "rankedcount": 42049,
  "replaycount": 10114577,
  "gamesplayed": 392481130,
  "gamesplayed_delta": 3.6992400656154802,
  "gamesfinished": 304791082,
  "gametime": 67567861048.78658,
  "inputs": 233397138601,
  "piecesplaced": 53138530223
}
