{
  "usercount": 6294658,
  "usercount_delta": 0.12995240493169377,
  "anoncount": 5026435,
  "rankedcount": 47376,
  "replaycount": 7301147,
  "gamesplayed": 276085533,
  "gamesplayed_delta": 6.383911892269456,
  "gamesfinished": 215235318,
  "gametime": 47100813377.06462,
  "inputs": 159960819685,
  "piecesplaced": 36120408847
}
