{
  "usercount": 8049346,
  "usercount_delta": 0.15919447595168448,
  "anoncount": 6448175,
  "rankedcount": 43243,
  "replaycount": 9762191,
  "gamesplayed": 378121601,
  "gamesplayed_delta": 5.830497681730444,
  "gamesfinished": 293628518,
  "gametime": 65019544009.29089,
  "inputs": 224149737526,
  "piecesplaced": 50999867443
}
