{
  "usercount": 1115236,
  "usercount_delta": 0.088386070355312,
  "anoncount": 781157,
  "rankedcount": 16001,
  "replaycount": 1862305,
  "gamesplayed": 56784531,
  "gamesplayed_delta": 2.686936538801485,
  "gamesfinished": 40837984,
  "gametime": 8176025478.745847,
  "inputs": 28698041421,
  "piecesplaced": 6366905613
}
