{
  "usercount": 1633615,
  "usercount_delta": 0.09890544639324805,
  "anoncount": 1181251,
  "rankedcount": 23067,
  "replaycount": 2572156,
  "gamesplayed": 77618931,
  "gamesplayed_delta": 5.04417776605565,
  "gamesfinished": 57718349,
  "gametime": 11725001514.505198,
  "inputs": 39945781377,
  "piecesplaced": 8889221717
}
