{
  "usercount": 3865549,
  "usercount_delta": 0.11865211200759374,
  "anoncount": 2978924,
  "rankedcount": 36602,
  "replaycount": 4552519,
  "gamesplayed": 176625895,
  "gamesplayed_delta": 7.554184464483468,
  "gamesfinished": 138076581,
  "gametime": 29564342302.854385,
  "inputs": 99264581381,
  "piecesplaced": 22264636304
}
