{
  "usercount": 912899,
  "usercount_delta": 0.09014016796117963,
  "anoncount": 625483,
  "rankedcount": 14287,
  "replaycount": 1562212,
  "gamesplayed": 47736039,
  "gamesplayed_delta": 2.493877980259303,
  "gamesfinished": 33837392,
  "gametime": 6729081020.60515,
  "inputs": 23998623568,
  "piecesplaced": 5296869648
}
