{
  "usercount": 3813339,
  "usercount_delta": 0.17714007351313052,
  "anoncount": 2935786,
  "rankedcount": 36017,
  "replaycount": 4478083,
  "gamesplayed": 174503237,
  "gamesplayed_delta": 6.244187591337851,
  "gamesfinished": 136392268,
  "gametime": 29181638084.385212,
  "inputs": 97960809462,
  "piecesplaced": 21969866079
}
