{
  "usercount": 801099,
  "usercount_delta": 0.01564504521418067,
  "anoncount": 539248,
  "rankedcount": 13839,
  "replaycount": 1383908,
  "gamesplayed": 42635070,
  "gamesplayed_delta": 3.1290090428361337,
  "gamesfinished": 29919654,
  "gametime": 5922839447.499021,
  "inputs": 21383926050,
  "piecesplaced": 4700371685
}
