{
  "usercount": 2550168,
  "usercount_delta": 0.12964283399235108,
  "anoncount": 1901892,
  "rankedcount": 29932,
  "replaycount": 3857939,
  "gamesplayed": 121214879,
  "gamesplayed_delta": 4.5212938354832435,
  "gamesfinished": 93382711,
  "gametime": 19612002891.562325,
  "inputs": 65937729062,
  "piecesplaced": 14721422084
}
