{
  "usercount": 1091399,
  "usercount_delta": 0.03170627308613009,
  "anoncount": 762696,
  "rankedcount": 15925,
  "replaycount": 1828167,
  "gamesplayed": 55741316,
  "gamesplayed_delta": 2.9486833970100985,
  "gamesfinished": 40019912,
  "gametime": 8007344459.181399,
  "inputs": 28150848737,
  "piecesplaced": 6242500433
}
