{
  "usercount": 1187394,
  "usercount_delta": 0.06291385520376225,
  "anoncount": 836362,
  "rankedcount": 16657,
  "replaycount": 1952352,
  "gamesplayed": 59419871,
  "gamesplayed_delta": 2.5322826719514304,
  "gamesfinished": 42940974,
  "gametime": 8608153612.575628,
  "inputs": 30056853956,
  "piecesplaced": 6673251679
}
