{
  "usercount": 915263,
  "usercount_delta": 0.06009525097279187,
  "anoncount": 627305,
  "rankedcount": 14365,
  "replaycount": 1566712,
  "gamesplayed": 47843049,
  "gamesplayed_delta": 2.5390243536004564,
  "gamesfinished": 33919754,
  "gametime": 6745378753.647691,
  "inputs": 24051688611,
  "piecesplaced": 5308861485
}
