{
  "usercount": 7575971,
  "usercount_delta": 0.2517735223115771,
  "anoncount": 6127720,
  "rankedcount": 39457,
  "replaycount": 8626589,
  "gamesplayed": 330871593,
  "gamesplayed_delta": 4.576354023192785,
  "gamesfinished": 256808027,
  "gametime": 56720005351.99362,
  "inputs": 194394163190,
  "piecesplaced": 44110808680
}
