{
  "usercount": 1254215,
  "usercount_delta": 0.1237426859233856,
  "anoncount": 888039,
  "rankedcount": 17479,
  "replaycount": 2042304,
  "gamesplayed": 62012314,
  "gamesplayed_delta": 3.1465997277660906,
  "gamesfinished": 45025338,
  "gametime": 9037512471.526268,
  "inputs": 31408383875,
  "piecesplaced": 6976596601
}
