{
  "usercount": 8561258,
  "usercount_delta": 0.2300648782956794,
  "anoncount": 6301766,
  "totalaccounts": 14799110,
  "rankedcount": 49012,
  "replaycount": 12184004,
  "gamesplayed": 577097980,
  "gamesplayed_delta": 6.656543812021657,
  "gamesfinished": 449119038,
  "gametime": 101169621862.11714,
  "inputs": 355907326146,
  "piecesplaced": 81692514104
}
