{
  "usercount": 6221509,
  "usercount_delta": 0.03516792685071215,
  "anoncount": 4479135,
  "rankedcount": 45816,
  "replaycount": 8636012,
  "gamesplayed": 419343595,
  "gamesplayed_delta": 4.308071039212239,
  "gamesfinished": 326095576,
  "gametime": 72254545703.73787,
  "inputs": 250128429957,
  "piecesplaced": 57025281009
}
