{
  "usercount": 8404579,
  "usercount_delta": 0.17225539733578318,
  "anoncount": 6403801,
  "totalaccounts": 12360727,
  "rankedcount": 45352,
  "replaycount": 11051906,
  "gamesplayed": 497843589,
  "gamesplayed_delta": 2.9139871382636655,
  "gamesfinished": 388065196,
  "gametime": 86742016916.05696,
  "inputs": 303006382717,
  "piecesplaced": 69345052323
}
