{
  "usercount": 1004612,
  "usercount_delta": 0.04578055852281398,
  "anoncount": 695683,
  "rankedcount": 15080,
  "replaycount": 1701768,
  "gamesplayed": 51848826,
  "gamesplayed_delta": 2.792614069891653,
  "gamesfinished": 37003749,
  "gametime": 7379055357.8797455,
  "inputs": 26109667367,
  "piecesplaced": 5777743573
}
