{
  "usercount": 898317,
  "usercount_delta": 0.12018689061490617,
  "anoncount": 614806,
  "rankedcount": 14331,
  "replaycount": 1541372,
  "gamesplayed": 47145471,
  "gamesplayed_delta": 2.1934107537220378,
  "gamesfinished": 33379215,
  "gametime": 6634230293.533052,
  "inputs": 23688588900,
  "piecesplaced": 5225829124
}
