{
  "usercount": 1150428,
  "usercount_delta": 0.07738141298460109,
  "anoncount": 808626,
  "rankedcount": 16156,
  "replaycount": 1908219,
  "gamesplayed": 58168411,
  "gamesplayed_delta": 3.869070649230055,
  "gamesfinished": 41934856,
  "gametime": 8400279351.8729105,
  "inputs": 29409108409,
  "piecesplaced": 6527544488
}
