{
  "usercount": 3536310,
  "usercount_delta": 0.15873771766909536,
  "anoncount": 2706090,
  "rankedcount": 33422,
  "replaycount": 4090334,
  "gamesplayed": 164172886,
  "gamesplayed_delta": 6.619362826801276,
  "gamesfinished": 128182228,
  "gametime": 27333684511.694298,
  "inputs": 91702694389,
  "piecesplaced": 20553978829
}
