{
  "usercount": 849753,
  "usercount_delta": 0.1069698497837681,
  "anoncount": 577041,
  "rankedcount": 14048,
  "replaycount": 1466936,
  "gamesplayed": 44953099,
  "gamesplayed_delta": 3.0562814223933743,
  "gamesfinished": 31683639,
  "gametime": 6287987890.901211,
  "inputs": 22571190371,
  "piecesplaced": 4971601025
}
