{
  "usercount": 763816,
  "usercount_delta": 0.07495268611688871,
  "anoncount": 509757,
  "rankedcount": 13895,
  "replaycount": 1316576,
  "gamesplayed": 40887277,
  "gamesplayed_delta": 1.555268236925441,
  "gamesfinished": 28592783,
  "gametime": 5646183334.860551,
  "inputs": 20471205626,
  "piecesplaced": 4491163489
}
