{
  "usercount": 785134,
  "usercount_delta": 0.09387173991269927,
  "anoncount": 526524,
  "rankedcount": 13939,
  "replaycount": 1358643,
  "gamesplayed": 41959374,
  "gamesplayed_delta": 2.0338876981084844,
  "gamesfinished": 29404647,
  "gametime": 5816034276.068089,
  "inputs": 21034678332,
  "piecesplaced": 4620204443
}
