{
  "usercount": 845329,
  "usercount_delta": 0.05621556796462167,
  "anoncount": 573577,
  "rankedcount": 14063,
  "replaycount": 1459314,
  "gamesplayed": 44741077,
  "gamesplayed_delta": 2.061237492036128,
  "gamesfinished": 31523429,
  "gametime": 6254743187.265047,
  "inputs": 22463751700,
  "piecesplaced": 4947114743
}
