{
  "usercount": 1068643,
  "usercount_delta": 0.037921880925293895,
  "anoncount": 745192,
  "rankedcount": 15877,
  "replaycount": 1796128,
  "gamesplayed": 54770089,
  "gamesplayed_delta": 2.7872582480091013,
  "gamesfinished": 39261513,
  "gametime": 7849632832.614299,
  "inputs": 27643296718,
  "piecesplaced": 6127219091
}
