{
  "usercount": 971809,
  "usercount_delta": 0.0290018996244254,
  "anoncount": 670270,
  "rankedcount": 14694,
  "replaycount": 1650018,
  "gamesplayed": 50293903,
  "gamesplayed_delta": 3.6687403024898133,
  "gamesfinished": 35808061,
  "gametime": 7132318912.171249,
  "inputs": 25306737987,
  "piecesplaced": 5594523079
}
