{
  "usercount": 973780,
  "usercount_delta": 0.08764113875052951,
  "anoncount": 671819,
  "rankedcount": 14592,
  "replaycount": 1652915,
  "gamesplayed": 50387471,
  "gamesplayed_delta": 2.483165597931669,
  "gamesfinished": 35878943,
  "gametime": 7146795188.235275,
  "inputs": 25353425569,
  "piecesplaced": 5605110831
}
