{
  "usercount": 800028,
  "usercount_delta": 0.03098325355145544,
  "anoncount": 538409,
  "rankedcount": 13963,
  "replaycount": 1381638,
  "gamesplayed": 42574803,
  "gamesplayed_delta": 2.4631686573407072,
  "gamesfinished": 29874814,
  "gametime": 5913484390.129897,
  "inputs": 21352581811,
  "piecesplaced": 4693128917
}
