{
  "usercount": 958566,
  "usercount_delta": 0.0742644110089563,
  "anoncount": 660100,
  "rankedcount": 14602,
  "replaycount": 1629603,
  "gamesplayed": 49703970,
  "gamesplayed_delta": 3.802337843658562,
  "gamesfinished": 35357772,
  "gametime": 7039650109.173854,
  "inputs": 25004810713,
  "piecesplaced": 5525722561
}
