{
  "usercount": 932663,
  "usercount_delta": 0.052697219343392644,
  "anoncount": 640515,
  "rankedcount": 14399,
  "replaycount": 1594803,
  "gamesplayed": 48612698,
  "gamesplayed_delta": 2.3362433908904072,
  "gamesfinished": 34513885,
  "gametime": 6866297142.900418,
  "inputs": 24441696854,
  "piecesplaced": 5397422429
}
