{
  "usercount": 8450550,
  "usercount_delta": 0.17741331388357745,
  "anoncount": 6891072,
  "rankedcount": 42858,
  "replaycount": 9453079,
  "gamesplayed": 365125852,
  "gamesplayed_delta": 6.071477852904651,
  "gamesfinished": 283404535,
  "gametime": 62691711652.84908,
  "inputs": 215748807596,
  "piecesplaced": 49058725705
}
