{
  "usercount": 1128429,
  "usercount_delta": 0.079266939344938,
  "anoncount": 791583,
  "rankedcount": 16091,
  "replaycount": 1880606,
  "gamesplayed": 57338433,
  "gamesplayed_delta": 3.677985985605124,
  "gamesfinished": 41273715,
  "gametime": 8265288668.406971,
  "inputs": 28982548221,
  "piecesplaced": 6431393646
}
