{
  "usercount": 941645,
  "usercount_delta": 0.09934630133720121,
  "anoncount": 647401,
  "rankedcount": 14282,
  "replaycount": 1606474,
  "gamesplayed": 48961623,
  "gamesplayed_delta": 3.338035724929961,
  "gamesfinished": 34784477,
  "gametime": 6922319930.8489,
  "inputs": 24621228982,
  "piecesplaced": 5438117435
}
