{
  "usercount": 8337417,
  "usercount_delta": 0.26962899050905953,
  "anoncount": 6799142,
  "rankedcount": 42027,
  "replaycount": 9294804,
  "gamesplayed": 358915568,
  "gamesplayed_delta": 5.536381938452689,
  "gamesfinished": 278518463,
  "gametime": 61594766975.42608,
  "inputs": 211829972144,
  "piecesplaced": 48156463781
}
