{
  "usercount": 732639,
  "usercount_delta": 0.11626748164634754,
  "anoncount": 485265,
  "rankedcount": 13482,
  "replaycount": 1243345,
  "gamesplayed": 39476615,
  "gamesplayed_delta": 2.4416171145732983,
  "gamesfinished": 27520505,
  "gametime": 5423668084.84183,
  "inputs": 19745878943,
  "piecesplaced": 4326208771
}
