{
  "usercount": 970593,
  "usercount_delta": 0.030455306837216384,
  "anoncount": 669319,
  "rankedcount": 14660,
  "replaycount": 1648202,
  "gamesplayed": 50242647,
  "gamesplayed_delta": 2.375513933302878,
  "gamesfinished": 35769681,
  "gametime": 7124350542.678457,
  "inputs": 25280739522,
  "piecesplaced": 5588587831
}
