{
  "usercount": 834559,
  "usercount_delta": 0.045178681686068395,
  "anoncount": 565201,
  "rankedcount": 14007,
  "replaycount": 1441640,
  "gamesplayed": 44228515,
  "gamesplayed_delta": 3.162507718024788,
  "gamesfinished": 31132299,
  "gametime": 6174081320.630846,
  "inputs": 22199279757,
  "piecesplaced": 4886718419
}
