{
  "usercount": 1439903,
  "usercount_delta": 0.12690355329949238,
  "anoncount": 1031132,
  "rankedcount": 20013,
  "replaycount": 2293825,
  "gamesplayed": 69418315,
  "gamesplayed_delta": 4.156091370558376,
  "gamesfinished": 51003974,
  "gametime": 10294808989.580896,
  "inputs": 35363655812,
  "piecesplaced": 7865485530
}
