{
  "usercount": 1159301,
  "usercount_delta": 0.17585681347453985,
  "anoncount": 815129,
  "rankedcount": 16158,
  "replaycount": 1916918,
  "gamesplayed": 58425902,
  "gamesplayed_delta": 4.16194458556411,
  "gamesfinished": 42141632,
  "gametime": 8443602951.597902,
  "inputs": 29544938025,
  "piecesplaced": 6558187395
}
