{
  "usercount": 1222938,
  "usercount_delta": 0.1157943492357573,
  "anoncount": 863716,
  "rankedcount": 17201,
  "replaycount": 1999459,
  "gamesplayed": 60773186,
  "gamesplayed_delta": 3.8212135247799908,
  "gamesfinished": 44030070,
  "gametime": 8833061702.084269,
  "inputs": 30762790021,
  "piecesplaced": 6831548745
}
