{
  "usercount": 5471833,
  "usercount_delta": 0.137621893677257,
  "anoncount": 4328776,
  "rankedcount": 43582,
  "replaycount": 6420565,
  "gamesplayed": 243529635,
  "gamesplayed_delta": 5.268952500786411,
  "gamesfinished": 189856289,
  "gametime": 41371894379.56799,
  "inputs": 140038013955,
  "piecesplaced": 31573725231
}
