{
  "usercount": 1166525,
  "usercount_delta": 0.04755940962919514,
  "anoncount": 820407,
  "rankedcount": 16347,
  "replaycount": 1925885,
  "gamesplayed": 58666154,
  "gamesplayed_delta": 3.091361625897684,
  "gamesfinished": 42334641,
  "gametime": 8483853299.87747,
  "inputs": 29670248539,
  "piecesplaced": 6586471782
}
