{
  "usercount": 4668972,
  "usercount_delta": 0.0830661372584852,
  "anoncount": 3653273,
  "rankedcount": 41853,
  "replaycount": 5543803,
  "gamesplayed": 210261766,
  "gamesplayed_delta": 4.286212682537837,
  "gamesfinished": 164213701,
  "gametime": 35535251255.8931,
  "inputs": 119848243952,
  "piecesplaced": 26959287506
}
