{
  "usercount": 9132718,
  "usercount_delta": 0.07463689152274186,
  "anoncount": 6767830,
  "totalaccounts": 15860131,
  "rankedcount": 51906,
  "replaycount": 13109385,
  "gamesplayed": 610959633,
  "gamesplayed_delta": 4.045319520532609,
  "gamesfinished": 475211400,
  "gametime": 107455798750.60994,
  "inputs": 378940952609,
  "piecesplaced": 87065921111
}
