{
  "usercount": 959775,
  "usercount_delta": 0.08970218873340509,
  "anoncount": 661062,
  "rankedcount": 14643,
  "replaycount": 1631493,
  "gamesplayed": 49759030,
  "gamesplayed_delta": 3.1694773352469796,
  "gamesfinished": 35398843,
  "gametime": 7047999042.728756,
  "inputs": 25033169189,
  "piecesplaced": 5532228686
}
