{
  "usercount": 1262512,
  "usercount_delta": 0.079266939344938,
  "anoncount": 894476,
  "rankedcount": 17817,
  "replaycount": 2053260,
  "gamesplayed": 62321682,
  "gamesplayed_delta": 3.8048130885570246,
  "gamesfinished": 45274886,
  "gametime": 9089624451.1154,
  "inputs": 31572745510,
  "piecesplaced": 7013516902
}
