{
  "usercount": 1041625,
  "usercount_delta": 0.097700138734197,
  "anoncount": 724327,
  "rankedcount": 15469,
  "replaycount": 1758147,
  "gamesplayed": 53602866,
  "gamesplayed_delta": 3.8298454383805227,
  "gamesfinished": 38353346,
  "gametime": 7660260069.3371315,
  "inputs": 27029685164,
  "piecesplaced": 5987426050
}
