{
  "usercount": 1014301,
  "usercount_delta": 0.061042607740202655,
  "anoncount": 703201,
  "rankedcount": 15145,
  "replaycount": 1717867,
  "gamesplayed": 52336196,
  "gamesplayed_delta": 3.3878647295812474,
  "gamesfinished": 37378812,
  "gametime": 7456323569.031527,
  "inputs": 26361805221,
  "piecesplaced": 5835096612
}
