{
  "usercount": 1117376,
  "usercount_delta": 0.019540409566984523,
  "anoncount": 782913,
  "rankedcount": 16084,
  "replaycount": 1865578,
  "gamesplayed": 56877692,
  "gamesplayed_delta": 3.7908394559949974,
  "gamesfinished": 40910950,
  "gametime": 8191158433.324246,
  "inputs": 28747941062,
  "piecesplaced": 6378294650
}
