{
  "usercount": 1018806,
  "usercount_delta": 0.07613942651783948,
  "anoncount": 706765,
  "rankedcount": 15196,
  "replaycount": 1724882,
  "gamesplayed": 52546057,
  "gamesplayed_delta": 3.852654981802677,
  "gamesfinished": 37541122,
  "gametime": 7490047756.93268,
  "inputs": 26471148430,
  "piecesplaced": 5859881457
}
