{
  "usercount": 748665,
  "usercount_delta": 0.03848374061958822,
  "anoncount": 497850,
  "rankedcount": 13750,
  "replaycount": 1284109,
  "gamesplayed": 40170320,
  "gamesplayed_delta": 2.039638252838176,
  "gamesfinished": 28047574,
  "gametime": 5532185297.229073,
  "inputs": 20099355254,
  "piecesplaced": 4406404876
}
