{
  "usercount": 965938,
  "usercount_delta": 0.17279861761105914,
  "anoncount": 665821,
  "rankedcount": 14491,
  "replaycount": 1640781,
  "gamesplayed": 50037359,
  "gamesplayed_delta": 3.4127726978184176,
  "gamesfinished": 35611953,
  "gametime": 7091721114.087022,
  "inputs": 25175247360,
  "piecesplaced": 5564575219
}
