{
  "usercount": 1083253,
  "usercount_delta": 0.16541776255934362,
  "anoncount": 756424,
  "rankedcount": 15837,
  "replaycount": 1816977,
  "gamesplayed": 55409886,
  "gamesplayed_delta": 3.573023671281822,
  "gamesfinished": 39758082,
  "gametime": 7953066569.217073,
  "inputs": 27976929054,
  "piecesplaced": 6203035516
}
