{
  "usercount": 9269005,
  "usercount_delta": 0.20640899943237526,
  "anoncount": 7180149,
  "totalaccounts": 13245265,
  "rankedcount": 47959,
  "replaycount": 11767078,
  "gamesplayed": 524778721,
  "gamesplayed_delta": 3.354146240776098,
  "gamesfinished": 409106858,
  "gametime": 91585554213.14594,
  "inputs": 320686178072,
  "piecesplaced": 73460975498
}
