{
  "usercount": 852826,
  "usercount_delta": 0.12225125689573497,
  "anoncount": 579408,
  "rankedcount": 14003,
  "replaycount": 1471855,
  "gamesplayed": 45097189,
  "gamesplayed_delta": 4.171824141566956,
  "gamesfinished": 31791922,
  "gametime": 6310030753.585155,
  "inputs": 22641918233,
  "piecesplaced": 4987680813
}
