{
  "usercount": 4052939,
  "usercount_delta": 0.10829542993285683,
  "anoncount": 3136462,
  "rankedcount": 38680,
  "replaycount": 4793331,
  "gamesplayed": 183892938,
  "gamesplayed_delta": 4.981589776911414,
  "gamesfinished": 143808196,
  "gametime": 30861154664.32767,
  "inputs": 103658524927,
  "piecesplaced": 23259844995
}
