{
  "usercount": 738232,
  "usercount_delta": 0.018356033628253606,
  "anoncount": 489633,
  "rankedcount": 13680,
  "replaycount": 1259218,
  "gamesplayed": 39721142,
  "gamesplayed_delta": 1.9457395645948823,
  "gamesfinished": 27707010,
  "gametime": 5461743626.113171,
  "inputs": 19869164033,
  "piecesplaced": 4354145478
}
