{
  "usercount": 3247798,
  "usercount_delta": 0.11348805538217102,
  "anoncount": 2465910,
  "rankedcount": 31478,
  "replaycount": 3814235,
  "gamesplayed": 152816711,
  "gamesplayed_delta": 6.4688191567837485,
  "gamesfinished": 119076531,
  "gametime": 25290990828.26493,
  "inputs": 84816841116,
  "piecesplaced": 18991874053
}
