{
  "usercount": 957585,
  "usercount_delta": 0.10079919360645116,
  "anoncount": 659357,
  "rankedcount": 14568,
  "replaycount": 1628012,
  "gamesplayed": 49657725,
  "gamesplayed_delta": 3.5567715458276337,
  "gamesfinished": 35322158,
  "gametime": 7032483849.187707,
  "inputs": 24981103078,
  "piecesplaced": 5520304943
}
