{
  "usercount": 933745,
  "usercount_delta": 0.03056234718826406,
  "anoncount": 641308,
  "rankedcount": 14207,
  "replaycount": 1596040,
  "gamesplayed": 48648218,
  "gamesplayed_delta": 3.270171149144254,
  "gamesfinished": 34540971,
  "gametime": 6871845170.86821,
  "inputs": 24459412250,
  "piecesplaced": 5401471364
}
