{
  "usercount": 1185164,
  "usercount_delta": 0.23593066784107708,
  "anoncount": 834593,
  "rankedcount": 16568,
  "replaycount": 1949745,
  "gamesplayed": 59330884,
  "gamesplayed_delta": 6.008367674352764,
  "gamesfinished": 42868794,
  "gametime": 8593178333.22731,
  "inputs": 30009694741,
  "piecesplaced": 6662668183
}
