{
  "usercount": 1150766,
  "usercount_delta": 0.097700138734197,
  "anoncount": 808894,
  "rankedcount": 16163,
  "replaycount": 1908517,
  "gamesplayed": 58181398,
  "gamesplayed_delta": 3.790765382886844,
  "gamesfinished": 41945621,
  "gametime": 8402480566.206248,
  "inputs": 29415901831,
  "piecesplaced": 6529071123
}
