{
  "usercount": 1058818,
  "usercount_delta": 0.03308409978164494,
  "anoncount": 737559,
  "rankedcount": 15685,
  "replaycount": 1782300,
  "gamesplayed": 54309868,
  "gamesplayed_delta": 3.126447429365447,
  "gamesfinished": 38903558,
  "gametime": 7774069462.04557,
  "inputs": 27398668961,
  "piecesplaced": 6071279197
}
