{
  "usercount": 8744957,
  "usercount_delta": 0.1940530212562694,
  "anoncount": 6448509,
  "totalaccounts": 15164987,
  "rankedcount": 50257,
  "replaycount": 12511344,
  "gamesplayed": 588838597,
  "gamesplayed_delta": 5.358848817769285,
  "gamesfinished": 458134705,
  "gametime": 103325434234.8685,
  "inputs": 363782994791,
  "piecesplaced": 83529155834
}
