{
  "usercount": 1116496,
  "usercount_delta": 0.06341154090044389,
  "anoncount": 782202,
  "rankedcount": 16052,
  "replaycount": 1864291,
  "gamesplayed": 56840050,
  "gamesplayed_delta": 4.201014584654407,
  "gamesfinished": 40881003,
  "gametime": 8185116213.28312,
  "inputs": 28728676999,
  "piecesplaced": 6373938452
}
