{
  "usercount": 3796661,
  "usercount_delta": 0.21752887201392185,
  "anoncount": 2921869,
  "rankedcount": 35821,
  "replaycount": 4457439,
  "gamesplayed": 173936001,
  "gamesplayed_delta": 7.119126720455625,
  "gamesfinished": 135938757,
  "gametime": 29079806467.180164,
  "inputs": 97618919479,
  "piecesplaced": 21892936220
}
