{
  "usercount": 8435613,
  "usercount_delta": 0.17575207240985383,
  "anoncount": 6844341,
  "rankedcount": 43315,
  "replaycount": 9694481,
  "gamesplayed": 375071201,
  "gamesplayed_delta": 4.6281379067928174,
  "gamesfinished": 291223442,
  "gametime": 64470550807.66497,
  "inputs": 222160021153,
  "piecesplaced": 50539517212
}
