{
  "usercount": 895919,
  "usercount_delta": 0.015059106994955199,
  "anoncount": 612933,
  "rankedcount": 14251,
  "replaycount": 1537900,
  "gamesplayed": 47047502,
  "gamesplayed_delta": 2.424516226187787,
  "gamesfinished": 33302442,
  "gametime": 6618693466.031588,
  "inputs": 23639063556,
  "piecesplaced": 5214726022
}
