{
  "usercount": 975750,
  "usercount_delta": 0.10659357393025734,
  "anoncount": 673317,
  "rankedcount": 14659,
  "replaycount": 1655445,
  "gamesplayed": 50475365,
  "gamesplayed_delta": 3.730775087559007,
  "gamesfinished": 35949069,
  "gametime": 7160662880.575092,
  "inputs": 25397176773,
  "piecesplaced": 5615045759
}
