{
  "usercount": 1226153,
  "usercount_delta": 0.07574179621669729,
  "anoncount": 866180,
  "rankedcount": 17306,
  "replaycount": 2003220,
  "gamesplayed": 60906999,
  "gamesplayed_delta": 4.241540588135048,
  "gamesfinished": 44139168,
  "gametime": 8854931996.520588,
  "inputs": 30830693050,
  "piecesplaced": 6846707540
}
