{
  "usercount": 1259253,
  "usercount_delta": 0.019540791402051783,
  "anoncount": 891987,
  "rankedcount": 17682,
  "replaycount": 2049062,
  "gamesplayed": 62205239,
  "gamesplayed_delta": 4.787493893502687,
  "gamesfinished": 45181350,
  "gametime": 9069820707.295765,
  "inputs": 31510732750,
  "piecesplaced": 6999643890
}
