{
  "usercount": 1216309,
  "usercount_delta": 0.07738141298460109,
  "anoncount": 858632,
  "rankedcount": 17132,
  "replaycount": 1989180,
  "gamesplayed": 60479534,
  "gamesplayed_delta": 5.145863963475973,
  "gamesfinished": 43794018,
  "gametime": 8783247134.420519,
  "inputs": 30603113850,
  "piecesplaced": 6795560805
}
