{
  "usercount": 8992254,
  "usercount_delta": 0.16365719273362064,
  "anoncount": 6764301,
  "totalaccounts": 14534004,
  "rankedcount": 49547,
  "replaycount": 11895750,
  "gamesplayed": 567393487,
  "gamesplayed_delta": 5.691633480624807,
  "gamesfinished": 441781294,
  "gametime": 99376709454.27025,
  "inputs": 349308010578,
  "piecesplaced": 80150819780
}
