{
  "usercount": 8175759,
  "usercount_delta": 0.11157808606389705,
  "anoncount": 6042521,
  "totalaccounts": 13696836,
  "rankedcount": 50462,
  "replaycount": 10987555,
  "gamesplayed": 539011195,
  "gamesplayed_delta": 5.281362740357793,
  "gamesfinished": 420119689,
  "gametime": 94147722882.82233,
  "inputs": 330072602208,
  "piecesplaced": 75653354504
}
