{
  "usercount": 748909,
  "usercount_delta": 0.07771577785722057,
  "anoncount": 498043,
  "rankedcount": 13755,
  "replaycount": 1284678,
  "gamesplayed": 40181196,
  "gamesplayed_delta": 2.1604986244307316,
  "gamesfinished": 28055920,
  "gametime": 5533914315.3866415,
  "inputs": 20104980125,
  "piecesplaced": 4407670678
}
