{
  "usercount": 1069839,
  "usercount_delta": 0.11010444192777148,
  "anoncount": 746075,
  "rankedcount": 15743,
  "replaycount": 1797970,
  "gamesplayed": 54828323,
  "gamesplayed_delta": 4.089593557317227,
  "gamesfinished": 39306043,
  "gametime": 7859234280.345473,
  "inputs": 27674869057,
  "piecesplaced": 6134413002
}
