{
  "usercount": 8760408,
  "usercount_delta": 0.17913121361397225,
  "anoncount": 6459765,
  "totalaccounts": 15202728,
  "rankedcount": 50151,
  "replaycount": 12550472,
  "gamesplayed": 590249394,
  "gamesplayed_delta": 3.8513210927004033,
  "gamesfinished": 459209280,
  "gametime": 103589299079.17752,
  "inputs": 364772130651,
  "piecesplaced": 83760724048
}
