{
  "usercount": 6845696,
  "usercount_delta": 0.20482762967164556,
  "anoncount": 5494015,
  "rankedcount": 44390,
  "replaycount": 7940735,
  "gamesplayed": 301139588,
  "gamesplayed_delta": 4.553475767315812,
  "gamesfinished": 234393993,
  "gametime": 51559762620.734116,
  "inputs": 175741420451,
  "piecesplaced": 39759855030
}
