{
  "usercount": 8021716,
  "usercount_delta": 0.09271621421154132,
  "anoncount": 5904287,
  "totalaccounts": 13539288,
  "rankedcount": 49605,
  "replaycount": 10798899,
  "gamesplayed": 534053630,
  "gamesplayed_delta": 5.284824210057855,
  "gamesfinished": 416274722,
  "gametime": 93240944107.04344,
  "inputs": 326753012623,
  "piecesplaced": 74880062285
}
