{
  "usercount": 1721965,
  "usercount_delta": 0.17144638403990026,
  "anoncount": 1250372,
  "rankedcount": 24829,
  "replaycount": 2693809,
  "gamesplayed": 81586973,
  "gamesplayed_delta": 4.410847880299252,
  "gamesfinished": 61002854,
  "gametime": 12434182626.780476,
  "inputs": 42239427347,
  "piecesplaced": 9399621017
}
