{
  "usercount": 944906,
  "usercount_delta": 0.059606596463341946,
  "anoncount": 649899,
  "rankedcount": 14394,
  "replaycount": 1611359,
  "gamesplayed": 49100660,
  "gamesplayed_delta": 2.14583747268031,
  "gamesfinished": 34892308,
  "gametime": 6944470506.174798,
  "inputs": 24693773292,
  "piecesplaced": 5454624995
}
