{
  "usercount": 7335346,
  "usercount_delta": 0.02868370478731033,
  "anoncount": 5460630,
  "totalaccounts": 11263491,
  "rankedcount": 59608,
  "replaycount": 9950577,
  "gamesplayed": 457462324,
  "gamesplayed_delta": 3.843616441499584,
  "gamesfinished": 356648230,
  "gametime": 79247735718.19466,
  "inputs": 275221913668,
  "piecesplaced": 62827992098
}
