{
  "usercount": 1827907,
  "usercount_delta": 0.10383907909570995,
  "anoncount": 1332481,
  "rankedcount": 25883,
  "replaycount": 2838699,
  "gamesplayed": 85606074,
  "gamesplayed_delta": 7.773096778021716,
  "gamesfinished": 64346385,
  "gametime": 13163361905.90865,
  "inputs": 44581731119,
  "piecesplaced": 9916315885
}
