{
  "usercount": 8720357,
  "usercount_delta": 0.24577357231887365,
  "anoncount": 6427563,
  "totalaccounts": 15124597,
  "rankedcount": 50112,
  "replaycount": 12481928,
  "gamesplayed": 587738429,
  "gamesplayed_delta": 6.179449818303109,
  "gamesfinished": 457270824,
  "gametime": 103125828231.39015,
  "inputs": 363059125426,
  "piecesplaced": 83361251628
}
