{
  "usercount": 996931,
  "usercount_delta": 0,
  "anoncount": 689709,
  "rankedcount": 14878,
  "replaycount": 1688573,
  "gamesplayed": 51471116,
  "gamesplayed_delta": 2.6235612728503725,
  "gamesfinished": 36717270,
  "gametime": 7318945231.695761,
  "inputs": 25913075281,
  "piecesplaced": 5732774307
}
