{
  "usercount": 1139594,
  "usercount_delta": 0.3482096221925599,
  "anoncount": 800383,
  "rankedcount": 16256,
  "replaycount": 1894929,
  "gamesplayed": 57765062,
  "gamesplayed_delta": 4.120480529278626,
  "gamesfinished": 41611398,
  "gametime": 8334363154.65715,
  "inputs": 29202511904,
  "piecesplaced": 6480998881
}
