{
  "usercount": 3954013,
  "usercount_delta": 0.13285701632665112,
  "anoncount": 3053508,
  "rankedcount": 37372,
  "replaycount": 4662273,
  "gamesplayed": 179914242,
  "gamesplayed_delta": 5.13713796463051,
  "gamesfinished": 140685808,
  "gametime": 30155006582.69093,
  "inputs": 101257735137,
  "piecesplaced": 22715445599
}
