{
  "usercount": 824140,
  "usercount_delta": 0.08441098018030185,
  "anoncount": 557165,
  "rankedcount": 13917,
  "replaycount": 1425138,
  "gamesplayed": 43750114,
  "gamesplayed_delta": 3.156970658743289,
  "gamesfinished": 30764600,
  "gametime": 6098311142.267994,
  "inputs": 21953439500,
  "piecesplaced": 4830575035
}
