{
  "usercount": 1071094,
  "usercount_delta": 0.09480290476100188,
  "anoncount": 747062,
  "rankedcount": 15787,
  "replaycount": 1799580,
  "gamesplayed": 54888639,
  "gamesplayed_delta": 3.0526535333042606,
  "gamesfinished": 39353128,
  "gametime": 7868738247.272875,
  "inputs": 27705359612,
  "piecesplaced": 6141372551
}
