{
  "usercount": 8661621,
  "usercount_delta": 0.1345190942380988,
  "anoncount": 6475104,
  "totalaccounts": 14194191,
  "rankedcount": 49422,
  "replaycount": 11528785,
  "gamesplayed": 555680535,
  "gamesplayed_delta": 4.424183543830805,
  "gamesfinished": 432883986,
  "gametime": 97219379228.70444,
  "inputs": 341405383092,
  "piecesplaced": 78306356659
}
