{
  "usercount": 877151,
  "usercount_delta": 0.05621556796462167,
  "anoncount": 598349,
  "rankedcount": 14325,
  "replaycount": 1508916,
  "gamesplayed": 46185985,
  "gamesplayed_delta": 2.9794251021249485,
  "gamesfinished": 32636707,
  "gametime": 6483625889.434109,
  "inputs": 23201568751,
  "piecesplaced": 5115165251
}
