{
  "usercount": 851159,
  "usercount_delta": 0.0168827660723933,
  "anoncount": 578126,
  "rankedcount": 14110,
  "replaycount": 1469594,
  "gamesplayed": 45027769,
  "gamesplayed_delta": 2.7012425715829282,
  "gamesfinished": 31739646,
  "gametime": 6299270112.444674,
  "inputs": 22607670771,
  "piecesplaced": 4979854800
}
