{
  "usercount": 827003,
  "usercount_delta": 0.1069698497837681,
  "anoncount": 559408,
  "rankedcount": 14042,
  "replaycount": 1429416,
  "gamesplayed": 43878202,
  "gamesplayed_delta": 2.9187487583856724,
  "gamesfinished": 30864499,
  "gametime": 6118684981.011341,
  "inputs": 22020546201,
  "piecesplaced": 4845882660
}
