{
  "usercount": 4009215,
  "usercount_delta": 0.10333323492072864,
  "anoncount": 3099753,
  "rankedcount": 37953,
  "replaycount": 4735432,
  "gamesplayed": 182137030,
  "gamesplayed_delta": 6.111422751025951,
  "gamesfinished": 142426115,
  "gametime": 30548739991.793076,
  "inputs": 102596334393,
  "piecesplaced": 23019195730
}
