{
  "usercount": 1036145,
  "usercount_delta": 0,
  "anoncount": 720275,
  "rankedcount": 15428,
  "replaycount": 1751098,
  "gamesplayed": 53391361,
  "gamesplayed_delta": 2.534241275245686,
  "gamesfinished": 38189244,
  "gametime": 7626185078.423463,
  "inputs": 26919510801,
  "piecesplaced": 5962296053
}
