{
  "usercount": 1056525,
  "usercount_delta": 0.12583166868521636,
  "anoncount": 735735,
  "rankedcount": 15605,
  "replaycount": 1779225,
  "gamesplayed": 54217200,
  "gamesplayed_delta": 3.4131840130864934,
  "gamesfinished": 38830834,
  "gametime": 7758932486.400716,
  "inputs": 27350634686,
  "piecesplaced": 6060406461
}
