{
  "usercount": 1105381,
  "usercount_delta": 0,
  "anoncount": 773550,
  "rankedcount": 15972,
  "replaycount": 1846882,
  "gamesplayed": 56314930,
  "gamesplayed_delta": 2.325308738471158,
  "gamesfinished": 40470984,
  "gametime": 8099829507.1162815,
  "inputs": 28449218781,
  "piecesplaced": 6310109959
}
