{
  "usercount": 4332528,
  "usercount_delta": 0.17714268843553482,
  "anoncount": 3373721,
  "rankedcount": 39708,
  "replaycount": 5124502,
  "gamesplayed": 195068894,
  "gamesplayed_delta": 5.388090106580851,
  "gamesfinished": 152451804,
  "gametime": 32840280977.609097,
  "inputs": 110534958996,
  "piecesplaced": 24830989926
}
