{
  "usercount": 8200072,
  "usercount_delta": 0.37947533410328327,
  "anoncount": 6064257,
  "totalaccounts": 13721737,
  "rankedcount": 50894,
  "replaycount": 11019420,
  "gamesplayed": 539936119,
  "gamesplayed_delta": 4.289721168124072,
  "gamesfinished": 420824036,
  "gametime": 94317327743.17145,
  "inputs": 330702230394,
  "piecesplaced": 75801063368
}
