{
  "usercount": 4724756,
  "usercount_delta": 0.05324057641797402,
  "anoncount": 3699891,
  "rankedcount": 41623,
  "replaycount": 5610177,
  "gamesplayed": 212749843,
  "gamesplayed_delta": 4.170511819407965,
  "gamesfinished": 166144763,
  "gametime": 35975784489.89752,
  "inputs": 121371519172,
  "piecesplaced": 27307837184
}
