{
  "usercount": 1234596,
  "usercount_delta": 0.037921880925293895,
  "anoncount": 872836,
  "rankedcount": 17376,
  "replaycount": 2014424,
  "gamesplayed": 61243260,
  "gamesplayed_delta": 2.6924535456958663,
  "gamesfinished": 44409190,
  "gametime": 8910492639.384066,
  "inputs": 31007096887,
  "piecesplaced": 6886395436
}
