{
  "usercount": 2777910,
  "usercount_delta": 0.11559357299734135,
  "anoncount": 2083388,
  "rankedcount": 29489,
  "replaycount": 4134579,
  "gamesplayed": 132072672,
  "gamesplayed_delta": 4.450352560397642,
  "gamesfinished": 102173785,
  "gametime": 21554295289.512997,
  "inputs": 72388428166,
  "piecesplaced": 16181585253
}
