{
  "usercount": 5757346,
  "usercount_delta": 0.35728109089826415,
  "anoncount": 4571477,
  "rankedcount": 43398,
  "replaycount": 6715257,
  "gamesplayed": 254873052,
  "gamesplayed_delta": 5.76115759073451,
  "gamesfinished": 198668034,
  "gametime": 43368827115.26096,
  "inputs": 146999390934,
  "piecesplaced": 33165984853
}
