{
  "usercount": 854317,
  "usercount_delta": 0.06112749667619237,
  "anoncount": 580595,
  "rankedcount": 14063,
  "replaycount": 1473935,
  "gamesplayed": 45163657,
  "gamesplayed_delta": 2.796582972935801,
  "gamesfinished": 31844603,
  "gametime": 6320747025.968852,
  "inputs": 22676824465,
  "piecesplaced": 4995597067
}
