{
  "usercount": 2755640,
  "usercount_delta": 0.0611321677466683,
  "anoncount": 2065521,
  "rankedcount": 28984,
  "replaycount": 4108125,
  "gamesplayed": 131113019,
  "gamesplayed_delta": 5.563027264946815,
  "gamesfinished": 101381861,
  "gametime": 21378487721.130154,
  "inputs": 71814064652,
  "piecesplaced": 16052716145
}
