{
  "usercount": 837374,
  "usercount_delta": 0.01433219153540768,
  "anoncount": 567367,
  "rankedcount": 14133,
  "replaycount": 1446597,
  "gamesplayed": 44369187,
  "gamesplayed_delta": 2.3074828372006366,
  "gamesfinished": 31240019,
  "gametime": 6196923531.870387,
  "inputs": 22274642197,
  "piecesplaced": 4903928895
}
