{
  "usercount": 917395,
  "usercount_delta": 0.13116965858411722,
  "anoncount": 628901,
  "rankedcount": 14224,
  "replaycount": 1569999,
  "gamesplayed": 47931709,
  "gamesplayed_delta": 2.3235768092043623,
  "gamesfinished": 33987753,
  "gametime": 6759516349.912948,
  "inputs": 24097117473,
  "piecesplaced": 5319250449
}
