{
  "usercount": 8692650,
  "usercount_delta": 0.1580056179775281,
  "anoncount": 6502356,
  "totalaccounts": 14226075,
  "rankedcount": 49187,
  "replaycount": 11559105,
  "gamesplayed": 556643030,
  "gamesplayed_delta": 3.4058988764044944,
  "gamesfinished": 433615623,
  "gametime": 97394538192.26541,
  "inputs": 342042601284,
  "piecesplaced": 78454853654
}
