{
  "usercount": 1066539,
  "usercount_delta": 0.03787161522438932,
  "anoncount": 743533,
  "rankedcount": 15783,
  "replaycount": 1792983,
  "gamesplayed": 54660153,
  "gamesplayed_delta": 2.23442529823897,
  "gamesfinished": 39178202,
  "gametime": 7832020093.243028,
  "inputs": 27584111254,
  "piecesplaced": 6113717324
}
