{
  "usercount": 8206950,
  "usercount_delta": 0.1992642550582465,
  "anoncount": 6688806,
  "rankedcount": 41399,
  "replaycount": 9146370,
  "gamesplayed": 352893515,
  "gamesplayed_delta": 4.629061925199265,
  "gamesfinished": 273791923,
  "gametime": 60542265331.35962,
  "inputs": 208082384966,
  "piecesplaced": 47289111378
}
