{
  "usercount": 809866,
  "usercount_delta": 0.028664793900131855,
  "anoncount": 545978,
  "rankedcount": 13886,
  "replaycount": 1400179,
  "gamesplayed": 43070911,
  "gamesplayed_delta": 1.9778707791090981,
  "gamesfinished": 30247975,
  "gametime": 5991729195.945469,
  "inputs": 21607525578,
  "piecesplaced": 4751560276
}
