{
  "usercount": 8043770,
  "usercount_delta": 0.24022941909523596,
  "anoncount": 6083099,
  "totalaccounts": 11990901,
  "rankedcount": 46785,
  "replaycount": 10721907,
  "gamesplayed": 485202959,
  "gamesplayed_delta": 4.7895740432112675,
  "gamesfinished": 378242539,
  "gametime": 84446791227.89369,
  "inputs": 294503953099,
  "piecesplaced": 67351180392
}
