{
  "usercount": 948955,
  "usercount_delta": 0.11882305761433007,
  "anoncount": 652895,
  "rankedcount": 14312,
  "replaycount": 1616482,
  "gamesplayed": 49275677,
  "gamesplayed_delta": 2.3913140344883925,
  "gamesfinished": 35029347,
  "gametime": 6972617861.140624,
  "inputs": 24785293029,
  "piecesplaced": 5475509907
}
