{
  "usercount": 754738,
  "usercount_delta": 0.037476343058444356,
  "anoncount": 502600,
  "rankedcount": 13845,
  "replaycount": 1297674,
  "gamesplayed": 40453938,
  "gamesplayed_delta": 3.4103472183184365,
  "gamesfinished": 28261840,
  "gametime": 5577234689.726698,
  "inputs": 20245498599,
  "piecesplaced": 4439593412
}
