{
  "usercount": 949109,
  "usercount_delta": 0.032589212970506765,
  "anoncount": 653017,
  "rankedcount": 14308,
  "replaycount": 1616471,
  "gamesplayed": 49283093,
  "gamesplayed_delta": 1.9553527782304059,
  "gamesfinished": 35034981,
  "gametime": 6973742846.722651,
  "inputs": 24789012840,
  "piecesplaced": 5476361791
}
