{
  "usercount": 5687406,
  "usercount_delta": 0.11256552921879523,
  "anoncount": 4075614,
  "rankedcount": 42941,
  "replaycount": 9837668,
  "gamesplayed": 381252737,
  "gamesplayed_delta": 4.454378799086611,
  "gamesfinished": 296080048,
  "gametime": 65581186808.67983,
  "inputs": 226186946750,
  "piecesplaced": 51469715863
}
