{
  "usercount": 1121526,
  "usercount_delta": 0.11607211947690164,
  "anoncount": 786173,
  "rankedcount": 16061,
  "replaycount": 1871324,
  "gamesplayed": 57054084,
  "gamesplayed_delta": 2.2827516830457326,
  "gamesfinished": 41050502,
  "gametime": 8219743182.380127,
  "inputs": 28837851849,
  "piecesplaced": 6398669128
}
