{
  "usercount": 9134905,
  "usercount_delta": 0.16419625931067428,
  "anoncount": 6768684,
  "totalaccounts": 15869624,
  "rankedcount": 51942,
  "replaycount": 13121985,
  "gamesplayed": 611437199,
  "gamesplayed_delta": 4.8960339139910145,
  "gamesfinished": 475568925,
  "gametime": 107547803602.73384,
  "inputs": 379291730291,
  "piecesplaced": 87148852307
}
