{
  "usercount": 2246934,
  "usercount_delta": 0,
  "anoncount": 1661589,
  "rankedcount": 32175,
  "replaycount": 3452277,
  "gamesplayed": 105472616,
  "gamesplayed_delta": 2.481537362026523,
  "gamesfinished": 80670577,
  "gametime": 16773491038.968884,
  "inputs": 56411602946,
  "piecesplaced": 12555169737
}
