{
  "usercount": 9025279,
  "usercount_delta": 0.07997920540659428,
  "anoncount": 6792828,
  "totalaccounts": 14567996,
  "rankedcount": 49364,
  "replaycount": 11936850,
  "gamesplayed": 568812347,
  "gamesplayed_delta": 4.1989082838462,
  "gamesfinished": 442842264,
  "gametime": 99639273171.99559,
  "inputs": 350288668655,
  "piecesplaced": 80380917940
}
