{
  "usercount": 8750092,
  "usercount_delta": 0.03492900679369182,
  "anoncount": 6452274,
  "totalaccounts": 15175516,
  "rankedcount": 50293,
  "replaycount": 12524725,
  "gamesplayed": 589298190,
  "gamesplayed_delta": 3.5278296861628737,
  "gamesfinished": 458481607,
  "gametime": 103412054398.46857,
  "inputs": 364111802829,
  "piecesplaced": 83606373866
}
