{
  "usercount": 1122302,
  "usercount_delta": 0.05680742283658398,
  "anoncount": 786797,
  "rankedcount": 16099,
  "replaycount": 1872175,
  "gamesplayed": 57084147,
  "gamesplayed_delta": 2.291232721075554,
  "gamesfinished": 41074297,
  "gametime": 8224777570.803293,
  "inputs": 28854125518,
  "piecesplaced": 6402355601
}
