{
  "usercount": 1149688,
  "usercount_delta": 0.12682911362303217,
  "anoncount": 808066,
  "rankedcount": 16141,
  "replaycount": 1907440,
  "gamesplayed": 58142673,
  "gamesplayed_delta": 4.185360749560061,
  "gamesfinished": 41913434,
  "gametime": 8395723315.280117,
  "inputs": 29395177683,
  "piecesplaced": 6524423024
}
