{
  "usercount": 997130,
  "usercount_delta": 0.043502849436638104,
  "anoncount": 689867,
  "rankedcount": 14883,
  "replaycount": 1688899,
  "gamesplayed": 51481070,
  "gamesplayed_delta": 3.2772146575600702,
  "gamesfinished": 36725122,
  "gametime": 7320552363.825309,
  "inputs": 25918388997,
  "piecesplaced": 5733979365
}
