{
  "usercount": 847843,
  "usercount_delta": 0.03513086246267346,
  "anoncount": 575531,
  "rankedcount": 13986,
  "replaycount": 1464118,
  "gamesplayed": 44864464,
  "gamesplayed_delta": 2.6875109783945197,
  "gamesfinished": 31615857,
  "gametime": 6273977692.425059,
  "inputs": 22525838128,
  "piecesplaced": 4961279767
}
