{
  "usercount": 1002391,
  "usercount_delta": 0.07669299792928906,
  "anoncount": 693918,
  "rankedcount": 14941,
  "replaycount": 1697667,
  "gamesplayed": 51735574,
  "gamesplayed_delta": 4.026382391287676,
  "gamesfinished": 36917519,
  "gametime": 7360679191.911016,
  "inputs": 26048738077,
  "piecesplaced": 5763806715
}
