{
  "usercount": 4966141,
  "usercount_delta": 0.13827646073716718,
  "anoncount": 3902406,
  "rankedcount": 42307,
  "replaycount": 5890438,
  "gamesplayed": 223221183,
  "gamesplayed_delta": 3.364727211271068,
  "gamesfinished": 174296951,
  "gametime": 37824810316.15716,
  "inputs": 127781548713,
  "piecesplaced": 28773836756
}
