{
  "usercount": 1250510,
  "usercount_delta": 0.06616929413905477,
  "anoncount": 885134,
  "rankedcount": 17512,
  "replaycount": 2036522,
  "gamesplayed": 61859984,
  "gamesplayed_delta": 2.4482638831450267,
  "gamesfinished": 44905615,
  "gametime": 9012701626.525932,
  "inputs": 31328691085,
  "piecesplaced": 6958663604
}
