{
  "usercount": 1801869,
  "usercount_delta": 0.08900624527154322,
  "anoncount": 1312429,
  "rankedcount": 25365,
  "replaycount": 2799206,
  "gamesplayed": 84590485,
  "gamesplayed_delta": 4.583821631484476,
  "gamesfinished": 63504133,
  "gametime": 12977384185.984108,
  "inputs": 43980933225,
  "piecesplaced": 9784098882
}
