{
  "usercount": 743100,
  "usercount_delta": 0.08688550228508872,
  "anoncount": 493532,
  "rankedcount": 13658,
  "replaycount": 1268645,
  "gamesplayed": 39885104,
  "gamesplayed_delta": 3.4927971918605665,
  "gamesfinished": 27832277,
  "gametime": 5487693303.037754,
  "inputs": 19953053328,
  "piecesplaced": 4373161731
}
