{
  "usercount": 816125,
  "usercount_delta": 0.04517664066500015,
  "anoncount": 550900,
  "rankedcount": 13942,
  "replaycount": 1411241,
  "gamesplayed": 43369825,
  "gamesplayed_delta": 2.605186278348342,
  "gamesfinished": 30476047,
  "gametime": 6039063189.05326,
  "inputs": 21761238565,
  "piecesplaced": 4786662353
}
