{
  "usercount": 970773,
  "usercount_delta": 0.04578055852281398,
  "anoncount": 669467,
  "rankedcount": 14661,
  "replaycount": 1648482,
  "gamesplayed": 50251830,
  "gamesplayed_delta": 2.7773538837173812,
  "gamesfinished": 35776325,
  "gametime": 7125742564.637778,
  "inputs": 25285409695,
  "piecesplaced": 5589658634
}
