{
  "usercount": 1017859,
  "usercount_delta": 0.1917251428352314,
  "anoncount": 706032,
  "rankedcount": 15311,
  "replaycount": 1723686,
  "gamesplayed": 52500281,
  "gamesplayed_delta": 3.546915142451781,
  "gamesfinished": 37505041,
  "gametime": 7482489988.978016,
  "inputs": 26446626544,
  "piecesplaced": 5854273553
}
