{
  "usercount": 866099,
  "usercount_delta": 0.07529666887536896,
  "anoncount": 589759,
  "rankedcount": 14104,
  "replaycount": 1492039,
  "gamesplayed": 45685861,
  "gamesplayed_delta": 2.831154749713873,
  "gamesfinished": 32248063,
  "gametime": 6403151766.859802,
  "inputs": 22944453222,
  "piecesplaced": 5056475919
}
