{
  "usercount": 992122,
  "usercount_delta": 0.07910391089735477,
  "anoncount": 685996,
  "rankedcount": 14902,
  "replaycount": 1681173,
  "gamesplayed": 51244562,
  "gamesplayed_delta": 2.7686368814074167,
  "gamesfinished": 36544734,
  "gametime": 7283499319.987883,
  "inputs": 25798563954,
  "piecesplaced": 5706737574
}
