{
  "usercount": 4324178,
  "usercount_delta": 0.04813632206408549,
  "anoncount": 3366989,
  "rankedcount": 39718,
  "replaycount": 5112344,
  "gamesplayed": 194614400,
  "gamesplayed_delta": 5.647995122186031,
  "gamesfinished": 152105255,
  "gametime": 32759224199.230026,
  "inputs": 110249190123,
  "piecesplaced": 24765157327
}
