{
  "usercount": 770248,
  "usercount_delta": 0.09035872413481522,
  "anoncount": 514843,
  "rankedcount": 14006,
  "replaycount": 1330000,
  "gamesplayed": 41197442,
  "gamesplayed_delta": 2.3342670401493932,
  "gamesfinished": 28827450,
  "gametime": 5695028860.363262,
  "inputs": 20633895939,
  "piecesplaced": 4528394150
}
