{
  "usercount": 955898,
  "usercount_delta": 0.08015132570292713,
  "anoncount": 658131,
  "rankedcount": 14518,
  "replaycount": 1625672,
  "gamesplayed": 49586854,
  "gamesplayed_delta": 3.911384694302844,
  "gamesfinished": 35267145,
  "gametime": 7021203857.522843,
  "inputs": 24944839820,
  "piecesplaced": 5511974832
}
