{
  "usercount": 898776,
  "usercount_delta": 0.018738171529222178,
  "anoncount": 615166,
  "rankedcount": 14351,
  "replaycount": 1542115,
  "gamesplayed": 47168092,
  "gamesplayed_delta": 3.2979181891431035,
  "gamesfinished": 33396970,
  "gametime": 6637835411.298271,
  "inputs": 23700176035,
  "piecesplaced": 5228482322
}
