{
  "usercount": 742903,
  "usercount_delta": 0.015542913985514006,
  "anoncount": 493393,
  "rankedcount": 13649,
  "replaycount": 1268101,
  "gamesplayed": 39874604,
  "gamesplayed_delta": 2.144922130000933,
  "gamesfinished": 27824279,
  "gametime": 5485997684.057403,
  "inputs": 19947661566,
  "piecesplaced": 4371955882
}
