{
  "usercount": 2487547,
  "usercount_delta": 0.06482141699617554,
  "anoncount": 1852472,
  "rankedcount": 30643,
  "replaycount": 3774318,
  "gamesplayed": 117964984,
  "gamesplayed_delta": 5.347766902184482,
  "gamesfinished": 90767371,
  "gametime": 19027678637.962738,
  "inputs": 63973335695,
  "piecesplaced": 14274420477
}
