{
  "usercount": 943998,
  "usercount_delta": 0.01528164063693878,
  "anoncount": 649212,
  "rankedcount": 14369,
  "replaycount": 1610132,
  "gamesplayed": 49064038,
  "gamesplayed_delta": 2.995201564840001,
  "gamesfinished": 34863552,
  "gametime": 6938492234.288738,
  "inputs": 24674735612,
  "piecesplaced": 5450341142
}
