{
  "usercount": 9421099,
  "usercount_delta": 0.238841618151963,
  "anoncount": 7003148,
  "totalaccounts": 16376340,
  "rankedcount": 54089,
  "replaycount": 13577856,
  "gamesplayed": 628425705,
  "gamesplayed_delta": 7.628004179728318,
  "gamesfinished": 488626731,
  "gametime": 110695287733.74687,
  "inputs": 390812130897,
  "piecesplaced": 89827739956
}
