{
  "usercount": 929610,
  "usercount_delta": 0.030119574711605073,
  "anoncount": 638165,
  "rankedcount": 14251,
  "replaycount": 1589297,
  "gamesplayed": 48481586,
  "gamesplayed_delta": 2.07825065510075,
  "gamesfinished": 34413969,
  "gametime": 6845903411.539505,
  "inputs": 24375620816,
  "piecesplaced": 5382481455
}
