{
  "usercount": 794021,
  "usercount_delta": 0.03547168472766614,
  "anoncount": 533650,
  "rankedcount": 13944,
  "replaycount": 1370976,
  "gamesplayed": 42293566,
  "gamesplayed_delta": 2.1992444531153006,
  "gamesfinished": 29658227,
  "gametime": 5868606477.809643,
  "inputs": 21205279587,
  "piecesplaced": 4659234351
}
