{
  "usercount": 4743529,
  "usercount_delta": 0.09314311439526833,
  "anoncount": 3715309,
  "rankedcount": 41532,
  "replaycount": 5635027,
  "gamesplayed": 213695852,
  "gamesplayed_delta": 4.81239424375553,
  "gamesfinished": 166866126,
  "gametime": 36142085623.98099,
  "inputs": 121949781118,
  "piecesplaced": 27440684576
}
