{
  "usercount": 4026106,
  "usercount_delta": 0.22528865108420162,
  "anoncount": 3114142,
  "rankedcount": 38198,
  "replaycount": 4756105,
  "gamesplayed": 182737940,
  "gamesplayed_delta": 5.98892330798836,
  "gamesfinished": 142901129,
  "gametime": 30654645761.461193,
  "inputs": 102953567301,
  "piecesplaced": 23099931253
}
