{
  "usercount": 2095034,
  "usercount_delta": 0.13098557287475907,
  "anoncount": 1540647,
  "rankedcount": 31865,
  "replaycount": 3234190,
  "gamesplayed": 97624982,
  "gamesplayed_delta": 5.931775228756947,
  "gamesfinished": 74272557,
  "gametime": 15356670697.3776,
  "inputs": 51692776143,
  "piecesplaced": 11492868422
}
