{
  "usercount": 3753448,
  "usercount_delta": 0.13887201208186506,
  "anoncount": 2886275,
  "rankedcount": 35247,
  "replaycount": 4395301,
  "gamesplayed": 172307354,
  "gamesplayed_delta": 4.60013540021178,
  "gamesfinished": 134646567,
  "gametime": 28787552533.89169,
  "inputs": 96628415166,
  "piecesplaced": 21669569837
}
