{
  "usercount": 866975,
  "usercount_delta": 0.07026419336706015,
  "anoncount": 590450,
  "rankedcount": 14128,
  "replaycount": 1493054,
  "gamesplayed": 45717440,
  "gamesplayed_delta": 2.2484541877459248,
  "gamesfinished": 32272879,
  "gametime": 6408305884.419026,
  "inputs": 22960803656,
  "piecesplaced": 5060159119
}
