{
  "usercount": 779228,
  "usercount_delta": 0.07094211123723042,
  "anoncount": 521898,
  "rankedcount": 13854,
  "replaycount": 1347757,
  "gamesplayed": 41659054,
  "gamesplayed_delta": 3.547105561861521,
  "gamesfinished": 29175809,
  "gametime": 5768489065.652986,
  "inputs": 20878278445,
  "piecesplaced": 4584397262
}
