{
  "usercount": 831460,
  "usercount_delta": 0,
  "anoncount": 562816,
  "rankedcount": 14075,
  "replaycount": 1436876,
  "gamesplayed": 44086834,
  "gamesplayed_delta": 1.4990818123899112,
  "gamesfinished": 31025412,
  "gametime": 6152099449.654478,
  "inputs": 22127464896,
  "piecesplaced": 4870250758
}
