{
  "usercount": 8470050,
  "usercount_delta": 0.27604156397263246,
  "anoncount": 6906993,
  "rankedcount": 43469,
  "replaycount": 9479772,
  "gamesplayed": 366157114,
  "gamesplayed_delta": 6.033479898258967,
  "gamesfinished": 284221339,
  "gametime": 62873633692.96281,
  "inputs": 216391898796,
  "piecesplaced": 49205828306
}
