{
  "usercount": 808141,
  "usercount_delta": 0.018738171529222178,
  "anoncount": 544652,
  "rankedcount": 13987,
  "replaycount": 1397000,
  "gamesplayed": 42989204,
  "gamesplayed_delta": 1.8176026383345514,
  "gamesfinished": 30187743,
  "gametime": 5979475958.341812,
  "inputs": 21567581370,
  "piecesplaced": 4742419477
}
