{
  "usercount": 983521,
  "usercount_delta": 0.04577985991362866,
  "anoncount": 679312,
  "rankedcount": 14749,
  "replaycount": 1667121,
  "gamesplayed": 50828040,
  "gamesplayed_delta": 2.9909508476904056,
  "gamesfinished": 36223223,
  "gametime": 7216322306.733659,
  "inputs": 25579561945,
  "piecesplaced": 5656662131
}
