{
  "usercount": 727402,
  "usercount_delta": 0.017533401129151034,
  "anoncount": 481070,
  "replaycount": 1228969,
  "gamesplayed": 39285807,
  "gamesplayed_delta": 2.2267419434021813,
  "gamesfinished": 27372157,
  "gametime": 5393414006.241239,
  "inputs": 19649132028,
  "piecesplaced": 4304368634
}
