{
  "usercount": 2187249,
  "usercount_delta": 0.061648480364959006,
  "anoncount": 1614105,
  "rankedcount": 32234,
  "replaycount": 3366480,
  "gamesplayed": 102327363,
  "gamesplayed_delta": 4.8085814684668025,
  "gamesfinished": 78116068,
  "gametime": 16208307627.69119,
  "inputs": 54516511366,
  "piecesplaced": 12126980200
}
