{
  "usercount": 745507,
  "usercount_delta": 0.05611672278338945,
  "anoncount": 495405,
  "rankedcount": 13615,
  "replaycount": 1276140,
  "gamesplayed": 40013771,
  "gamesplayed_delta": 3.1799476243920686,
  "gamesfinished": 27929117,
  "gametime": 5507920477.368232,
  "inputs": 20019900877,
  "piecesplaced": 4388377710
}
