{
  "usercount": 810058,
  "usercount_delta": 0.05732794450654972,
  "anoncount": 546134,
  "rankedcount": 13893,
  "replaycount": 1400493,
  "gamesplayed": 43079765,
  "gamesplayed_delta": 2.694413391807837,
  "gamesfinished": 30254334,
  "gametime": 5993092210.538584,
  "inputs": 21611697156,
  "piecesplaced": 4752529575
}
