{
  "usercount": 1010278,
  "usercount_delta": 0.19173984737508148,
  "anoncount": 700077,
  "rankedcount": 15169,
  "replaycount": 1711318,
  "gamesplayed": 52136015,
  "gamesplayed_delta": 4.0073628101392025,
  "gamesfinished": 37223390,
  "gametime": 7424196211.302258,
  "inputs": 26256624555,
  "piecesplaced": 5811174967
}
