{
  "usercount": 1173185,
  "usercount_delta": 0.0786435559470257,
  "anoncount": 825489,
  "rankedcount": 16553,
  "replaycount": 1933915,
  "gamesplayed": 58890598,
  "gamesplayed_delta": 3.1771996602598382,
  "gamesfinished": 42515449,
  "gametime": 8520853559.078866,
  "inputs": 29784642654,
  "piecesplaced": 6612134629
}
