{
  "usercount": 1152894,
  "usercount_delta": 0.05862122870095357,
  "anoncount": 810541,
  "rankedcount": 16235,
  "replaycount": 1911490,
  "gamesplayed": 58276814,
  "gamesplayed_delta": 3.0092230733156167,
  "gamesfinished": 42023024,
  "gametime": 8418412238.882428,
  "inputs": 29468244445,
  "piecesplaced": 6540986328
}
