{
  "usercount": 9200172,
  "usercount_delta": 0.2760736196319018,
  "anoncount": 6821730,
  "totalaccounts": 15985241,
  "rankedcount": 53000,
  "replaycount": 13227426,
  "gamesplayed": 615375694,
  "gamesplayed_delta": 4.616564417177914,
  "gamesfinished": 478610293,
  "gametime": 108283955745.15277,
  "inputs": 381995901800,
  "piecesplaced": 87777902231
}
