{
  "usercount": 7448623,
  "usercount_delta": 0.22641772328270868,
  "anoncount": 5561417,
  "totalaccounts": 11379562,
  "rankedcount": 59130,
  "replaycount": 10074418,
  "gamesplayed": 461646967,
  "gamesplayed_delta": 4.371603734150759,
  "gamesfinished": 359955118,
  "gametime": 80029871540.21667,
  "inputs": 278093144940,
  "piecesplaced": 63498788941
}
