{
  "usercount": 1095122,
  "usercount_delta": 0.09480470231323473,
  "anoncount": 765582,
  "rankedcount": 15843,
  "replaycount": 1833933,
  "gamesplayed": 55904919,
  "gamesplayed_delta": 3.5077739855896852,
  "gamesfinished": 40146595,
  "gametime": 8033401658.240722,
  "inputs": 28234808676,
  "piecesplaced": 6261446760
}
