{
  "usercount": 7861452,
  "usercount_delta": 0.20083987584444038,
  "anoncount": 5924367,
  "totalaccounts": 11803389,
  "rankedcount": 50805,
  "replaycount": 10518326,
  "gamesplayed": 477424416,
  "gamesplayed_delta": 3.2499543545736715,
  "gamesfinished": 372256673,
  "gametime": 82998335276.6129,
  "inputs": 289094783152,
  "piecesplaced": 66076180088
}
