{
  "usercount": 9091099,
  "usercount_delta": 0.27520253186329313,
  "anoncount": 7019949,
  "totalaccounts": 13063379,
  "rankedcount": 47748,
  "replaycount": 11619864,
  "gamesplayed": 519183894,
  "gamesplayed_delta": 6.054455700992449,
  "gamesfinished": 404730442,
  "gametime": 90579523318.67453,
  "inputs": 317013574619,
  "piecesplaced": 72608480030
}
