{
  "usercount": 1009944,
  "usercount_delta": 0.10659357393025734,
  "anoncount": 699812,
  "rankedcount": 15163,
  "replaycount": 1711230,
  "gamesplayed": 52123335,
  "gamesplayed_delta": 3.7612303943962235,
  "gamesfinished": 37213566,
  "gametime": 7422211697.39926,
  "inputs": 26250174449,
  "piecesplaced": 5809710334
}
