{
  "usercount": 871982,
  "usercount_delta": 0.06112562844786749,
  "anoncount": 594325,
  "rankedcount": 14330,
  "replaycount": 1500772,
  "gamesplayed": 45946092,
  "gamesplayed_delta": 2.872904537049772,
  "gamesfinished": 32451199,
  "gametime": 6445614586.898653,
  "inputs": 23078499909,
  "piecesplaced": 5087126970
}
