{
  "usercount": 961910,
  "usercount_delta": 0.03186235462800701,
  "anoncount": 662735,
  "rankedcount": 14522,
  "replaycount": 1634849,
  "gamesplayed": 49859947,
  "gamesplayed_delta": 3.3933407678827465,
  "gamesfinished": 35475270,
  "gametime": 7064053315.794289,
  "inputs": 25084982575,
  "piecesplaced": 5543971447
}
