{
  "usercount": 916870,
  "usercount_delta": 0.037476343058444356,
  "anoncount": 628512,
  "rankedcount": 14206,
  "replaycount": 1569209,
  "gamesplayed": 47909017,
  "gamesplayed_delta": 2.717034871737216,
  "gamesfinished": 33969909,
  "gametime": 6755707729.822941,
  "inputs": 24084945955,
  "piecesplaced": 5316463223
}
