{
  "usercount": 1050552,
  "usercount_delta": 0.08271024945411236,
  "anoncount": 731223,
  "rankedcount": 15592,
  "replaycount": 1770753,
  "gamesplayed": 53961513,
  "gamesplayed_delta": 3.324952028055317,
  "gamesfinished": 38630537,
  "gametime": 7717277738.353862,
  "inputs": 27216543128,
  "piecesplaced": 6030025856
}
