{
  "usercount": 6417447,
  "usercount_delta": 0.47120727229890247,
  "anoncount": 4650751,
  "rankedcount": 50203,
  "replaycount": 8844745,
  "gamesplayed": 426227912,
  "gamesplayed_delta": 6.282763630652033,
  "gamesfinished": 331567244,
  "gametime": 73472793902.40536,
  "inputs": 254477210866,
  "piecesplaced": 58030348027
}
