{
  "usercount": 1012613,
  "usercount_delta": 0.06103981321817155,
  "anoncount": 701893,
  "rankedcount": 15280,
  "replaycount": 1715089,
  "gamesplayed": 52248801,
  "gamesplayed_delta": 3.235110100563092,
  "gamesfinished": 37310585,
  "gametime": 7442276005.002404,
  "inputs": 26315562956,
  "piecesplaced": 5824520569
}
