{
  "usercount": 883890,
  "usercount_delta": 0.10541057418645625,
  "anoncount": 603518,
  "rankedcount": 14200,
  "replaycount": 1519345,
  "gamesplayed": 46489149,
  "gamesplayed_delta": 3.5237249085186804,
  "gamesfinished": 32872488,
  "gametime": 6531623578.53704,
  "inputs": 23357069783,
  "piecesplaced": 5150666145
}
