{
  "usercount": 7715345,
  "usercount_delta": 0.26431992039305924,
  "anoncount": 5797166,
  "totalaccounts": 11653258,
  "rankedcount": 53800,
  "replaycount": 10366432,
  "gamesplayed": 472043675,
  "gamesplayed_delta": 4.2757634181230175,
  "gamesfinished": 368064863,
  "gametime": 81992301913.7656,
  "inputs": 285365493234,
  "piecesplaced": 65203123787
}
