{
  "usercount": 775344,
  "usercount_delta": 0.03128960090114051,
  "anoncount": 518837,
  "rankedcount": 13873,
  "replaycount": 1339858,
  "gamesplayed": 41459569,
  "gamesplayed_delta": 3.5357249018288774,
  "gamesfinished": 29024864,
  "gametime": 5736896674.102979,
  "inputs": 20772911541,
  "piecesplaced": 4560264888
}
