{
  "usercount": 879023,
  "usercount_delta": 0.01986886548778065,
  "anoncount": 599797,
  "rankedcount": 14203,
  "replaycount": 1511416,
  "gamesplayed": 46268728,
  "gamesplayed_delta": 3.457182594873833,
  "gamesfinished": 32701339,
  "gametime": 6496815802.270332,
  "inputs": 23244056975,
  "piecesplaced": 5124872521
}
