{
  "usercount": 804507,
  "usercount_delta": 0,
  "anoncount": 541835,
  "rankedcount": 13986,
  "replaycount": 1390388,
  "gamesplayed": 42809944,
  "gamesplayed_delta": 1.3185325089535485,
  "gamesfinished": 30052162,
  "gametime": 5950987852.693373,
  "inputs": 21475451759,
  "piecesplaced": 4721357058
}
