{
  "usercount": 1035377,
  "usercount_delta": 0.01767783906095319,
  "anoncount": 719654,
  "rankedcount": 15400,
  "replaycount": 1749852,
  "gamesplayed": 53353888,
  "gamesplayed_delta": 2.9168434450572764,
  "gamesfinished": 38161535,
  "gametime": 7620560622.797029,
  "inputs": 26900229702,
  "piecesplaced": 5957847463
}
