{
  "usercount": 8111343,
  "usercount_delta": 0.19020282537651514,
  "anoncount": 5984564,
  "totalaccounts": 13630968,
  "rankedcount": 49927,
  "replaycount": 10912933,
  "gamesplayed": 536948011,
  "gamesplayed_delta": 4.910691127902755,
  "gamesfinished": 418512160,
  "gametime": 93770997390.70036,
  "inputs": 328704547552,
  "piecesplaced": 75334710144
}
