{
  "usercount": 5557221,
  "usercount_delta": 0.20833727911513475,
  "anoncount": 4401234,
  "rankedcount": 43478,
  "replaycount": 6509018,
  "gamesplayed": 246838496,
  "gamesplayed_delta": 5.606166783461808,
  "gamesfinished": 192425915,
  "gametime": 41954056265.57656,
  "inputs": 142067428124,
  "piecesplaced": 32037638935
}
