{
  "usercount": 7524197,
  "usercount_delta": 0.03426358979630296,
  "anoncount": 5629013,
  "totalaccounts": 11456947,
  "rankedcount": 58412,
  "replaycount": 10150124,
  "gamesplayed": 464269608,
  "gamesplayed_delta": 3.5634133388155074,
  "gamesfinished": 362025081,
  "gametime": 80520560585.4483,
  "inputs": 279886639517,
  "piecesplaced": 63918335769
}
