{
  "usercount": 974346,
  "usercount_delta": 0.1314713100385649,
  "anoncount": 672264,
  "rankedcount": 14615,
  "replaycount": 1653714,
  "gamesplayed": 50414388,
  "gamesplayed_delta": 2.7901133574850996,
  "gamesfinished": 35900028,
  "gametime": 7150808816.322296,
  "inputs": 25366240170,
  "piecesplaced": 5608011474
}
