{
  "usercount": 8451533,
  "usercount_delta": 0.2956771993455678,
  "anoncount": 6896340,
  "rankedcount": 42803,
  "replaycount": 9419024,
  "gamesplayed": 363776322,
  "gamesplayed_delta": 3.686109085174745,
  "gamesfinished": 282361117,
  "gametime": 62451543034.68002,
  "inputs": 214874408030,
  "piecesplaced": 48855904423
}
