{
  "usercount": 773153,
  "usercount_delta": 0.05621556796462167,
  "anoncount": 517125,
  "rankedcount": 13941,
  "replaycount": 1335694,
  "gamesplayed": 41349849,
  "gamesplayed_delta": 2.1549301053104974,
  "gamesfinished": 28942590,
  "gametime": 5719334001.009222,
  "inputs": 20714064810,
  "piecesplaced": 4546716573
}
