{
  "usercount": 1025383,
  "usercount_delta": 0.09155971982725732,
  "anoncount": 711831,
  "rankedcount": 15295,
  "replaycount": 1734403,
  "gamesplayed": 52847384,
  "gamesplayed_delta": 2.4110726221177763,
  "gamesfinished": 37773701,
  "gametime": 7539176075.928736,
  "inputs": 26631551805,
  "piecesplaced": 5896464490
}
