{
  "usercount": 7962327,
  "usercount_delta": 0.014715404084996173,
  "anoncount": 6471487,
  "rankedcount": 40432,
  "replaycount": 8940554,
  "gamesplayed": 344100422,
  "gamesplayed_delta": 3.6641356171640473,
  "gamesfinished": 266953086,
  "gametime": 59008177015.759995,
  "inputs": 202613285106,
  "piecesplaced": 46020592955
}
