{
  "usercount": 2133934,
  "usercount_delta": 0.25875796178343946,
  "anoncount": 1571683,
  "rankedcount": 32082,
  "replaycount": 3290009,
  "gamesplayed": 99559926,
  "gamesplayed_delta": 4.120222929936306,
  "gamesfinished": 75858099,
  "gametime": 15706551812.423698,
  "inputs": 52848519214,
  "piecesplaced": 11752090991
}
