{
  "usercount": 9497716,
  "usercount_delta": 0.10449476779769812,
  "anoncount": 7062613,
  "totalaccounts": 16541830,
  "rankedcount": 53948,
  "replaycount": 13728818,
  "gamesplayed": 634346371,
  "gamesplayed_delta": 3.9260177043992295,
  "gamesfinished": 493150105,
  "gametime": 111795525007.1068,
  "inputs": 394864476250,
  "piecesplaced": 90774268751
}
