{
  "usercount": 1054096,
  "usercount_delta": 0.03145742237881028,
  "anoncount": 733911,
  "rankedcount": 15743,
  "replaycount": 1775911,
  "gamesplayed": 54114564,
  "gamesplayed_delta": 2.8468967252823303,
  "gamesfinished": 38751712,
  "gametime": 7742235623.75024,
  "inputs": 27296087835,
  "piecesplaced": 6048054562
}
