{
  "usercount": 913109,
  "usercount_delta": 0.05269536807714602,
  "anoncount": 625647,
  "rankedcount": 14295,
  "replaycount": 1562486,
  "gamesplayed": 47744603,
  "gamesplayed_delta": 2.055119355008695,
  "gamesfinished": 33843994,
  "gametime": 6730392394.076039,
  "inputs": 24002994645,
  "piecesplaced": 5297865118
}
