{
  "usercount": 733497,
  "usercount_delta": 0.07908264136022143,
  "anoncount": 485931,
  "rankedcount": 13512,
  "replaycount": 1245738,
  "gamesplayed": 39509408,
  "gamesplayed_delta": 2.8469750889679717,
  "gamesfinished": 27545163,
  "gametime": 5428594124.011944,
  "inputs": 19761805373,
  "piecesplaced": 4329800792
}
