{
  "usercount": 1191636,
  "usercount_delta": 0.17042226850975192,
  "anoncount": 839590,
  "rankedcount": 16585,
  "replaycount": 1958338,
  "gamesplayed": 59574533,
  "gamesplayed_delta": 3.768225714826737,
  "gamesfinished": 43063463,
  "gametime": 8633378672.482765,
  "inputs": 30135761472,
  "piecesplaced": 6690946343
}
