{
  "usercount": 897534,
  "usercount_delta": 0.09934432743890324,
  "anoncount": 614210,
  "rankedcount": 14298,
  "replaycount": 1540242,
  "gamesplayed": 47113314,
  "gamesplayed_delta": 2.324657262070336,
  "gamesfinished": 33354175,
  "gametime": 6629132175.847211,
  "inputs": 23672555114,
  "piecesplaced": 5222208814
}
