{
  "usercount": 1243201,
  "usercount_delta": 0.06341455681151609,
  "anoncount": 879413,
  "rankedcount": 17466,
  "replaycount": 2026279,
  "gamesplayed": 61566179,
  "gamesplayed_delta": 2.75853322130095,
  "gamesfinished": 44667830,
  "gametime": 8964033514.402521,
  "inputs": 31175688183,
  "piecesplaced": 6924338972
}
