{
  "usercount": 956479,
  "usercount_delta": 0.08911729321074754,
  "anoncount": 658574,
  "rankedcount": 14542,
  "replaycount": 1626427,
  "gamesplayed": 49611796,
  "gamesplayed_delta": 2.421019798891975,
  "gamesfinished": 35286479,
  "gametime": 7025159148.563809,
  "inputs": 24957802380,
  "piecesplaced": 5514954219
}
