{
  "usercount": 769474,
  "usercount_delta": 0.09213193292795283,
  "anoncount": 514229,
  "rankedcount": 13976,
  "replaycount": 1328509,
  "gamesplayed": 41158904,
  "gamesplayed_delta": 1.4925373134328357,
  "gamesfinished": 28798615,
  "gametime": 5689071793.897997,
  "inputs": 20613986005,
  "piecesplaced": 4523836370
}
