{
  "usercount": 1062516,
  "usercount_delta": 0.06616710502373745,
  "anoncount": 740471,
  "rankedcount": 15638,
  "replaycount": 1787365,
  "gamesplayed": 54474442,
  "gamesplayed_delta": 3.10985393611566,
  "gamesfinished": 39030982,
  "gametime": 7800729192.506099,
  "inputs": 27486102516,
  "piecesplaced": 6091299590
}
