{
  "usercount": 8523235,
  "usercount_delta": 0.10450048766894246,
  "anoncount": 6510762,
  "totalaccounts": 12482029,
  "rankedcount": 45505,
  "replaycount": 11141863,
  "gamesplayed": 501197562,
  "gamesplayed_delta": 3.988435279364637,
  "gamesfinished": 390690623,
  "gametime": 87337197301.66856,
  "inputs": 305173828828,
  "piecesplaced": 69849720446
}
