{
  "usercount": 883642,
  "usercount_delta": 0.014331780723754925,
  "anoncount": 603317,
  "rankedcount": 14195,
  "replaycount": 1519064,
  "gamesplayed": 46476601,
  "gamesplayed_delta": 3.7262629881762805,
  "gamesfinished": 32862980,
  "gametime": 6529702498.991024,
  "inputs": 23350719678,
  "piecesplaced": 5149215123
}
