{
  "usercount": 8676436,
  "usercount_delta": 0.17903354437590532,
  "anoncount": 6488155,
  "totalaccounts": 14209409,
  "rankedcount": 49305,
  "replaycount": 11543528,
  "gamesplayed": 556163553,
  "gamesplayed_delta": 4.638596377012092,
  "gamesfinished": 433251023,
  "gametime": 97307087187.87683,
  "inputs": 341724788085,
  "piecesplaced": 78380708526
}
