{
  "usercount": 770776,
  "usercount_delta": 0,
  "anoncount": 515256,
  "rankedcount": 13858,
  "replaycount": 1331089,
  "gamesplayed": 41223886,
  "gamesplayed_delta": 1.49902563333833,
  "gamesfinished": 28847476,
  "gametime": 5699381612.140306,
  "inputs": 20648151561,
  "piecesplaced": 4531644060
}
