{
  "usercount": 1242219,
  "usercount_delta": 0.05680849855138329,
  "anoncount": 878638,
  "rankedcount": 17435,
  "replaycount": 2024958,
  "gamesplayed": 61528150,
  "gamesplayed_delta": 3.711488572023708,
  "gamesfinished": 44637508,
  "gametime": 8957725239.63912,
  "inputs": 31154991639,
  "piecesplaced": 6919635306
}
