{
  "usercount": 979702,
  "usercount_delta": 0.07250264634659166,
  "anoncount": 676390,
  "rankedcount": 14816,
  "replaycount": 1661428,
  "gamesplayed": 50645534,
  "gamesplayed_delta": 2.624595797746618,
  "gamesfinished": 36081872,
  "gametime": 7187432731.525521,
  "inputs": 25484597768,
  "piecesplaced": 5634869035
}
