{
  "usercount": 6264887,
  "usercount_delta": 0.10875813743921198,
  "anoncount": 5001029,
  "rankedcount": 47173,
  "replaycount": 7267311,
  "gamesplayed": 274837272,
  "gamesplayed_delta": 6.105992573372901,
  "gamesfinished": 214266003,
  "gametime": 46881601135.104706,
  "inputs": 159201838271,
  "piecesplaced": 35947508106
}
