{
  "usercount": 892941,
  "usercount_delta": 0.04584422133590062,
  "anoncount": 610577,
  "rankedcount": 14351,
  "replaycount": 1533354,
  "gamesplayed": 46905581,
  "gamesplayed_delta": 2.154678402787329,
  "gamesfinished": 33192834,
  "gametime": 6596031376.594331,
  "inputs": 23564856195,
  "piecesplaced": 5197754080
}
