{
  "usercount": 744010,
  "usercount_delta": 0.01924261083743842,
  "anoncount": 494230,
  "rankedcount": 13703,
  "replaycount": 1271479,
  "gamesplayed": 39934603,
  "gamesplayed_delta": 2.693965517241379,
  "gamesfinished": 27869975,
  "gametime": 5495424583.817335,
  "inputs": 19978570486,
  "piecesplaced": 4378951659
}
