{
  "usercount": 832253,
  "usercount_delta": 0.03004717406327935,
  "anoncount": 563436,
  "rankedcount": 13943,
  "replaycount": 1438355,
  "gamesplayed": 44129049,
  "gamesplayed_delta": 3.650731648688441,
  "gamesfinished": 31056637,
  "gametime": 6158639162.188951,
  "inputs": 22149231189,
  "piecesplaced": 4875259395
}
