{
  "usercount": 9593173,
  "usercount_delta": 0.07131523115049297,
  "anoncount": 7125328,
  "totalaccounts": 16864485,
  "rankedcount": 51490,
  "replaycount": 14024313,
  "gamesplayed": 646840387,
  "gamesplayed_delta": 4.314571484604825,
  "gamesfinished": 502542250,
  "gametime": 114126108167.57245,
  "inputs": 403625191490,
  "piecesplaced": 92841915397
}
