{
  "usercount": 8526371,
  "usercount_delta": 0.11996640940536649,
  "anoncount": 6282372,
  "totalaccounts": 14661622,
  "rankedcount": 49365,
  "replaycount": 12043367,
  "gamesplayed": 572222956,
  "gamesplayed_delta": 3.5789978805934335,
  "gamesfinished": 445430993,
  "gametime": 100269524496.30931,
  "inputs": 352599473973,
  "piecesplaced": 80919780955
}
