{
  "usercount": 1237369,
  "usercount_delta": 0.07584519994690836,
  "anoncount": 874975,
  "rankedcount": 17269,
  "replaycount": 2018339,
  "gamesplayed": 61355218,
  "gamesplayed_delta": 4.361098996947231,
  "gamesfinished": 44497347,
  "gametime": 8929045172.117397,
  "inputs": 31066224760,
  "piecesplaced": 6899758779
}
