{
  "usercount": 947051,
  "usercount_delta": 0.16882766072393302,
  "anoncount": 651459,
  "rankedcount": 14242,
  "replaycount": 1614123,
  "gamesplayed": 49188442,
  "gamesplayed_delta": 3.47784981091302,
  "gamesfinished": 34961833,
  "gametime": 6958785455.36226,
  "inputs": 24739053992,
  "piecesplaced": 5464936730
}
