{
  "usercount": 1026149,
  "usercount_delta": 0.03045484308142102,
  "anoncount": 712412,
  "rankedcount": 15326,
  "replaycount": 1735991,
  "gamesplayed": 52893781,
  "gamesplayed_delta": 1.6293341048560246,
  "gamesfinished": 37808620,
  "gametime": 7546572700.25127,
  "inputs": 26656621310,
  "piecesplaced": 5902195444
}
