{
  "usercount": 7667819,
  "usercount_delta": 0.13889960645111504,
  "anoncount": 6209147,
  "rankedcount": 39383,
  "replaycount": 8701605,
  "gamesplayed": 333929081,
  "gamesplayed_delta": 5.278185045142372,
  "gamesfinished": 259145532,
  "gametime": 57247239904.99046,
  "inputs": 196295887226,
  "piecesplaced": 44552252346
}
