{
  "usercount": 1144852,
  "usercount_delta": 0.07926191306553375,
  "anoncount": 804415,
  "rankedcount": 16208,
  "replaycount": 1901147,
  "gamesplayed": 57959049,
  "gamesplayed_delta": 3.883833740211154,
  "gamesfinished": 41766402,
  "gametime": 8366018450.467982,
  "inputs": 29302059836,
  "piecesplaced": 6503517276
}
