{
  "usercount": 1043397,
  "usercount_delta": 0.08839232047519711,
  "anoncount": 725713,
  "rankedcount": 15549,
  "replaycount": 1760792,
  "gamesplayed": 53674097,
  "gamesplayed_delta": 2.669448078350953,
  "gamesfinished": 38407996,
  "gametime": 7671565043.376819,
  "inputs": 27068008924,
  "piecesplaced": 5996243954
}
