{
  "usercount": 1070612,
  "usercount_delta": 0.018960940462646948,
  "anoncount": 746671,
  "rankedcount": 15769,
  "replaycount": 1798978,
  "gamesplayed": 54865190,
  "gamesplayed_delta": 2.901023890784983,
  "gamesfinished": 39334890,
  "gametime": 7865030353.065316,
  "inputs": 27693423925,
  "piecesplaced": 6138660497
}
