{
  "usercount": 3257734,
  "usercount_delta": 0.17173868242082846,
  "anoncount": 2474032,
  "rankedcount": 31509,
  "replaycount": 3831168,
  "gamesplayed": 153282662,
  "gamesplayed_delta": 4.671292161846535,
  "gamesfinished": 119454215,
  "gametime": 25375010671.08061,
  "inputs": 85097545380,
  "piecesplaced": 19055409989
}
