{
  "usercount": 752787,
  "usercount_delta": 0.015543155571444114,
  "anoncount": 501098,
  "rankedcount": 13764,
  "replaycount": 1293038,
  "gamesplayed": 40352968,
  "gamesplayed_delta": 2.735595380574164,
  "gamesfinished": 28185517,
  "gametime": 5561594104.625863,
  "inputs": 20193982218,
  "piecesplaced": 4427837125
}
