{
  "usercount": 865617,
  "usercount_delta": 0.050650008441668073,
  "anoncount": 589361,
  "rankedcount": 14092,
  "replaycount": 1491468,
  "gamesplayed": 45668996,
  "gamesplayed_delta": 2.2623670437278407,
  "gamesfinished": 32236214,
  "gametime": 6400802887.6994505,
  "inputs": 22936721916,
  "piecesplaced": 5054718162
}
