{
  "usercount": 1232292,
  "usercount_delta": 0.20829388373414126,
  "anoncount": 870970,
  "rankedcount": 17308,
  "replaycount": 2011697,
  "gamesplayed": 61157904,
  "gamesplayed_delta": 4.109070251846241,
  "gamesfinished": 44337654,
  "gametime": 8895870510.16985,
  "inputs": 30961576798,
  "piecesplaced": 6876194184
}
