{
  "usercount": 9062865,
  "usercount_delta": 0.09888425597837731,
  "anoncount": 6711036,
  "totalaccounts": 15733405,
  "rankedcount": 51743,
  "replaycount": 12991306,
  "gamesplayed": 606708181,
  "gamesplayed_delta": 4.136658041762117,
  "gamesfinished": 471915804,
  "gametime": 106653765934.86926,
  "inputs": 376002498570,
  "piecesplaced": 86381693815
}
