{
  "usercount": 773729,
  "usercount_delta": 0,
  "anoncount": 517583,
  "rankedcount": 13966,
  "replaycount": 1336861,
  "gamesplayed": 41379727,
  "gamesplayed_delta": 2.168760553343764,
  "gamesfinished": 28964827,
  "gametime": 5724067617.00079,
  "inputs": 20729932593,
  "piecesplaced": 4550371401
}
