{
  "usercount": 960731,
  "usercount_delta": 0.058540012098269166,
  "anoncount": 661833,
  "rankedcount": 14463,
  "replaycount": 1632818,
  "gamesplayed": 49799713,
  "gamesplayed_delta": 3.609967412726599,
  "gamesfinished": 35429727,
  "gametime": 7054496271.9011,
  "inputs": 25054043270,
  "piecesplaced": 5536948016
}
