{
  "usercount": 819159,
  "usercount_delta": 0.093694368968425,
  "anoncount": 553270,
  "rankedcount": 13892,
  "replaycount": 1416667,
  "gamesplayed": 43513461,
  "gamesplayed_delta": 2.229925981448515,
  "gamesfinished": 30584915,
  "gametime": 6061540776.508843,
  "inputs": 21834109040,
  "piecesplaced": 4803295691
}
