{
  "usercount": 741802,
  "usercount_delta": 0.05611462347087651,
  "anoncount": 492522,
  "rankedcount": 13615,
  "replaycount": 1265871,
  "gamesplayed": 39830429,
  "gamesplayed_delta": 3.2733530358011294,
  "gamesfinished": 27789979,
  "gametime": 5478939093.918491,
  "inputs": 19925231992,
  "piecesplaced": 4366897228
}
