{
  "usercount": 907565,
  "usercount_delta": 0.10129317621636222,
  "anoncount": 621632,
  "rankedcount": 14269,
  "replaycount": 1554119,
  "gamesplayed": 47526643,
  "gamesplayed_delta": 2.397271837120573,
  "gamesfinished": 33674874,
  "gametime": 6695640836.729669,
  "inputs": 23888972706,
  "piecesplaced": 5271823130
}
