{
  "usercount": 1142969,
  "usercount_delta": 0.06341556217895872,
  "anoncount": 802925,
  "rankedcount": 16134,
  "replaycount": 1898893,
  "gamesplayed": 57884582,
  "gamesplayed_delta": 3.551271482021688,
  "gamesfinished": 41706922,
  "gametime": 8353762521.422402,
  "inputs": 29262092883,
  "piecesplaced": 6494428155
}
