{
  "usercount": 1103800,
  "usercount_delta": 0.189602214553866,
  "anoncount": 772335,
  "rankedcount": 15903,
  "replaycount": 1844474,
  "gamesplayed": 56238210,
  "gamesplayed_delta": 3.8299647339880933,
  "gamesfinished": 40410855,
  "gametime": 8087264317.007672,
  "inputs": 28407903311,
  "piecesplaced": 6300668646
}
