{
  "usercount": 735690,
  "usercount_delta": 0.07696896226596625,
  "anoncount": 487648,
  "rankedcount": 13581,
  "replaycount": 1251685,
  "gamesplayed": 39600881,
  "gamesplayed_delta": 2.405280070811445,
  "gamesfinished": 27615014,
  "gametime": 5442747025.072414,
  "inputs": 19807511664,
  "piecesplaced": 4340161755
}
