{
  "usercount": 1248387,
  "usercount_delta": 0.0195400277468394,
  "anoncount": 883405,
  "rankedcount": 17433,
  "replaycount": 2033888,
  "gamesplayed": 61771532,
  "gamesplayed_delta": 5.9597084627860175,
  "gamesfinished": 44832985,
  "gametime": 8997834089.03566,
  "inputs": 31281873712,
  "piecesplaced": 6948165079
}
