{
  "usercount": 4793555,
  "usercount_delta": 0.24066302663838873,
  "anoncount": 3757221,
  "rankedcount": 42071,
  "replaycount": 5693228,
  "gamesplayed": 215777010,
  "gamesplayed_delta": 4.316893040326098,
  "gamesfinished": 168494615,
  "gametime": 36509546890.23751,
  "inputs": 123215742109,
  "piecesplaced": 27729219880
}
