{
  "usercount": 806953,
  "usercount_delta": 0.04517800132522137,
  "anoncount": 543719,
  "rankedcount": 13934,
  "replaycount": 1394669,
  "gamesplayed": 42928110,
  "gamesplayed_delta": 3.403409433166677,
  "gamesfinished": 30140717,
  "gametime": 5969651541.158428,
  "inputs": 21535049128,
  "piecesplaced": 4734995177
}
