{
  "usercount": 8063357,
  "usercount_delta": 0.11443939003805109,
  "anoncount": 6099930,
  "totalaccounts": 12011100,
  "rankedcount": 46384,
  "replaycount": 10744572,
  "gamesplayed": 486019550,
  "gamesplayed_delta": 2.73224043715847,
  "gamesfinished": 378872052,
  "gametime": 84598280774.51656,
  "inputs": 295066822186,
  "piecesplaced": 67483479348
}
