{
  "usercount": 9456924,
  "usercount_delta": 0.058948361235557654,
  "anoncount": 7032457,
  "totalaccounts": 16441194,
  "rankedcount": 54056,
  "replaycount": 13633834,
  "gamesplayed": 630635114,
  "gamesplayed_delta": 3.949540202782363,
  "gamesfinished": 490325132,
  "gametime": 111105525201.72775,
  "inputs": 392315543257,
  "piecesplaced": 90178222309
}
