{
  "usercount": 951077,
  "usercount_delta": 0.10080209668361102,
  "anoncount": 654477,
  "rankedcount": 14342,
  "replaycount": 1618130,
  "gamesplayed": 49363449,
  "gamesplayed_delta": 4.449692553605115,
  "gamesfinished": 35095961,
  "gametime": 6986351168.887292,
  "inputs": 24829952098,
  "piecesplaced": 5485748226
}
