{
  "usercount": 1208223,
  "usercount_delta": 0.08838763280241828,
  "anoncount": 852492,
  "rankedcount": 17072,
  "replaycount": 1978755,
  "gamesplayed": 60163873,
  "gamesplayed_delta": 3.7829906839435026,
  "gamesfinished": 43539997,
  "gametime": 8730316750.09282,
  "inputs": 30436255194,
  "piecesplaced": 6758036965
}
