{
  "usercount": 6229067,
  "usercount_delta": 0.1474991518798767,
  "anoncount": 4484941,
  "rankedcount": 45969,
  "replaycount": 8666772,
  "gamesplayed": 419847809,
  "gamesplayed_delta": 4.336475065268375,
  "gamesfinished": 326487384,
  "gametime": 72345953593.0219,
  "inputs": 250461961008,
  "piecesplaced": 57103174522
}
