{
  "usercount": 762314,
  "usercount_delta": 0.03747423646243208,
  "anoncount": 508622,
  "rankedcount": 13995,
  "replaycount": 1313079,
  "gamesplayed": 40810028,
  "gamesplayed_delta": 1.480232340266067,
  "gamesfinished": 28535945,
  "gametime": 5634028177.67733,
  "inputs": 20430526428,
  "piecesplaced": 4481790285
}
