{
  "usercount": 1238531,
  "usercount_delta": 0.19345353246150274,
  "anoncount": 875842,
  "rankedcount": 17315,
  "replaycount": 2020281,
  "gamesplayed": 61401819,
  "gamesplayed_delta": 2.689004101214888,
  "gamesfinished": 44533332,
  "gametime": 8936637549.138023,
  "inputs": 31089795423,
  "piecesplaced": 6905049958
}
