{
  "usercount": 1092554,
  "usercount_delta": 0.07574179621669729,
  "anoncount": 763584,
  "rankedcount": 15968,
  "replaycount": 1829974,
  "gamesplayed": 55792577,
  "gamesplayed_delta": 2.4805438260968358,
  "gamesfinished": 40059988,
  "gametime": 8015559151.629679,
  "inputs": 28177583130,
  "piecesplaced": 6248538268
}
