{
  "usercount": 795639,
  "usercount_delta": 0.0473664266767715,
  "anoncount": 534929,
  "rankedcount": 14008,
  "replaycount": 1373786,
  "gamesplayed": 42370212,
  "gamesplayed_delta": 3.126184160666919,
  "gamesfinished": 29716046,
  "gametime": 5880437733.150222,
  "inputs": 21244282209,
  "piecesplaced": 4668188408
}
