{
  "usercount": 9012896,
  "usercount_delta": 0.17074753269815252,
  "anoncount": 6950581,
  "totalaccounts": 12983246,
  "rankedcount": 47211,
  "replaycount": 11554365,
  "gamesplayed": 516762415,
  "gamesplayed_delta": 5.310248266912543,
  "gamesfinished": 402834963,
  "gametime": 90139308004.02876,
  "inputs": 315397701230,
  "piecesplaced": 72232608153
}
