{
  "usercount": 908480,
  "usercount_delta": 0.017565739781130883,
  "anoncount": 622304,
  "rankedcount": 14321,
  "replaycount": 1555984,
  "gamesplayed": 47574615,
  "gamesplayed_delta": 2.6875581865130247,
  "gamesfinished": 33711860,
  "gametime": 6703387182.037345,
  "inputs": 23914742720,
  "piecesplaced": 5277674472
}
