{
  "usercount": 2319066,
  "usercount_delta": 0.015282341254680216,
  "anoncount": 1718829,
  "rankedcount": 32682,
  "replaycount": 3550081,
  "gamesplayed": 109196889,
  "gamesplayed_delta": 3.866432337434095,
  "gamesfinished": 83676942,
  "gametime": 17446117037.173367,
  "inputs": 58669642259,
  "piecesplaced": 13068490166
}
