{
  "usercount": 1229502,
  "usercount_delta": 0.04962532876780308,
  "anoncount": 868830,
  "rankedcount": 17208,
  "replaycount": 2007755,
  "gamesplayed": 61037098,
  "gamesplayed_delta": 4.598613799149753,
  "gamesfinished": 44242173,
  "gametime": 8876404648.917553,
  "inputs": 30900251500,
  "piecesplaced": 6862477196
}
