{
  "usercount": 1094817,
  "usercount_delta": 0.09437523593808984,
  "anoncount": 765353,
  "rankedcount": 16046,
  "replaycount": 1833544,
  "gamesplayed": 55888778,
  "gamesplayed_delta": 3.1615704039260097,
  "gamesfinished": 40133841,
  "gametime": 8030900606.370844,
  "inputs": 28226679061,
  "piecesplaced": 6259592679
}
