{
  "usercount": 1189628,
  "usercount_delta": 0.0353544281421248,
  "anoncount": 838085,
  "rankedcount": 16730,
  "replaycount": 1955968,
  "gamesplayed": 59509135,
  "gamesplayed_delta": 3.058158034293795,
  "gamesfinished": 43011277,
  "gametime": 8622737823.783892,
  "inputs": 30103325040,
  "piecesplaced": 6683736810
}
