{
  "usercount": 7211310,
  "usercount_delta": 0.10122482032594392,
  "anoncount": 5351373,
  "totalaccounts": 11136104,
  "rankedcount": 60223,
  "replaycount": 9807713,
  "gamesplayed": 452879015,
  "gamesplayed_delta": 3.8296723689982115,
  "gamesfinished": 353008603,
  "gametime": 78386583672.07019,
  "inputs": 272091222750,
  "piecesplaced": 62099166861
}
