{
  "usercount": 769700,
  "usercount_delta": 0.01873922494565625,
  "anoncount": 514407,
  "rankedcount": 13986,
  "replaycount": 1329106,
  "gamesplayed": 41173695,
  "gamesplayed_delta": 2.3798815680983436,
  "gamesfinished": 28809090,
  "gametime": 5691199535.207674,
  "inputs": 20621180154,
  "piecesplaced": 4525494335
}
