{
  "usercount": 6035028,
  "usercount_delta": 0.18304625578883785,
  "anoncount": 4805613,
  "rankedcount": 44804,
  "replaycount": 7015093,
  "gamesplayed": 265657259,
  "gamesplayed_delta": 4.814116527246435,
  "gamesfinished": 207128932,
  "gametime": 45273376312.56765,
  "inputs": 153615592660,
  "piecesplaced": 34675209367
}
