{
  "usercount": 843870,
  "usercount_delta": 0.08783024170882518,
  "anoncount": 572424,
  "rankedcount": 14007,
  "replaycount": 1456866,
  "gamesplayed": 44672957,
  "gamesplayed_delta": 2.47681281618887,
  "gamesfinished": 31471296,
  "gametime": 6244138647.267706,
  "inputs": 22428546668,
  "piecesplaced": 4939102126
}
