{
  "usercount": 1022114,
  "usercount_delta": 0.05751864562762429,
  "anoncount": 709382,
  "rankedcount": 15362,
  "replaycount": 1730653,
  "gamesplayed": 52719299,
  "gamesplayed_delta": 3.5086373832850817,
  "gamesfinished": 37673255,
  "gametime": 7518101525.76186,
  "inputs": 26564691871,
  "piecesplaced": 5881191560
}
