{
  "usercount": 846607,
  "usercount_delta": 0.06112749667619237,
  "anoncount": 574575,
  "rankedcount": 14121,
  "replaycount": 1461963,
  "gamesplayed": 44805404,
  "gamesplayed_delta": 3.0563748338096186,
  "gamesfinished": 31570763,
  "gametime": 6264529301.759427,
  "inputs": 22495507584,
  "piecesplaced": 4954363976
}
