{
  "usercount": 7653082,
  "usercount_delta": 0.17440938639606787,
  "anoncount": 6195903,
  "rankedcount": 39415,
  "replaycount": 8690636,
  "gamesplayed": 333490001,
  "gamesplayed_delta": 4.74076423022039,
  "gamesfinished": 258806383,
  "gametime": 57171414424.63404,
  "inputs": 196022894051,
  "piecesplaced": 44489110561
}
