{
  "usercount": 7672594,
  "usercount_delta": 0.3536339734620766,
  "anoncount": 5759300,
  "totalaccounts": 11609398,
  "rankedcount": 54951,
  "replaycount": 10319737,
  "gamesplayed": 470305441,
  "gamesplayed_delta": 5.289134211780624,
  "gamesfinished": 366719941,
  "gametime": 81665987805.28226,
  "inputs": 284140083542,
  "piecesplaced": 64915621055
}
