{
  "usercount": 908112,
  "usercount_delta": 0.017566048341765037,
  "anoncount": 622047,
  "rankedcount": 14300,
  "replaycount": 1555269,
  "gamesplayed": 47553210,
  "gamesplayed_delta": 2.9159640247329963,
  "gamesfinished": 33695360,
  "gametime": 6699919820.209557,
  "inputs": 23903383325,
  "piecesplaced": 5275096869
}
