{
  "usercount": 1182161,
  "usercount_delta": 0.06291583434260818,
  "anoncount": 832363,
  "rankedcount": 16654,
  "replaycount": 1946094,
  "gamesplayed": 59219911,
  "gamesplayed_delta": 2.548091290875631,
  "gamesfinished": 42780508,
  "gametime": 8575109292.829463,
  "inputs": 29953838891,
  "piecesplaced": 6650119405
}
