{
  "usercount": 836668,
  "usercount_delta": 0.017566048341765037,
  "anoncount": 566817,
  "rankedcount": 14105,
  "replaycount": 1445483,
  "gamesplayed": 44334800,
  "gamesplayed_delta": 1.6336424957841484,
  "gamesfinished": 31213753,
  "gametime": 6191316888.932054,
  "inputs": 22256646462,
  "piecesplaced": 4899840221
}
