{
  "usercount": 828067,
  "usercount_delta": 0.0337655321447866,
  "anoncount": 560248,
  "rankedcount": 13915,
  "replaycount": 1431506,
  "gamesplayed": 43930956,
  "gamesplayed_delta": 2.9038357644516477,
  "gamesfinished": 30904510,
  "gametime": 6127067696.783241,
  "inputs": 22047438999,
  "piecesplaced": 4851991730
}
