{
  "usercount": 1029604,
  "usercount_delta": 0.11376779992036255,
  "anoncount": 715082,
  "rankedcount": 15307,
  "replaycount": 1741540,
  "gamesplayed": 53071734,
  "gamesplayed_delta": 2.9579627979294263,
  "gamesfinished": 37945125,
  "gametime": 7575151350.327308,
  "inputs": 26750052512,
  "piecesplaced": 5923566918
}
