{
  "usercount": 1119741,
  "usercount_delta": 0.0758408858215464,
  "anoncount": 784706,
  "rankedcount": 16011,
  "replaycount": 1868938,
  "gamesplayed": 56981335,
  "gamesplayed_delta": 3.4886807477911344,
  "gamesfinished": 40992203,
  "gametime": 8207988390.135531,
  "inputs": 28800593145,
  "piecesplaced": 6390244337
}
