{
  "usercount": 966997,
  "usercount_delta": 0.03385354954466976,
  "anoncount": 666656,
  "rankedcount": 14540,
  "replaycount": 1642709,
  "gamesplayed": 50089302,
  "gamesplayed_delta": 0.03385354954466976,
  "gamesfinished": 35651722,
  "gametime": 7099916511.826934,
  "inputs": 25201891310,
  "piecesplaced": 5570610850
}
