{
  "usercount": 8480408,
  "usercount_delta": 0.22820195873347912,
  "anoncount": 6905780,
  "rankedcount": 43774,
  "replaycount": 9566559,
  "gamesplayed": 369575634,
  "gamesplayed_delta": 5.8381667775981745,
  "gamesfinished": 286925359,
  "gametime": 63481050725.244,
  "inputs": 218566444140,
  "piecesplaced": 49705167035
}
