{
  "usercount": 764240,
  "usercount_delta": 0.0301191211240456,
  "anoncount": 510087,
  "rankedcount": 13919,
  "replaycount": 1317512,
  "gamesplayed": 40907504,
  "gamesplayed_delta": 1.430658253392166,
  "gamesfinished": 28607575,
  "gametime": 5649301924.014202,
  "inputs": 20481627168,
  "piecesplaced": 4493550568
}
