{
  "usercount": 1014852,
  "usercount_delta": 0.029215846675236648,
  "anoncount": 703641,
  "rankedcount": 15174,
  "replaycount": 1718884,
  "gamesplayed": 52363572,
  "gamesplayed_delta": 2.5125628140703515,
  "gamesfinished": 37399365,
  "gametime": 7460602336.453652,
  "inputs": 26375983503,
  "piecesplaced": 5838325255
}
