{
  "usercount": 1222362,
  "usercount_delta": 0.20609404229683884,
  "anoncount": 863272,
  "rankedcount": 17176,
  "replaycount": 1998256,
  "gamesplayed": 60743799,
  "gamesplayed_delta": 3.10726402232157,
  "gamesfinished": 44006693,
  "gametime": 8827986680.486225,
  "inputs": 30746817926,
  "piecesplaced": 6827984134
}
