{
  "usercount": 1177360,
  "usercount_delta": 0.03145791717130409,
  "anoncount": 828604,
  "rankedcount": 16488,
  "replaycount": 1939650,
  "gamesplayed": 59037805,
  "gamesplayed_delta": 3.7749500605564905,
  "gamesfinished": 42634031,
  "gametime": 8545060902.740288,
  "inputs": 29859031956,
  "piecesplaced": 6628784310
}
