{
  "usercount": 5043618,
  "usercount_delta": 0.11252752905621553,
  "anoncount": 3968052,
  "rankedcount": 42545,
  "replaycount": 5997056,
  "gamesplayed": 226414327,
  "gamesplayed_delta": 6.124712652916874,
  "gamesfinished": 176655798,
  "gametime": 38377495270.77978,
  "inputs": 129658763115,
  "piecesplaced": 29204260048
}
