{
  "usercount": 7099995,
  "usercount_delta": 0.18713113574204693,
  "anoncount": 5253567,
  "totalaccounts": 11021672,
  "rankedcount": 58948,
  "replaycount": 9676953,
  "gamesplayed": 448864618,
  "gamesplayed_delta": 4.116884986325032,
  "gamesfinished": 349809739,
  "gametime": 77630539552.00664,
  "inputs": 269359493172,
  "piecesplaced": 61464791629
}
