{
  "usercount": 1245869,
  "usercount_delta": 0.06341254617226018,
  "anoncount": 881498,
  "rankedcount": 17560,
  "replaycount": 2030740,
  "gamesplayed": 61677611,
  "gamesplayed_delta": 4.851059782177904,
  "gamesfinished": 44756444,
  "gametime": 8982533102.648752,
  "inputs": 31235220715,
  "piecesplaced": 6937790174
}
