{
  "usercount": 1100758,
  "usercount_delta": 0.03308409978164494,
  "anoncount": 770021,
  "rankedcount": 16044,
  "replaycount": 1841192,
  "gamesplayed": 56140002,
  "gamesplayed_delta": 3.4572884271818967,
  "gamesfinished": 40332703,
  "gametime": 8071229694.298205,
  "inputs": 28357021792,
  "piecesplaced": 6289078209
}
