{
  "usercount": 1097643,
  "usercount_delta": 0.07584519994690836,
  "anoncount": 767611,
  "rankedcount": 15914,
  "replaycount": 1836812,
  "gamesplayed": 56004712,
  "gamesplayed_delta": 2.9769240979161533,
  "gamesfinished": 40225783,
  "gametime": 8049285962.462954,
  "inputs": 28285658176,
  "piecesplaced": 6272947169
}
