{
  "usercount": 1096118,
  "usercount_delta": 0.0946790380609733,
  "anoncount": 766376,
  "rankedcount": 15872,
  "replaycount": 1834997,
  "gamesplayed": 55939710,
  "gamesplayed_delta": 6.059458435902291,
  "gamesfinished": 40174221,
  "gametime": 8038936643.136964,
  "inputs": 28252146415,
  "piecesplaced": 6265347559
}
