{
  "usercount": 936656,
  "usercount_delta": 0.1505933377507379,
  "anoncount": 643609,
  "rankedcount": 14308,
  "replaycount": 1600021,
  "gamesplayed": 48769656,
  "gamesplayed_delta": 2.3643154026865854,
  "gamesfinished": 34634754,
  "gametime": 6891065378.240482,
  "inputs": 24521739547,
  "piecesplaced": 5415605390
}
