{
  "usercount": 1014105,
  "usercount_delta": 0.04578195580515199,
  "anoncount": 703043,
  "rankedcount": 15136,
  "replaycount": 1717537,
  "gamesplayed": 52325482,
  "gamesplayed_delta": 3.0063484312049806,
  "gamesfinished": 37370501,
  "gametime": 7454611465.393975,
  "inputs": 26356057903,
  "piecesplaced": 5833789934
}
