{
  "usercount": 3231447,
  "usercount_delta": 0.05973358819664298,
  "anoncount": 2452929,
  "rankedcount": 31406,
  "replaycount": 3781491,
  "gamesplayed": 151916541,
  "gamesplayed_delta": 4.046950600322561,
  "gamesfinished": 118354329,
  "gametime": 25131240603.48614,
  "inputs": 84273251671,
  "piecesplaced": 18868688077
}
