{
  "usercount": 848695,
  "usercount_delta": 0.06009525097279187,
  "anoncount": 576193,
  "rankedcount": 14008,
  "replaycount": 1465205,
  "gamesplayed": 44904258,
  "gamesplayed_delta": 1.8479289674133499,
  "gamesfinished": 31646548,
  "gametime": 6280220709.75482,
  "inputs": 22545710486,
  "piecesplaced": 4965790298
}
