{
  "usercount": 5052833,
  "usercount_delta": 0.03898027598035394,
  "anoncount": 3975499,
  "rankedcount": 42465,
  "replaycount": 6015452,
  "gamesplayed": 226920083,
  "gamesplayed_delta": 5.028455601465659,
  "gamesfinished": 177018056,
  "gametime": 38463925003.35565,
  "inputs": 129959889053,
  "piecesplaced": 29273874901
}
