{
  "usercount": 3483020,
  "usercount_delta": 0.07475517679599313,
  "anoncount": 2660711,
  "rankedcount": 33100,
  "replaycount": 4017943,
  "gamesplayed": 162261726,
  "gamesplayed_delta": 4.989908051132541,
  "gamesfinished": 126658818,
  "gametime": 26990760275.367046,
  "inputs": 90544708604,
  "piecesplaced": 20291199838
}
