{
  "usercount": 809405,
  "usercount_delta": 0,
  "anoncount": 545632,
  "rankedcount": 13875,
  "replaycount": 1399425,
  "gamesplayed": 43050500,
  "gamesplayed_delta": 1.7995866296058727,
  "gamesfinished": 30232546,
  "gametime": 5988556359.115897,
  "inputs": 21597388379,
  "piecesplaced": 4749234849
}
