{
  "usercount": 8688168,
  "usercount_delta": 0.2994609702535436,
  "anoncount": 6659193,
  "totalaccounts": 12650866,
  "rankedcount": 46966,
  "replaycount": 11276981,
  "gamesplayed": 506191821,
  "gamesplayed_delta": 4.711519265322419,
  "gamesfinished": 394609838,
  "gametime": 88229038586.05736,
  "inputs": 308409728819,
  "piecesplaced": 70601934070
}
