{
  "usercount": 1030040,
  "usercount_delta": 0.11097371508291322,
  "anoncount": 715420,
  "rankedcount": 15325,
  "replaycount": 1742159,
  "gamesplayed": 53093687,
  "gamesplayed_delta": 2.917023367893719,
  "gamesfinished": 37962376,
  "gametime": 7578632247.310018,
  "inputs": 26761520396,
  "piecesplaced": 5926182490
}
