{
  "usercount": 976393,
  "usercount_delta": 0.03164156435894191,
  "anoncount": 673827,
  "rankedcount": 14700,
  "replaycount": 1656528,
  "gamesplayed": 50506682,
  "gamesplayed_delta": 2.5787874952537653,
  "gamesfinished": 35974475,
  "gametime": 7165804232.289228,
  "inputs": 25414076687,
  "piecesplaced": 5618871817
}
