{
  "usercount": 1024619,
  "usercount_delta": 0.0876385785022567,
  "anoncount": 711243,
  "rankedcount": 15264,
  "replaycount": 1733334,
  "gamesplayed": 52811940,
  "gamesplayed_delta": 4.411141784613587,
  "gamesfinished": 37745525,
  "gametime": 7533324424.704177,
  "inputs": 26612624504,
  "piecesplaced": 5892116337
}
