{
  "usercount": 5726974,
  "usercount_delta": 0.2043703820154064,
  "anoncount": 4545177,
  "rankedcount": 43422,
  "replaycount": 6685977,
  "gamesplayed": 253752337,
  "gamesplayed_delta": 5.156421946234869,
  "gamesfinished": 197793651,
  "gametime": 43172658107.93795,
  "inputs": 146320640579,
  "piecesplaced": 33011232643
}
