{
  "usercount": 7126290,
  "usercount_delta": 0.14999475018374359,
  "anoncount": 5732079,
  "rankedcount": 40488,
  "replaycount": 8252540,
  "gamesplayed": 314897429,
  "gamesplayed_delta": 4.979825706100287,
  "gamesfinished": 244660527,
  "gametime": 53966582157.46439,
  "inputs": 184489491230,
  "piecesplaced": 41807936255
}
