{
  "usercount": 8080407,
  "usercount_delta": 0.1248684421769921,
  "anoncount": 6114803,
  "totalaccounts": 12028665,
  "rankedcount": 45991,
  "replaycount": 10764721,
  "gamesplayed": 486806275,
  "gamesplayed_delta": 4.941222640432402,
  "gamesfinished": 379472944,
  "gametime": 84743441645.76277,
  "inputs": 295612048046,
  "piecesplaced": 67611847426
}
