{
  "usercount": 1148859,
  "usercount_delta": 0.08270888127967181,
  "anoncount": 807453,
  "rankedcount": 16125,
  "replaycount": 1906766,
  "gamesplayed": 58118582,
  "gamesplayed_delta": 3.4076059087224784,
  "gamesfinished": 41894020,
  "gametime": 8391632648.712799,
  "inputs": 29382857058,
  "piecesplaced": 6521631273
}
