{
  "usercount": 742602,
  "usercount_delta": 0.04437541601952518,
  "anoncount": 493160,
  "rankedcount": 13640,
  "replaycount": 1267571,
  "gamesplayed": 39862474,
  "gamesplayed_delta": 3.535241476222173,
  "gamesfinished": 27814890,
  "gametime": 5484038187.88384,
  "inputs": 19941543515,
  "piecesplaced": 4370574164
}
