{
  "usercount": 906909,
  "usercount_delta": 0.04517800132522137,
  "anoncount": 621133,
  "rankedcount": 14250,
  "replaycount": 1553118,
  "gamesplayed": 47491689,
  "gamesplayed_delta": 3.026926088789832,
  "gamesfinished": 33648042,
  "gametime": 6690021107.132096,
  "inputs": 23869904738,
  "piecesplaced": 5267447248
}
