{
  "usercount": 2270236,
  "usercount_delta": 0.13536837118007378,
  "anoncount": 1680112,
  "rankedcount": 32724,
  "replaycount": 3484580,
  "gamesplayed": 106692959,
  "gamesplayed_delta": 3.790314393042066,
  "gamesfinished": 81649574,
  "gametime": 16993365289.23492,
  "inputs": 57151099308,
  "piecesplaced": 12723089326
}
