{
  "usercount": 940130,
  "usercount_delta": 0.18028846153846154,
  "anoncount": 646233,
  "rankedcount": 14227,
  "replaycount": 1604601,
  "gamesplayed": 48902300,
  "gamesplayed_delta": 3.8611778846153846,
  "gamesfinished": 34738315,
  "gametime": 6912442846.829468,
  "inputs": 24589729751,
  "piecesplaced": 5430937653
}
