{
  "usercount": 1212872,
  "usercount_delta": 0.039081582804103565,
  "anoncount": 855988,
  "rankedcount": 16977,
  "replaycount": 1983999,
  "gamesplayed": 60325227,
  "gamesplayed_delta": 6.057645334636053,
  "gamesfinished": 43671208,
  "gametime": 8757008348.435038,
  "inputs": 30518541917,
  "piecesplaced": 6776349682
}
