{
  "usercount": 8886795,
  "usercount_delta": 0.12269938650306748,
  "anoncount": 6566041,
  "totalaccounts": 15406595,
  "rankedcount": 50682,
  "replaycount": 12728080,
  "gamesplayed": 596772375,
  "gamesplayed_delta": 5.168711656441718,
  "gamesfinished": 464246491,
  "gametime": 104806627625.1686,
  "inputs": 369258384944,
  "piecesplaced": 84807372063
}
