{
  "usercount": 893108,
  "usercount_delta": 0.05064915331498708,
  "anoncount": 610703,
  "rankedcount": 14355,
  "replaycount": 1533686,
  "gamesplayed": 46916149,
  "gamesplayed_delta": 2.1272644392294575,
  "gamesfinished": 33200867,
  "gametime": 6597702825.302234,
  "inputs": 23570362032,
  "piecesplaced": 5199024320
}
