{
  "usercount": 865111,
  "usercount_delta": 0.05960541217142516,
  "anoncount": 588952,
  "rankedcount": 14069,
  "replaycount": 1490737,
  "gamesplayed": 45645283,
  "gamesplayed_delta": 1.7086884822475212,
  "gamesfinished": 32217699,
  "gametime": 6397088528.818084,
  "inputs": 22924278350,
  "piecesplaced": 5051860615
}
