{
  "usercount": 2220408,
  "usercount_delta": 0.1605675332447779,
  "anoncount": 1640318,
  "rankedcount": 32192,
  "replaycount": 3416118,
  "gamesplayed": 104118882,
  "gamesplayed_delta": 5.488490227276045,
  "gamesfinished": 79568951,
  "gametime": 16529364418.86669,
  "inputs": 55598020339,
  "piecesplaced": 12371292339
}
