{
  "usercount": 8333292,
  "usercount_delta": 0.1318082629135484,
  "anoncount": 6737577,
  "rankedcount": 43067,
  "replaycount": 9724081,
  "gamesplayed": 376424776,
  "gamesplayed_delta": 3.0169446844656638,
  "gamesfinished": 292298929,
  "gametime": 64715937558.98068,
  "inputs": 223042564037,
  "piecesplaced": 50743698400
}
