{
  "usercount": 1372495,
  "usercount_delta": 0.07186618516322607,
  "anoncount": 979089,
  "rankedcount": 18939,
  "replaycount": 2200479,
  "gamesplayed": 66625072,
  "gamesplayed_delta": 2.8027812213658168,
  "gamesfinished": 48764483,
  "gametime": 9823620817.473717,
  "inputs": 33866317325,
  "piecesplaced": 7527797682
}
