{
  "usercount": 779076,
  "usercount_delta": 0.09386586567794622,
  "anoncount": 521780,
  "rankedcount": 13848,
  "replaycount": 1347395,
  "gamesplayed": 41650474,
  "gamesplayed_delta": 2.1276262887001143,
  "gamesfinished": 29169440,
  "gametime": 5767186150.470665,
  "inputs": 20873847656,
  "piecesplaced": 4583381495
}
