{
  "usercount": 7222386,
  "usercount_delta": 0.0314896162990254,
  "anoncount": 5360736,
  "totalaccounts": 11147588,
  "rankedcount": 60008,
  "replaycount": 9825930,
  "gamesplayed": 453411687,
  "gamesplayed_delta": 3.5268370254908445,
  "gamesfinished": 353422759,
  "gametime": 78488062031.2488,
  "inputs": 272467927538,
  "piecesplaced": 62187341240
}
