{
  "usercount": 873692,
  "usercount_delta": 0.08441240524707512,
  "anoncount": 595644,
  "rankedcount": 14214,
  "replaycount": 1503533,
  "gamesplayed": 46026504,
  "gamesplayed_delta": 3.680380868772475,
  "gamesfinished": 32513661,
  "gametime": 6458205799.7265005,
  "inputs": 23119444265,
  "piecesplaced": 5096484528
}
