{
  "usercount": 816315,
  "usercount_delta": 0.1204764844961824,
  "anoncount": 551058,
  "rankedcount": 13947,
  "replaycount": 1411605,
  "gamesplayed": 43380380,
  "gamesplayed_delta": 2.2137554026173514,
  "gamesfinished": 30484250,
  "gametime": 6040694308.972381,
  "inputs": 21766558132,
  "piecesplaced": 4787886065
}
