{
  "usercount": 1169403,
  "usercount_delta": 0.038690706492300546,
  "anoncount": 822584,
  "rankedcount": 16449,
  "replaycount": 1929294,
  "gamesplayed": 58760388,
  "gamesplayed_delta": 2.747040160953339,
  "gamesfinished": 42410747,
  "gametime": 8499455922.181304,
  "inputs": 29717475257,
  "piecesplaced": 6596997230
}
