{
  "usercount": 2665860,
  "usercount_delta": 0.09544261512765449,
  "anoncount": 1994229,
  "rankedcount": 28977,
  "replaycount": 4001607,
  "gamesplayed": 127024558,
  "gamesplayed_delta": 4.517617116042313,
  "gamesfinished": 98051590,
  "gametime": 20645543014.85369,
  "inputs": 69397678547,
  "piecesplaced": 15507751494
}
