{
  "usercount": 1046883,
  "usercount_delta": 0.05688174285660113,
  "anoncount": 728363,
  "rankedcount": 15650,
  "replaycount": 1765288,
  "gamesplayed": 53799633,
  "gamesplayed_delta": 2.426954361881648,
  "gamesfinished": 38505045,
  "gametime": 7691582227.7454,
  "inputs": 27132009794,
  "piecesplaced": 6010797225
}
