{
  "usercount": 1144151,
  "usercount_delta": 0.09770204783492262,
  "anoncount": 803860,
  "rankedcount": 16179,
  "replaycount": 1900229,
  "gamesplayed": 57929994,
  "gamesplayed_delta": 2.4816320150070346,
  "gamesfinished": 41743647,
  "gametime": 8361398988.997105,
  "inputs": 29286464070,
  "piecesplaced": 6499948014
}
