{
  "usercount": 1692130,
  "usercount_delta": 0.16317811633116255,
  "anoncount": 1227143,
  "rankedcount": 24484,
  "replaycount": 2652403,
  "gamesplayed": 80266567,
  "gamesplayed_delta": 4.123956030914836,
  "gamesfinished": 59914113,
  "gametime": 12198651515.958797,
  "inputs": 41473557781,
  "piecesplaced": 9229241941
}
