{
  "usercount": 1128169,
  "usercount_delta": 0.1563202219747152,
  "anoncount": 791375,
  "rankedcount": 16086,
  "replaycount": 1880173,
  "gamesplayed": 57327364,
  "gamesplayed_delta": 3.0091642730132677,
  "gamesfinished": 41265007,
  "gametime": 8263467200.286866,
  "inputs": 28976737729,
  "piecesplaced": 6430079922
}
