{
  "usercount": 946247,
  "usercount_delta": 0.09014016796117963,
  "anoncount": 650878,
  "rankedcount": 14212,
  "replaycount": 1613072,
  "gamesplayed": 49153391,
  "gamesplayed_delta": 3.109835794660697,
  "gamesfinished": 34933775,
  "gametime": 6953079565.652571,
  "inputs": 24721176685,
  "piecesplaced": 5460864562
}
