{
  "usercount": 8452681,
  "usercount_delta": 0.35677334189589355,
  "anoncount": 6447136,
  "totalaccounts": 12409886,
  "rankedcount": 45222,
  "replaycount": 11087805,
  "gamesplayed": 499209240,
  "gamesplayed_delta": 4.566698776267438,
  "gamesfinished": 389128734,
  "gametime": 86986399617.12314,
  "inputs": 303901511279,
  "piecesplaced": 69554052895
}
