{
  "usercount": 1131317,
  "usercount_delta": 0.09511881925839027,
  "anoncount": 793855,
  "rankedcount": 16196,
  "replaycount": 1884881,
  "gamesplayed": 57459988,
  "gamesplayed_delta": 3.2974524009575292,
  "gamesfinished": 41369181,
  "gametime": 8284779687.32032,
  "inputs": 29045708165,
  "piecesplaced": 6445674797
}
