{
  "usercount": 2597076,
  "usercount_delta": 0.050761421319796954,
  "anoncount": 1939278,
  "rankedcount": 29344,
  "replaycount": 3918526,
  "gamesplayed": 123639112,
  "gamesplayed_delta": 5.871404399323181,
  "gamesfinished": 95327353,
  "gametime": 20042453974.368073,
  "inputs": 67384146956,
  "piecesplaced": 15050510104
}
