{
  "usercount": 901533,
  "usercount_delta": 0.03004717406327935,
  "anoncount": 617317,
  "rankedcount": 14277,
  "replaycount": 1546499,
  "gamesplayed": 47306173,
  "gamesplayed_delta": 1.9380427270815181,
  "gamesfinished": 33504283,
  "gametime": 6660174925.623236,
  "inputs": 23773417027,
  "piecesplaced": 5245385186
}
