{
  "usercount": 870657,
  "usercount_delta": 0.1589509239022452,
  "anoncount": 593310,
  "rankedcount": 14282,
  "replaycount": 1498604,
  "gamesplayed": 45885188,
  "gamesplayed_delta": 3.05980528511822,
  "gamesfinished": 32403745,
  "gametime": 6435984129.28669,
  "inputs": 23047238588,
  "piecesplaced": 5080023568
}
