{
  "usercount": 7870495,
  "usercount_delta": 0.030965983866722405,
  "anoncount": 6389356,
  "rankedcount": 39184,
  "replaycount": 8868011,
  "gamesplayed": 340902508,
  "gamesplayed_delta": 3.143047362472324,
  "gamesfinished": 264486524,
  "gametime": 58452563765.38738,
  "inputs": 200626394278,
  "piecesplaced": 45558773930
}
