{
  "usercount": 812825,
  "usercount_delta": 0.06753220441998278,
  "anoncount": 548302,
  "rankedcount": 13990,
  "replaycount": 1405285,
  "gamesplayed": 43209732,
  "gamesplayed_delta": 2.1441474903344533,
  "gamesfinished": 30353975,
  "gametime": 6013990118.198665,
  "inputs": 21679997634,
  "piecesplaced": 4768087787
}
