{
  "usercount": 9509025,
  "usercount_delta": 0.28089394497989856,
  "anoncount": 7069881,
  "totalaccounts": 16582991,
  "rankedcount": 53592,
  "replaycount": 13765511,
  "gamesplayed": 635853355,
  "gamesplayed_delta": 4.248520917820965,
  "gamesfinished": 494284512,
  "gametime": 112074180920.75279,
  "inputs": 395902187627,
  "piecesplaced": 91018094592
}
