{
  "usercount": 7179519,
  "usercount_delta": 0.05206344798861546,
  "anoncount": 5778402,
  "rankedcount": 40029,
  "replaycount": 8300805,
  "gamesplayed": 317033847,
  "gamesplayed_delta": 3.002325500676825,
  "gamesfinished": 246267791,
  "gametime": 54335175543.54014,
  "inputs": 185814062566,
  "piecesplaced": 42116876744
}
