{
  "usercount": 815972,
  "usercount_delta": 0.0709408530637581,
  "anoncount": 550783,
  "rankedcount": 13935,
  "replaycount": 1410902,
  "gamesplayed": 43360754,
  "gamesplayed_delta": 2.642546776624989,
  "gamesfinished": 30468839,
  "gametime": 6037619896.95637,
  "inputs": 21756635391,
  "piecesplaced": 4785605307
}
