{
  "usercount": 1087230,
  "usercount_delta": 0.0773799160427911,
  "anoncount": 759425,
  "rankedcount": 15968,
  "replaycount": 1822431,
  "gamesplayed": 55562708,
  "gamesplayed_delta": 3.0758516627009462,
  "gamesfinished": 39878894,
  "gametime": 7978349981.8934965,
  "inputs": 28058028492,
  "piecesplaced": 6221396443
}
