{
  "usercount": 867377,
  "usercount_delta": 0.03376610220999139,
  "anoncount": 590760,
  "rankedcount": 14144,
  "replaycount": 1493614,
  "gamesplayed": 45734502,
  "gamesplayed_delta": 1.7727203660245479,
  "gamesfinished": 32286453,
  "gametime": 6411127111.702349,
  "inputs": 22969678544,
  "piecesplaced": 5062171494
}
