{
  "usercount": 8689268,
  "usercount_delta": 0.13020833333333334,
  "anoncount": 6401290,
  "totalaccounts": 15067465,
  "rankedcount": 50092,
  "replaycount": 12440595,
  "gamesplayed": 586191958,
  "gamesplayed_delta": 4.557291666666667,
  "gamesfinished": 456074713,
  "gametime": 102843570605.27936,
  "inputs": 362030021939,
  "piecesplaced": 83122328053
}
