{
  "usercount": 786965,
  "usercount_delta": 0.03128960090114051,
  "anoncount": 527946,
  "rankedcount": 13883,
  "replaycount": 1362234,
  "gamesplayed": 42054641,
  "gamesplayed_delta": 1.7678624509144387,
  "gamesfinished": 29476347,
  "gametime": 5830945125.120811,
  "inputs": 21084109039,
  "piecesplaced": 4631520400
}
