{
  "usercount": 3378342,
  "usercount_delta": 0.074753779737988,
  "anoncount": 2573450,
  "rankedcount": 31963,
  "replaycount": 3849885,
  "gamesplayed": 158351004,
  "gamesplayed_delta": 4.821618793100226,
  "gamesfinished": 123518007,
  "gametime": 26287815184.203346,
  "inputs": 88175143815,
  "piecesplaced": 19754429531
}
