{
  "usercount": 1044875,
  "usercount_delta": 0.22194743016582644,
  "anoncount": 726828,
  "rankedcount": 15589,
  "replaycount": 1762782,
  "gamesplayed": 53731025,
  "gamesplayed_delta": 3.0438504708456198,
  "gamesfinished": 38451672,
  "gametime": 7680635131.185161,
  "inputs": 27097183910,
  "piecesplaced": 6002888612
}
