{
  "usercount": 773872,
  "usercount_delta": 0.015491146809598315,
  "anoncount": 517698,
  "rankedcount": 13971,
  "replaycount": 1337148,
  "gamesplayed": 41387120,
  "gamesplayed_delta": 3.22215853639645,
  "gamesfinished": 28970608,
  "gametime": 5725301149.6660185,
  "inputs": 20733962447,
  "piecesplaced": 4551292346
}
