{
  "usercount": 1136275,
  "usercount_delta": 0.1060689094348295,
  "anoncount": 797787,
  "rankedcount": 16167,
  "replaycount": 1890824,
  "gamesplayed": 57645177,
  "gamesplayed_delta": 3.429561405059487,
  "gamesfinished": 41516963,
  "gametime": 8315317263.768477,
  "inputs": 29142151556,
  "piecesplaced": 6467439634
}
