{
  "usercount": 792716,
  "usercount_delta": 0.015788559609706806,
  "anoncount": 532645,
  "rankedcount": 13903,
  "replaycount": 1368864,
  "gamesplayed": 42235387,
  "gamesplayed_delta": 2.22618690496866,
  "gamesfinished": 29613183,
  "gametime": 5859139799.154423,
  "inputs": 21175402895,
  "piecesplaced": 4652434567
}
