{
  "usercount": 760908,
  "usercount_delta": 0.08909162182388368,
  "anoncount": 507514,
  "rankedcount": 13934,
  "replaycount": 1309974,
  "gamesplayed": 40741042,
  "gamesplayed_delta": 3.43893660240191,
  "gamesfinished": 28482682,
  "gametime": 5623021902.4469795,
  "inputs": 20394375303,
  "piecesplaced": 4473520092
}
