{
  "usercount": 1174830,
  "usercount_delta": 0.17041581458759375,
  "anoncount": 826704,
  "rankedcount": 16411,
  "replaycount": 1936408,
  "gamesplayed": 58950877,
  "gamesplayed_delta": 3.5787321063394684,
  "gamesfinished": 42563625,
  "gametime": 8530736786.147545,
  "inputs": 29815299282,
  "piecesplaced": 6619005201
}
