{
  "usercount": 864671,
  "usercount_delta": 0.019868470723808387,
  "anoncount": 588597,
  "rankedcount": 14049,
  "replaycount": 1489974,
  "gamesplayed": 45623758,
  "gamesplayed_delta": 3.0597444914664917,
  "gamesfinished": 32201363,
  "gametime": 6393725890.603857,
  "inputs": 22912764822,
  "piecesplaced": 5049192780
}
