{
  "usercount": 5839528,
  "usercount_delta": 0.18961240065100257,
  "anoncount": 4165149,
  "rankedcount": 41729,
  "replaycount": 10289065,
  "gamesplayed": 399940880,
  "gamesplayed_delta": 4.392687281748226,
  "gamesfinished": 310622511,
  "gametime": 68849387991.4208,
  "inputs": 238000428664,
  "piecesplaced": 54212736275
}
