{
  "usercount": 1049248,
  "usercount_delta": 0.11723787564969324,
  "anoncount": 730183,
  "rankedcount": 15540,
  "replaycount": 1768834,
  "gamesplayed": 53906245,
  "gamesplayed_delta": 2.168900699519325,
  "gamesfinished": 38587919,
  "gametime": 7708548181.558272,
  "inputs": 27187940518,
  "piecesplaced": 6023570033
}
