{
  "usercount": 8517242,
  "usercount_delta": 0.05998320470268324,
  "anoncount": 6274565,
  "totalaccounts": 14652213,
  "rankedcount": 49427,
  "replaycount": 12031166,
  "gamesplayed": 571801910,
  "gamesplayed_delta": 3.439037069620506,
  "gamesfinished": 445119040,
  "gametime": 100191198148.18146,
  "inputs": 352305668498,
  "piecesplaced": 80850824236
}
