{
  "usercount": 829538,
  "usercount_delta": 0.033764962098830044,
  "anoncount": 561377,
  "rankedcount": 13978,
  "replaycount": 1433666,
  "gamesplayed": 43997056,
  "gamesplayed_delta": 2.363547346918103,
  "gamesfinished": 30955732,
  "gametime": 6137474688.27117,
  "inputs": 22081002662,
  "piecesplaced": 4859649366
}
