{
  "usercount": 851466,
  "usercount_delta": 0.045072115384615384,
  "anoncount": 578361,
  "rankedcount": 14126,
  "replaycount": 1470007,
  "gamesplayed": 45042007,
  "gamesplayed_delta": 2.223557692307692,
  "gamesfinished": 31750182,
  "gametime": 6301440633.120224,
  "inputs": 22614585364,
  "piecesplaced": 4981432989
}
