{
  "usercount": 833573,
  "usercount_delta": 0.11465753228326143,
  "anoncount": 564451,
  "rankedcount": 13985,
  "replaycount": 1440391,
  "gamesplayed": 44190928,
  "gamesplayed_delta": 2.579794476373382,
  "gamesfinished": 31103728,
  "gametime": 6168426437.652993,
  "inputs": 22180679886,
  "piecesplaced": 4882418982
}
