{
  "usercount": 747465,
  "usercount_delta": 0.04663091629750525,
  "anoncount": 496924,
  "rankedcount": 13691,
  "replaycount": 1280969,
  "gamesplayed": 40109180,
  "gamesplayed_delta": 2.1761094272169115,
  "gamesfinished": 28001535,
  "gametime": 5522896207.470859,
  "inputs": 20068499132,
  "piecesplaced": 4399405541
}
