{
  "usercount": 8907777,
  "usercount_delta": 0.23874895547331978,
  "anoncount": 6584215,
  "totalaccounts": 15440935,
  "rankedcount": 51089,
  "replaycount": 12751715,
  "gamesplayed": 597739361,
  "gamesplayed_delta": 3.683555313016934,
  "gamesfinished": 464996648,
  "gametime": 104990601365.33296,
  "inputs": 369923879103,
  "piecesplaced": 84964164637
}
