{
  "usercount": 9286111,
  "usercount_delta": 0.37433555439095606,
  "anoncount": 7194879,
  "totalaccounts": 13262906,
  "rankedcount": 47778,
  "replaycount": 11789669,
  "gamesplayed": 525637357,
  "gamesplayed_delta": 4.7765216740286,
  "gamesfinished": 409743823,
  "gametime": 91742146690.7761,
  "inputs": 321279459070,
  "piecesplaced": 73601379893
}
