{
  "usercount": 782632,
  "usercount_delta": 0,
  "anoncount": 524594,
  "rankedcount": 13843,
  "replaycount": 1354474,
  "gamesplayed": 41841824,
  "gamesplayed_delta": 2.270107298040259,
  "gamesfinished": 29314545,
  "gametime": 5797078436.264937,
  "inputs": 20972571886,
  "piecesplaced": 4605947740
}
