{
  "usercount": 995799,
  "usercount_delta": 0.04382120946538125,
  "anoncount": 688843,
  "rankedcount": 14835,
  "replaycount": 1686881,
  "gamesplayed": 51415848,
  "gamesplayed_delta": 3.4180543382997373,
  "gamesfinished": 36674447,
  "gametime": 7310180616.720101,
  "inputs": 25884890671,
  "piecesplaced": 5726380977
}
