{
  "usercount": 1235255,
  "usercount_delta": 0.053030704778066505,
  "anoncount": 873369,
  "rankedcount": 17408,
  "replaycount": 2015244,
  "gamesplayed": 61271544,
  "gamesplayed_delta": 2.3687048134203037,
  "gamesfinished": 44430992,
  "gametime": 8915179440.956911,
  "inputs": 31022318091,
  "piecesplaced": 6889874447
}
