{
  "usercount": 1122508,
  "usercount_delta": 0.05680742283658398,
  "anoncount": 786968,
  "rankedcount": 16102,
  "replaycount": 1872460,
  "gamesplayed": 57093313,
  "gamesplayed_delta": 2.0829388373414126,
  "gamesfinished": 41081400,
  "gametime": 8226296580.96118,
  "inputs": 28859247533,
  "piecesplaced": 6403524277
}
