{
  "usercount": 1402481,
  "usercount_delta": 0.1077992777448391,
  "anoncount": 1002002,
  "rankedcount": 19264,
  "replaycount": 2242316,
  "gamesplayed": 67915518,
  "gamesplayed_delta": 4.725201674482115,
  "gamesfinished": 49801445,
  "gametime": 10043550660.921333,
  "inputs": 34567615017,
  "piecesplaced": 7686346590
}
