{
  "usercount": 6736772,
  "usercount_delta": 0.058104064379303336,
  "anoncount": 5400778,
  "rankedcount": 45532,
  "replaycount": 7820585,
  "gamesplayed": 296141667,
  "gamesplayed_delta": 5.389151971180384,
  "gamesfinished": 230620005,
  "gametime": 50679325663.24621,
  "inputs": 172599347822,
  "piecesplaced": 39030650744
}
