{
  "usercount": 962612,
  "usercount_delta": 0.10465255352230593,
  "anoncount": 663236,
  "rankedcount": 14550,
  "replaycount": 1636058,
  "gamesplayed": 49889100,
  "gamesplayed_delta": 3.8721444803253195,
  "gamesfinished": 35498103,
  "gametime": 7068691081.590374,
  "inputs": 25099586240,
  "piecesplaced": 5547285007
}
