{
  "usercount": 806419,
  "usercount_delta": 0.015788559609706806,
  "anoncount": 543316,
  "rankedcount": 13908,
  "replaycount": 1393733,
  "gamesplayed": 42901500,
  "gamesplayed_delta": 2.8103636105278116,
  "gamesfinished": 30120045,
  "gametime": 5965460646.80231,
  "inputs": 21521847019,
  "piecesplaced": 4731998969
}
