{
  "usercount": 8842744,
  "usercount_delta": 0.15415921563791085,
  "anoncount": 6798114,
  "totalaccounts": 12809141,
  "rankedcount": 47241,
  "replaycount": 11407006,
  "gamesplayed": 511047949,
  "gamesplayed_delta": 4.038971449713264,
  "gamesfinished": 398397123,
  "gametime": 89105200455.3333,
  "inputs": 311602639093,
  "piecesplaced": 71346023041
}
