{
  "usercount": 9054669,
  "usercount_delta": 0.20956306101777794,
  "anoncount": 6818690,
  "totalaccounts": 14598187,
  "rankedcount": 49304,
  "replaycount": 11968314,
  "gamesplayed": 569848334,
  "gamesplayed_delta": 4.453215046627781,
  "gamesfinished": 443633455,
  "gametime": 99828439254.93227,
  "inputs": 350979369783,
  "piecesplaced": 80541764216
}
