{
  "usercount": 1220640,
  "usercount_delta": 0.06291682395872657,
  "anoncount": 861930,
  "rankedcount": 17084,
  "replaycount": 1995048,
  "gamesplayed": 60659360,
  "gamesplayed_delta": 2.453756134390336,
  "gamesfinished": 43941006,
  "gametime": 8813778828.40601,
  "inputs": 30699032757,
  "piecesplaced": 6817048086
}
