{
  "usercount": 5770186,
  "usercount_delta": 0.08028388381316334,
  "anoncount": 4131717,
  "rankedcount": 41903,
  "replaycount": 10030025,
  "gamesplayed": 388950705,
  "gamesplayed_delta": 4.688578814688739,
  "gamesfinished": 302040962,
  "gametime": 66948449623.24908,
  "inputs": 231147675343,
  "piecesplaced": 52617221563
}
