{
  "usercount": 804150,
  "usercount_delta": 0.046474160366836034,
  "anoncount": 541579,
  "rankedcount": 13968,
  "replaycount": 1389569,
  "gamesplayed": 42787268,
  "gamesplayed_delta": 1.9364233486181681,
  "gamesfinished": 30035115,
  "gametime": 5947454135.881538,
  "inputs": 21463797059,
  "piecesplaced": 4718673165
}
