{
  "usercount": 806688,
  "usercount_delta": 0,
  "anoncount": 543525,
  "rankedcount": 13924,
  "replaycount": 1394233,
  "gamesplayed": 42915179,
  "gamesplayed_delta": 3.261230054906585,
  "gamesfinished": 30130686,
  "gametime": 5967590381.982306,
  "inputs": 21528665553,
  "piecesplaced": 4733546185
}
