{
  "usercount": 855456,
  "usercount_delta": 0.017565739781130883,
  "anoncount": 581471,
  "rankedcount": 14106,
  "replaycount": 1475669,
  "gamesplayed": 45209497,
  "gamesplayed_delta": 3.7239368335997467,
  "gamesfinished": 31879560,
  "gametime": 6327942523.095466,
  "inputs": 22700147247,
  "piecesplaced": 5000914787
}
