{
  "usercount": 1077417,
  "usercount_delta": 0.01893580761219466,
  "anoncount": 751927,
  "rankedcount": 15807,
  "replaycount": 1808929,
  "gamesplayed": 55177246,
  "gamesplayed_delta": 2.101874644953607,
  "gamesfinished": 39576927,
  "gametime": 7915515904.978135,
  "inputs": 27856618113,
  "piecesplaced": 6175787899
}
