{
  "usercount": 926358,
  "usercount_delta": 0.09934432743890324,
  "anoncount": 635726,
  "rankedcount": 14375,
  "replaycount": 1584612,
  "gamesplayed": 48336096,
  "gamesplayed_delta": 2.324657262070336,
  "gamesfinished": 34301615,
  "gametime": 6823294672.322217,
  "inputs": 24302747038,
  "piecesplaced": 5365892518
}
