{
  "usercount": 913892,
  "usercount_delta": 0.12225312509551024,
  "anoncount": 626275,
  "rankedcount": 14323,
  "replaycount": 1563995,
  "gamesplayed": 47779433,
  "gamesplayed_delta": 3.728720315413063,
  "gamesfinished": 33871044,
  "gametime": 6735689843.126742,
  "inputs": 24020730680,
  "piecesplaced": 5301897955
}
