{
  "usercount": 8222673,
  "usercount_delta": 0.21135584776340222,
  "anoncount": 6702911,
  "rankedcount": 41449,
  "replaycount": 9158690,
  "gamesplayed": 353397982,
  "gamesplayed_delta": 5.872673198568819,
  "gamesfinished": 274191335,
  "gametime": 60630693019.73444,
  "inputs": 208393006944,
  "piecesplaced": 47360503392
}
