{
  "usercount": 977756,
  "usercount_delta": 0.05842742583368633,
  "anoncount": 674883,
  "rankedcount": 14751,
  "replaycount": 1658563,
  "gamesplayed": 50561947,
  "gamesplayed_delta": 2.833730152933787,
  "gamesfinished": 36016637,
  "gametime": 7174198709.270066,
  "inputs": 25441720825,
  "piecesplaced": 5625163641
}
