{
  "usercount": 833337,
  "usercount_delta": 0.0451773209848656,
  "anoncount": 564269,
  "rankedcount": 13979,
  "replaycount": 1440057,
  "gamesplayed": 44181367,
  "gamesplayed_delta": 2.183570514268504,
  "gamesfinished": 31096397,
  "gametime": 6166877187.129982,
  "inputs": 22175685942,
  "piecesplaced": 4881269123
}
