{
  "usercount": 791705,
  "usercount_delta": 0.11052340727875581,
  "anoncount": 531837,
  "rankedcount": 14010,
  "replaycount": 1366933,
  "gamesplayed": 42182758,
  "gamesplayed_delta": 2.4473040183153074,
  "gamesfinished": 29574626,
  "gametime": 5851361862.369205,
  "inputs": 21149604593,
  "piecesplaced": 4646547255
}
