{
  "usercount": 8551872,
  "usercount_delta": 0.10463065379211384,
  "anoncount": 6304811,
  "totalaccounts": 14687793,
  "rankedcount": 49299,
  "replaycount": 12071353,
  "gamesplayed": 573172634,
  "gamesplayed_delta": 5.171743744581627,
  "gamesfinished": 446146332,
  "gametime": 100444715211.46712,
  "inputs": 353243696748,
  "piecesplaced": 81070159628
}
