{
  "usercount": 729747,
  "usercount_delta": 0.0988533017002768,
  "anoncount": 482921,
  "rankedcount": 13385,
  "replaycount": 1234860,
  "gamesplayed": 39362240,
  "gamesplayed_delta": 3.2423882957690786,
  "gamesfinished": 27431034,
  "gametime": 5405439949.479568,
  "inputs": 19686998162,
  "piecesplaced": 4312920151
}
