{
  "usercount": 6395317,
  "usercount_delta": 0.3111920210365806,
  "anoncount": 4630985,
  "rankedcount": 49661,
  "replaycount": 8812196,
  "gamesplayed": 425573139,
  "gamesplayed_delta": 4.372247895563957,
  "gamesfinished": 331035604,
  "gametime": 73355395859.17812,
  "inputs": 254064417086,
  "piecesplaced": 57935709268
}
