{
  "usercount": 1161644,
  "usercount_delta": 0.04756016360696281,
  "anoncount": 816858,
  "rankedcount": 16245,
  "replaycount": 1920365,
  "gamesplayed": 58525456,
  "gamesplayed_delta": 2.6950759377278923,
  "gamesfinished": 42221755,
  "gametime": 8460429300.459162,
  "inputs": 29598089835,
  "piecesplaced": 6570220685
}
