{
  "usercount": 5834689,
  "usercount_delta": 0.1896094046264695,
  "anoncount": 4161878,
  "rankedcount": 41701,
  "replaycount": 10278027,
  "gamesplayed": 399450816,
  "gamesplayed_delta": 4.582227278473012,
  "gamesfinished": 310237370,
  "gametime": 68765620042.56471,
  "inputs": 237703717899,
  "piecesplaced": 54143902822
}
