{
  "usercount": 8413631,
  "usercount_delta": 0.15548472362590376,
  "anoncount": 6411519,
  "totalaccounts": 12370071,
  "rankedcount": 45261,
  "replaycount": 11063063,
  "gamesplayed": 498248530,
  "gamesplayed_delta": 5.333126020368499,
  "gamesfinished": 388372173,
  "gametime": 86816432914.6746,
  "inputs": 303288755922,
  "piecesplaced": 69411493664
}
