{
  "usercount": 973041,
  "usercount_delta": 0.03834723420573291,
  "anoncount": 671264,
  "rankedcount": 14575,
  "replaycount": 1651977,
  "gamesplayed": 50355074,
  "gamesplayed_delta": 3.0486051193557664,
  "gamesfinished": 35853884,
  "gametime": 7141799483.962674,
  "inputs": 25337297436,
  "piecesplaced": 5601447338
}
