{
  "usercount": 1244327,
  "usercount_delta": 0.14142271248762553,
  "anoncount": 880316,
  "rankedcount": 17502,
  "replaycount": 2028246,
  "gamesplayed": 61610799,
  "gamesplayed_delta": 2.5809645028991657,
  "gamesfinished": 44703089,
  "gametime": 8971239646.839314,
  "inputs": 31199271316,
  "piecesplaced": 6929703786
}
