{
  "usercount": 749997,
  "usercount_delta": 0.09035056017347308,
  "anoncount": 498893,
  "rankedcount": 13797,
  "replaycount": 1287240,
  "gamesplayed": 40232053,
  "gamesplayed_delta": 3.0568606192025056,
  "gamesfinished": 28093307,
  "gametime": 5541924992.011299,
  "inputs": 20130783705,
  "piecesplaced": 4413541042
}
