{
  "usercount": 837998,
  "usercount_delta": 0.09369261327436945,
  "anoncount": 567839,
  "rankedcount": 13983,
  "replaycount": 1447609,
  "gamesplayed": 44399064,
  "gamesplayed_delta": 2.904471011505453,
  "gamesfinished": 31262953,
  "gametime": 6201675229.994059,
  "inputs": 22290319862,
  "piecesplaced": 4907550084
}
