{
  "usercount": 752496,
  "usercount_delta": 0.07696896226596625,
  "anoncount": 500876,
  "rankedcount": 13747,
  "replaycount": 1292111,
  "gamesplayed": 40336250,
  "gamesplayed_delta": 2.867093844407243,
  "gamesfinished": 28172820,
  "gametime": 5558928929.39602,
  "inputs": 20185301364,
  "piecesplaced": 4425877003
}
