{
  "usercount": 8079594,
  "usercount_delta": 0.3301649086833371,
  "anoncount": 6575303,
  "rankedcount": 40790,
  "replaycount": 9043580,
  "gamesplayed": 348597162,
  "gamesplayed_delta": 4.935096529793039,
  "gamesfinished": 270434176,
  "gametime": 59793319370.81557,
  "inputs": 205423278737,
  "piecesplaced": 46674659550
}
