{
  "usercount": 948347,
  "usercount_delta": 0.03376610220999139,
  "anoncount": 652453,
  "rankedcount": 14302,
  "replaycount": 1616209,
  "gamesplayed": 49251427,
  "gamesplayed_delta": 2.836352585639277,
  "gamesfinished": 35010484,
  "gametime": 6968684904.010387,
  "inputs": 24772058371,
  "piecesplaced": 5472448805
}
