{
  "usercount": 6535888,
  "usercount_delta": 0.09018623457439613,
  "anoncount": 5230307,
  "rankedcount": 48115,
  "replaycount": 7591815,
  "gamesplayed": 286919783,
  "gamesplayed_delta": 6.778998632175442,
  "gamesfinished": 223601008,
  "gametime": 49031471526.24425,
  "inputs": 166737448569,
  "piecesplaced": 37674014547
}
