{
  "usercount": 9624270,
  "usercount_delta": 0.0363682650519157,
  "anoncount": 7146310,
  "totalaccounts": 16966991,
  "rankedcount": 49858,
  "replaycount": 14116263,
  "gamesplayed": 650895276,
  "gamesplayed_delta": 3.7822995653992324,
  "gamesfinished": 505583957,
  "gametime": 114878958498.44177,
  "inputs": 406509474804,
  "piecesplaced": 93526027143
}
