{
  "usercount": 727712,
  "usercount_delta": 0.08766393155200224,
  "anoncount": 481331,
  "replaycount": 1229952,
  "gamesplayed": 39299266,
  "gamesplayed_delta": 3.050704818009678,
  "gamesfinished": 27382299,
  "gametime": 5395464239.4305525,
  "inputs": 19655602085,
  "piecesplaced": 4305823070
}
