{
  "usercount": 7840939,
  "usercount_delta": 0.2932641847255665,
  "anoncount": 6362938,
  "rankedcount": 39145,
  "replaycount": 8844871,
  "gamesplayed": 339954087,
  "gamesplayed_delta": 5.186145582515281,
  "gamesfinished": 263751727,
  "gametime": 58290082964.93319,
  "inputs": 200050397097,
  "piecesplaced": 45425784360
}
