{
  "usercount": 1005786,
  "usercount_delta": 0,
  "anoncount": 696580,
  "rankedcount": 15131,
  "replaycount": 1704138,
  "gamesplayed": 51913865,
  "gamesplayed_delta": 3.3007210806053013,
  "gamesfinished": 37053019,
  "gametime": 7389449181.360703,
  "inputs": 26143046360,
  "piecesplaced": 5785321074
}
