{
  "usercount": 786862,
  "usercount_delta": 0.018426726123569628,
  "anoncount": 527865,
  "rankedcount": 13874,
  "replaycount": 1361929,
  "gamesplayed": 42047180,
  "gamesplayed_delta": 2.94827617977114,
  "gamesfinished": 29470648,
  "gametime": 5829825816.162474,
  "inputs": 21080395649,
  "piecesplaced": 4630674011
}
