{
  "usercount": 8610750,
  "usercount_delta": 0.37556569582934296,
  "anoncount": 6589726,
  "totalaccounts": 12571555,
  "rankedcount": 46075,
  "replaycount": 11210293,
  "gamesplayed": 503705098,
  "gamesplayed_delta": 4.901132330572925,
  "gamesfinished": 392666666,
  "gametime": 87782986700.57678,
  "inputs": 306789242232,
  "piecesplaced": 70224552625
}
