{
  "usercount": 9493893,
  "usercount_delta": 0.045304217822679294,
  "anoncount": 7382742,
  "totalaccounts": 13475201,
  "rankedcount": 49747,
  "replaycount": 10714395,
  "gamesplayed": 532039645,
  "gamesplayed_delta": 4.001872574336671,
  "gamesfinished": 414716625,
  "gametime": 92877798433.32298,
  "inputs": 325414359893,
  "piecesplaced": 74568249295
}
