{
  "usercount": 778814,
  "usercount_delta": 0.07495409061949555,
  "anoncount": 521575,
  "rankedcount": 13832,
  "replaycount": 1346926,
  "gamesplayed": 41638162,
  "gamesplayed_delta": 2.1736686279653714,
  "gamesfinished": 29160468,
  "gametime": 5765298648.19656,
  "inputs": 20867532120,
  "piecesplaced": 4581924672
}
