{
  "usercount": 948182,
  "usercount_delta": 0.10696658058403753,
  "anoncount": 652327,
  "rankedcount": 14293,
  "replaycount": 1615941,
  "gamesplayed": 49243508,
  "gamesplayed_delta": 1.803150929845204,
  "gamesfinished": 35004353,
  "gametime": 6967474258.816804,
  "inputs": 24767870476,
  "piecesplaced": 5471475645
}
