{
  "usercount": 999815,
  "usercount_delta": 0.014606429750376116,
  "anoncount": 691999,
  "rankedcount": 14980,
  "replaycount": 1693459,
  "gamesplayed": 51605033,
  "gamesplayed_delta": 2.643763784818077,
  "gamesfinished": 36819268,
  "gametime": 7340053774.242127,
  "inputs": 25981909994,
  "piecesplaced": 5748433121
}
