{
  "usercount": 8772209,
  "usercount_delta": 0.35370059244849233,
  "anoncount": 6469900,
  "totalaccounts": 15222972,
  "rankedcount": 50165,
  "replaycount": 12565141,
  "gamesplayed": 590784520,
  "gamesplayed_delta": 4.155981961269785,
  "gamesfinished": 459625011,
  "gametime": 103687023724.40259,
  "inputs": 365125846203,
  "piecesplaced": 83842936221
}
