{
  "usercount": 796060,
  "usercount_delta": 0,
  "anoncount": 535265,
  "rankedcount": 14027,
  "replaycount": 1374755,
  "gamesplayed": 42394245,
  "gamesplayed_delta": 1.8372663885667815,
  "gamesfinished": 29734399,
  "gametime": 5884270615.139769,
  "inputs": 21257054016,
  "piecesplaced": 4671117666
}
