{
  "usercount": 8195535,
  "usercount_delta": 0.0897118455520867,
  "anoncount": 6217183,
  "totalaccounts": 12146634,
  "rankedcount": 44883,
  "replaycount": 10869187,
  "gamesplayed": 490954011,
  "gamesplayed_delta": 4.0370330498439015,
  "gamesfinished": 382698447,
  "gametime": 85499196995.36378,
  "inputs": 298415120621,
  "piecesplaced": 68269715849
}
