{
  "usercount": 5949767,
  "usercount_delta": 0.13468466951749217,
  "anoncount": 4252227,
  "rankedcount": 42737,
  "replaycount": 10448387,
  "gamesplayed": 406402826,
  "gamesplayed_delta": 4.057375669214451,
  "gamesfinished": 315752606,
  "gametime": 69970933822.3516,
  "inputs": 241986510771,
  "piecesplaced": 55138136622
}
