{
  "usercount": 2425081,
  "usercount_delta": 0.03512099181680891,
  "anoncount": 1802937,
  "rankedcount": 31420,
  "replaycount": 3689486,
  "gamesplayed": 114669777,
  "gamesplayed_delta": 5.830084641590279,
  "gamesfinished": 88106728,
  "gametime": 18433622049.027,
  "inputs": 61978342114,
  "piecesplaced": 13820437623
}
