{
  "usercount": 987828,
  "usercount_delta": 0.015820531886282015,
  "anoncount": 682685,
  "rankedcount": 14920,
  "replaycount": 1673650,
  "gamesplayed": 51029129,
  "gamesplayed_delta": 2.8002341438719167,
  "gamesfinished": 36380152,
  "gametime": 7248923552.549291,
  "inputs": 25685159173,
  "piecesplaced": 5680776086
}
