{
  "usercount": 749596,
  "usercount_delta": 0.018705574261129815,
  "anoncount": 498577,
  "rankedcount": 13781,
  "replaycount": 1286284,
  "gamesplayed": 40212706,
  "gamesplayed_delta": 2.3194912083800974,
  "gamesfinished": 28079139,
  "gametime": 5538933827.926718,
  "inputs": 20121167482,
  "piecesplaced": 4411347099
}
