{
  "usercount": 756407,
  "usercount_delta": 0.029823593444774157,
  "anoncount": 503936,
  "rankedcount": 13908,
  "replaycount": 1300756,
  "gamesplayed": 40529605,
  "gamesplayed_delta": 3.1016537182565123,
  "gamesfinished": 28320860,
  "gametime": 5589592256.260757,
  "inputs": 20285294291,
  "piecesplaced": 4448666847
}
