{
  "usercount": 943822,
  "usercount_delta": 0.016882481049415022,
  "anoncount": 649071,
  "rankedcount": 14365,
  "replaycount": 1609848,
  "gamesplayed": 49057524,
  "gamesplayed_delta": 2.3466648658686884,
  "gamesfinished": 34858393,
  "gametime": 6937352478.8292885,
  "inputs": 24670959874,
  "piecesplaced": 5449474700
}
