{
  "usercount": 1052965,
  "usercount_delta": 0,
  "anoncount": 733046,
  "rankedcount": 15699,
  "replaycount": 1774487,
  "gamesplayed": 54065995,
  "gamesplayed_delta": 5.0245539523330995,
  "gamesfinished": 38712714,
  "gametime": 7734267316.743432,
  "inputs": 27270494656,
  "piecesplaced": 6042241013
}
