{
  "usercount": 1148465,
  "usercount_delta": 0.04755639395716754,
  "anoncount": 807153,
  "rankedcount": 16316,
  "replaycount": 1906228,
  "gamesplayed": 58103085,
  "gamesplayed_delta": 4.850752183631089,
  "gamesfinished": 41881469,
  "gametime": 8389158220.310448,
  "inputs": 29374926824,
  "piecesplaced": 6519841235
}
