{
  "usercount": 957270,
  "usercount_delta": 0.08970084767301051,
  "anoncount": 659122,
  "rankedcount": 14563,
  "replaycount": 1627556,
  "gamesplayed": 49644868,
  "gamesplayed_delta": 4.036538145285474,
  "gamesfinished": 35311914,
  "gametime": 7030430842.411821,
  "inputs": 24974702385,
  "piecesplaced": 5518836529
}
