{
  "usercount": 6104368,
  "usercount_delta": 0.14958303728357206,
  "anoncount": 4865429,
  "rankedcount": 45399,
  "replaycount": 7086405,
  "gamesplayed": 268201804,
  "gamesplayed_delta": 6.170300287947347,
  "gamesfinished": 209122545,
  "gametime": 45718005400.1644,
  "inputs": 155142545921,
  "piecesplaced": 35021102581
}
