{
  "usercount": 926165,
  "usercount_delta": 0.07495409061949555,
  "anoncount": 635576,
  "rankedcount": 14367,
  "replaycount": 1584302,
  "gamesplayed": 48327058,
  "gamesplayed_delta": 2.379792377168984,
  "gamesfinished": 34294727,
  "gametime": 6821832899.66075,
  "inputs": 24298079761,
  "piecesplaced": 5364840921
}
