{
  "usercount": 8064886,
  "usercount_delta": 0.17519885069553942,
  "anoncount": 6562028,
  "rankedcount": 40329,
  "replaycount": 9033642,
  "gamesplayed": 348135046,
  "gamesplayed_delta": 4.765408738918673,
  "gamesfinished": 270073059,
  "gametime": 59713584362.01665,
  "inputs": 205141276012,
  "piecesplaced": 46609678783
}
