{
  "usercount": 882099,
  "usercount_delta": 0,
  "anoncount": 602160,
  "rankedcount": 14309,
  "replaycount": 1516372,
  "gamesplayed": 46400242,
  "gamesplayed_delta": 1.9669786016570303,
  "gamesfinished": 32802716,
  "gametime": 6517469632.787144,
  "inputs": 23310896884,
  "piecesplaced": 5140112777
}
