{
  "usercount": 9544810,
  "usercount_delta": 0.1818413252595785,
  "anoncount": 7095675,
  "totalaccounts": 16681656,
  "rankedcount": 53583,
  "replaycount": 13852541,
  "gamesplayed": 639357052,
  "gamesplayed_delta": 5.127925372320114,
  "gamesfinished": 496939791,
  "gametime": 112722462053.98386,
  "inputs": 398302372944,
  "piecesplaced": 91580768491
}
