{
  "usercount": 998593,
  "usercount_delta": 0.15260186174271326,
  "anoncount": 691009,
  "rankedcount": 14940,
  "replaycount": 1691334,
  "gamesplayed": 51547475,
  "gamesplayed_delta": 3.4335418892110483,
  "gamesfinished": 36775766,
  "gametime": 7330864594.237054,
  "inputs": 25952307599,
  "piecesplaced": 5741759358
}
