{
  "usercount": 1229060,
  "usercount_delta": 0.11097195580145532,
  "anoncount": 868501,
  "rankedcount": 17198,
  "replaycount": 2007107,
  "gamesplayed": 61019583,
  "gamesplayed_delta": 3.5986619952757652,
  "gamesfinished": 44228214,
  "gametime": 8873543139.879972,
  "inputs": 30891094063,
  "piecesplaced": 6860408226
}
