{
  "usercount": 3583220,
  "usercount_delta": 0.23464856864373126,
  "anoncount": 2745071,
  "rankedcount": 33574,
  "replaycount": 4159862,
  "gamesplayed": 166049947,
  "gamesplayed_delta": 4.801270712248655,
  "gamesfinished": 129674822,
  "gametime": 27670536687.448833,
  "inputs": 92854797120,
  "piecesplaced": 20815983988
}
