{
  "usercount": 3845490,
  "usercount_delta": 0.22528865108420162,
  "anoncount": 2962883,
  "rankedcount": 36375,
  "replaycount": 4516827,
  "gamesplayed": 175623600,
  "gamesplayed_delta": 7.603491974091805,
  "gamesfinished": 137292541,
  "gametime": 29383262641.899857,
  "inputs": 98636783459,
  "piecesplaced": 22121831640
}
