{
  "usercount": 880503,
  "usercount_delta": 0.1053999929733338,
  "anoncount": 600988,
  "rankedcount": 14258,
  "replaycount": 1513882,
  "gamesplayed": 46335782,
  "gamesplayed_delta": 1.8093665460422301,
  "gamesfinished": 32752961,
  "gametime": 6506964130.526037,
  "inputs": 23277738959,
  "piecesplaced": 5132559138
}
