{
  "usercount": 1171771,
  "usercount_delta": 0.0773799160427911,
  "anoncount": 824434,
  "rankedcount": 16514,
  "replaycount": 1932334,
  "gamesplayed": 58845436,
  "gamesplayed_delta": 3.946375718182346,
  "gamesfinished": 42479210,
  "gametime": 8513137741.284707,
  "inputs": 29761421776,
  "piecesplaced": 6606927689
}
