{
  "usercount": 1313720,
  "usercount_delta": 0.05688174285660113,
  "anoncount": 933781,
  "rankedcount": 18122,
  "replaycount": 2120985,
  "gamesplayed": 64287946,
  "gamesplayed_delta": 4.114446066627481,
  "gamesfinished": 46860043,
  "gametime": 9419514917.232128,
  "inputs": 32613613153,
  "piecesplaced": 7247334494
}
