{
  "usercount": 1168290,
  "usercount_delta": 0.15631411321049649,
  "anoncount": 821731,
  "rankedcount": 16397,
  "replaycount": 1927926,
  "gamesplayed": 58718731,
  "gamesplayed_delta": 3.9860098868676603,
  "gamesfinished": 42377119,
  "gametime": 8492626640.816999,
  "inputs": 29696864495,
  "piecesplaced": 6592389806
}
