{
  "usercount": 983230,
  "usercount_delta": 0.029001479075432844,
  "anoncount": 679085,
  "rankedcount": 14738,
  "replaycount": 1666808,
  "gamesplayed": 50816889,
  "gamesplayed_delta": 2.537629419100374,
  "gamesfinished": 36214732,
  "gametime": 7214547444.61254,
  "inputs": 25573924722,
  "piecesplaced": 5655367799
}
