{
  "usercount": 1007492,
  "usercount_delta": 0.08764882039295888,
  "anoncount": 697891,
  "rankedcount": 15042,
  "replaycount": 1706960,
  "gamesplayed": 51995986,
  "gamesplayed_delta": 3.768899276897232,
  "gamesfinished": 37116233,
  "gametime": 7402272360.546317,
  "inputs": 26184595782,
  "piecesplaced": 5794808214
}
