{
  "usercount": 825998,
  "usercount_delta": 0.12225312509551024,
  "anoncount": 558647,
  "rankedcount": 13985,
  "replaycount": 1427892,
  "gamesplayed": 43836437,
  "gamesplayed_delta": 1.7879519545218374,
  "gamesfinished": 30832709,
  "gametime": 6112153731.632018,
  "inputs": 21999225163,
  "piecesplaced": 4841039252
}
