{
  "usercount": 1067303,
  "usercount_delta": 0.0586200832405182,
  "anoncount": 744132,
  "rankedcount": 15828,
  "replaycount": 1794145,
  "gamesplayed": 54700446,
  "gamesplayed_delta": 2.2666432186333703,
  "gamesfinished": 39208010,
  "gametime": 7838329519.097846,
  "inputs": 27606126924,
  "piecesplaced": 6118773053
}
