{
  "usercount": 1323258,
  "usercount_delta": 0.11539158960156934,
  "anoncount": 941219,
  "rankedcount": 18458,
  "replaycount": 2132706,
  "gamesplayed": 64628513,
  "gamesplayed_delta": 5.027776404068378,
  "gamesfinished": 47139233,
  "gametime": 9477324104.073902,
  "inputs": 32792821111,
  "piecesplaced": 7287436922
}
