{
  "usercount": 827785,
  "usercount_delta": 0.037474938634787985,
  "anoncount": 560016,
  "rankedcount": 13901,
  "replaycount": 1430957,
  "gamesplayed": 43916979,
  "gamesplayed_delta": 4.2534055350484365,
  "gamesfinished": 30893728,
  "gametime": 6124852039.971516,
  "inputs": 22040209535,
  "piecesplaced": 4850344358
}
