{
  "usercount": 893404,
  "usercount_delta": 0.09014423076923077,
  "anoncount": 610916,
  "rankedcount": 14168,
  "replaycount": 1534155,
  "gamesplayed": 46930260,
  "gamesplayed_delta": 2.8846153846153846,
  "gamesfinished": 33211492,
  "gametime": 6599951707.411127,
  "inputs": 23577950343,
  "piecesplaced": 5200784071
}
