{
  "usercount": 1065928,
  "usercount_delta": 0.058622374206155355,
  "anoncount": 743060,
  "rankedcount": 15763,
  "replaycount": 1791911,
  "gamesplayed": 54629250,
  "gamesplayed_delta": 2.5989252564728873,
  "gamesfinished": 39154115,
  "gametime": 7826928131.231464,
  "inputs": 27567397856,
  "piecesplaced": 6109913952
}
