{
  "usercount": 762159,
  "usercount_delta": 0,
  "anoncount": 508496,
  "rankedcount": 13990,
  "replaycount": 1312664,
  "gamesplayed": 40802561,
  "gamesplayed_delta": 1.5846108490566038,
  "gamesfinished": 28530500,
  "gametime": 5632909509.900441,
  "inputs": 20426769220,
  "piecesplaced": 4480924990
}
