{
  "usercount": 754041,
  "usercount_delta": 0.05964629745608541,
  "anoncount": 502072,
  "rankedcount": 13821,
  "replaycount": 1295917,
  "gamesplayed": 40416594,
  "gamesplayed_delta": 2.475321344427545,
  "gamesfinished": 28234030,
  "gametime": 5571435003.400318,
  "inputs": 20226446270,
  "piecesplaced": 4435201071
}
