{
  "usercount": 792241,
  "usercount_delta": 0.07529666887536896,
  "anoncount": 532250,
  "rankedcount": 14032,
  "replaycount": 1367960,
  "gamesplayed": 42213040,
  "gamesplayed_delta": 2.469730739112102,
  "gamesfinished": 29596642,
  "gametime": 5855720182.954653,
  "inputs": 21164241515,
  "piecesplaced": 4649888196
}
