{
  "usercount": 8533802,
  "usercount_delta": 0.1820498816675769,
  "anoncount": 6962725,
  "rankedcount": 43673,
  "replaycount": 9539969,
  "gamesplayed": 368565762,
  "gamesplayed_delta": 5.4118464822997865,
  "gamesfinished": 286124453,
  "gametime": 63301891045.87637,
  "inputs": 217928780034,
  "piecesplaced": 49559064185
}
