{
  "usercount": 796162,
  "usercount_delta": 0.018426726123569628,
  "anoncount": 535353,
  "rankedcount": 14036,
  "replaycount": 1375033,
  "gamesplayed": 42399839,
  "gamesplayed_delta": 1.289870828649874,
  "gamesfinished": 29738625,
  "gametime": 5885237177.456764,
  "inputs": 21260333229,
  "piecesplaced": 4671871482
}
