{
  "usercount": 5922194,
  "usercount_delta": 0.22301516503122212,
  "anoncount": 4709952,
  "rankedcount": 44107,
  "replaycount": 6894761,
  "gamesplayed": 261505420,
  "gamesplayed_delta": 4.980672019030627,
  "gamesfinished": 203862433,
  "gametime": 44539527658.379486,
  "inputs": 151078066397,
  "piecesplaced": 34097674781
}
