{
  "usercount": 911866,
  "usercount_delta": 0.06752878414424147,
  "anoncount": 624676,
  "rankedcount": 14240,
  "replaycount": 1560649,
  "gamesplayed": 47689281,
  "gamesplayed_delta": 2.7686801499139007,
  "gamesfinished": 33800642,
  "gametime": 6721559908.740442,
  "inputs": 23973621785,
  "piecesplaced": 5291171923
}
