{
  "usercount": 9337257,
  "usercount_delta": 0.06821398727809137,
  "anoncount": 6935634,
  "totalaccounts": 16214056,
  "rankedcount": 53812,
  "replaycount": 13430456,
  "gamesplayed": 622861173,
  "gamesplayed_delta": 3.888197274851208,
  "gamesfinished": 484374202,
  "gametime": 109667389040.14777,
  "inputs": 387038488853,
  "piecesplaced": 88948115495
}
