{
  "usercount": 1073786,
  "usercount_delta": 0.03535505312096731,
  "anoncount": 749133,
  "rankedcount": 15894,
  "replaycount": 1803846,
  "gamesplayed": 55012175,
  "gamesplayed_delta": 2.5278862981491628,
  "gamesfinished": 39448776,
  "gametime": 7888978363.413645,
  "inputs": 27771447907,
  "piecesplaced": 6156426274
}
