{
  "usercount": 853509,
  "usercount_delta": 0.01986886548778065,
  "anoncount": 579954,
  "rankedcount": 14034,
  "replaycount": 1472732,
  "gamesplayed": 45128323,
  "gamesplayed_delta": 3.0001986886548777,
  "gamesfinished": 31816510,
  "gametime": 6314980713.922858,
  "inputs": 22657804403,
  "piecesplaced": 4991279321
}
