{
  "usercount": 871036,
  "usercount_delta": 0.1355319629545968,
  "anoncount": 593595,
  "rankedcount": 14296,
  "replaycount": 1499108,
  "gamesplayed": 45899955,
  "gamesplayed_delta": 1.5360289134854304,
  "gamesfinished": 32415211,
  "gametime": 6438293020.127491,
  "inputs": 23054856281,
  "piecesplaced": 5081751012
}
