{
  "usercount": 1112758,
  "usercount_delta": 0.03868995802139555,
  "anoncount": 779234,
  "rankedcount": 16109,
  "replaycount": 1858717,
  "gamesplayed": 56667518,
  "gamesplayed_delta": 2.3794324183158264,
  "gamesfinished": 40746854,
  "gametime": 8157432479.332659,
  "inputs": 28637947964,
  "piecesplaced": 6353160847
}
