{
  "usercount": 964527,
  "usercount_delta": 0.13367395437262355,
  "anoncount": 664694,
  "rankedcount": 14623,
  "replaycount": 1638490,
  "gamesplayed": 49967842,
  "gamesplayed_delta": 2.2427519011406845,
  "gamesfinished": 35560112,
  "gametime": 7081151334.697748,
  "inputs": 25139909326,
  "piecesplaced": 5556493935
}
