{
  "usercount": 1492497,
  "usercount_delta": 0.1648424106554134,
  "anoncount": 1071073,
  "rankedcount": 20724,
  "replaycount": 2374650,
  "gamesplayed": 71612974,
  "gamesplayed_delta": 3.56059607015693,
  "gamesfinished": 52777520,
  "gametime": 10666765063.36178,
  "inputs": 36548092370,
  "piecesplaced": 8130890476
}
