{
  "usercount": 5794326,
  "usercount_delta": 0.13193917603984562,
  "anoncount": 4161804,
  "rankedcount": 42038,
  "replaycount": 9986361,
  "gamesplayed": 387185310,
  "gamesplayed_delta": 3.859220899165485,
  "gamesfinished": 300665149,
  "gametime": 66636863264.0688,
  "inputs": 230020483926,
  "piecesplaced": 52356523986
}
