{
  "usercount": 820317,
  "usercount_delta": 0.02866438307081536,
  "anoncount": 554189,
  "rankedcount": 13942,
  "replaycount": 1418430,
  "gamesplayed": 43565830,
  "gamesplayed_delta": 3.8123629484184427,
  "gamesfinished": 30625265,
  "gametime": 6069813456.634011,
  "inputs": 21860591646,
  "piecesplaced": 4809361038
}
