{
  "usercount": 7756946,
  "usercount_delta": 0.32199991218184215,
  "anoncount": 5834366,
  "totalaccounts": 11695818,
  "rankedcount": 52940,
  "replaycount": 10403503,
  "gamesplayed": 473459947,
  "gamesplayed_delta": 6.249725568256664,
  "gamesfinished": 369182735,
  "gametime": 82256188581.26419,
  "inputs": 286334645013,
  "piecesplaced": 65429008297
}
