{
  "usercount": 2943734,
  "usercount_delta": 0.1986765087952562,
  "anoncount": 2217407,
  "rankedcount": 29946,
  "replaycount": 4324711,
  "gamesplayed": 139392345,
  "gamesplayed_delta": 6.174254581021808,
  "gamesfinished": 108182959,
  "gametime": 22884900903.641315,
  "inputs": 76773383111,
  "piecesplaced": 17171696466
}
