{
  "usercount": 842356,
  "usercount_delta": 0.01986886548778065,
  "anoncount": 571228,
  "rankedcount": 14144,
  "replaycount": 1454618,
  "gamesplayed": 44611851,
  "gamesplayed_delta": 1.986886548778065,
  "gamesfinished": 31424181,
  "gametime": 6234350121.17955,
  "inputs": 22396925024,
  "piecesplaced": 4931856870
}
