{
  "usercount": 3288795,
  "usercount_delta": 0.10830129420046569,
  "anoncount": 2499450,
  "rankedcount": 31718,
  "replaycount": 3880516,
  "gamesplayed": 154699324,
  "gamesplayed_delta": 3.9168968069168426,
  "gamesfinished": 120598655,
  "gametime": 25627242939.859222,
  "inputs": 85940327228,
  "piecesplaced": 19246107163
}
