{
  "usercount": 4691857,
  "usercount_delta": 0.1162906601986909,
  "anoncount": 3672523,
  "rankedcount": 41869,
  "replaycount": 5570635,
  "gamesplayed": 211248048,
  "gamesplayed_delta": 5.050337242914576,
  "gamesfinished": 164978836,
  "gametime": 35710214760.525215,
  "inputs": 120453204083,
  "piecesplaced": 27097604736
}
