{
  "usercount": 1017311,
  "usercount_delta": 0.04382120946538125,
  "anoncount": 705584,
  "rankedcount": 15285,
  "replaycount": 1722872,
  "gamesplayed": 52476395,
  "gamesplayed_delta": 2.8191644756061938,
  "gamesfinished": 37486637,
  "gametime": 7478614847.449083,
  "inputs": 26434475118,
  "piecesplaced": 5851537607
}
