{
  "usercount": 5868943,
  "usercount_delta": 0.09292471239801513,
  "anoncount": 4667078,
  "rankedcount": 43870,
  "replaycount": 6832783,
  "gamesplayed": 259299970,
  "gamesplayed_delta": 5.203783894288847,
  "gamesfinished": 202135256,
  "gametime": 44149505147.62453,
  "inputs": 149718138916,
  "piecesplaced": 33786764163
}
