{
  "usercount": 1227029,
  "usercount_delta": 0.05303257968145097,
  "anoncount": 866887,
  "rankedcount": 17339,
  "replaycount": 2004235,
  "gamesplayed": 60941381,
  "gamesplayed_delta": 2.5278862981491628,
  "gamesfinished": 44166583,
  "gametime": 8860879770.547962,
  "inputs": 30849797192,
  "piecesplaced": 6851003989
}
