{
  "usercount": 1228682,
  "usercount_delta": 0.07926316957562499,
  "anoncount": 868206,
  "rankedcount": 17403,
  "replaycount": 2006579,
  "gamesplayed": 61006958,
  "gamesplayed_delta": 3.2656425865157495,
  "gamesfinished": 44218019,
  "gametime": 8871389967.483564,
  "inputs": 30884249689,
  "piecesplaced": 6858853371
}
