{
  "usercount": 1093299,
  "usercount_delta": 0.031458411979363284,
  "anoncount": 764163,
  "rankedcount": 16003,
  "replaycount": 1831337,
  "gamesplayed": 55828039,
  "gamesplayed_delta": 2.894173902101422,
  "gamesfinished": 40087307,
  "gametime": 8021401644.739587,
  "inputs": 28196396245,
  "piecesplaced": 6252764896
}
