{
  "usercount": 870245,
  "usercount_delta": 0,
  "anoncount": 592991,
  "rankedcount": 14263,
  "replaycount": 1497946,
  "gamesplayed": 45868314,
  "gamesplayed_delta": 3.2227944941417426,
  "gamesfinished": 32391289,
  "gametime": 6433403329.958882,
  "inputs": 23038532452,
  "piecesplaced": 5078028967
}
