{
  "usercount": 3978311,
  "usercount_delta": 0.23464856864373126,
  "anoncount": 3073720,
  "rankedcount": 37568,
  "replaycount": 4695618,
  "gamesplayed": 180976700,
  "gamesplayed_delta": 5.667665427240894,
  "gamesfinished": 141512967,
  "gametime": 30344133385.95862,
  "inputs": 101904277504,
  "piecesplaced": 22862404297
}
