{
  "usercount": 6523839,
  "usercount_delta": 0.1852101293103448,
  "anoncount": 5219899,
  "rankedcount": 48139,
  "replaycount": 7579383,
  "gamesplayed": 286383418,
  "gamesplayed_delta": 6.162446120689655,
  "gamesfinished": 223185450,
  "gametime": 48935248592.3354,
  "inputs": 166397606192,
  "piecesplaced": 37595749280
}
