{
  "usercount": 5647117,
  "usercount_delta": 0.2715643536053741,
  "anoncount": 4477493,
  "rankedcount": 43383,
  "replaycount": 6604906,
  "gamesplayed": 250515909,
  "gamesplayed_delta": 6.0315872221825195,
  "gamesfinished": 195281180,
  "gametime": 42602757716.87561,
  "inputs": 144332885161,
  "piecesplaced": 32556195119
}
