{
  "usercount": 9330744,
  "usercount_delta": 0.10449320794148381,
  "anoncount": 6930636,
  "totalaccounts": 16202648,
  "rankedcount": 53776,
  "replaycount": 13415764,
  "gamesplayed": 622353977,
  "gamesplayed_delta": 4.284221525600836,
  "gamesfinished": 483997110,
  "gametime": 109571423695.74396,
  "inputs": 386678194917,
  "piecesplaced": 88863917249
}
