{
  "usercount": 8926875,
  "usercount_delta": 0.16475007413753337,
  "anoncount": 6873425,
  "totalaccounts": 12895245,
  "rankedcount": 47264,
  "replaycount": 11481272,
  "gamesplayed": 513868216,
  "gamesplayed_delta": 5.403802431711094,
  "gamesfinished": 400580508,
  "gametime": 89616789027.77158,
  "inputs": 313480080128,
  "piecesplaced": 71784795474
}
