{
  "usercount": 1236700,
  "usercount_delta": 0.11579243379154053,
  "anoncount": 874466,
  "rankedcount": 17238,
  "replaycount": 2017275,
  "gamesplayed": 61323761,
  "gamesplayed_delta": 4.482821365358212,
  "gamesfinished": 44472359,
  "gametime": 8923728892.413273,
  "inputs": 31049440196,
  "piecesplaced": 6895993779
}
