{
  "usercount": 981409,
  "usercount_delta": 0.12181937232568409,
  "anoncount": 677678,
  "rankedcount": 14872,
  "replaycount": 1663823,
  "gamesplayed": 50727507,
  "gamesplayed_delta": 3.4566246897412856,
  "gamesfinished": 36145906,
  "gametime": 7200285967.573285,
  "inputs": 25526088684,
  "piecesplaced": 5644390725
}
