{
  "usercount": 4779863,
  "usercount_delta": 0.19778807008290616,
  "anoncount": 3745692,
  "rankedcount": 42044,
  "replaycount": 5677930,
  "gamesplayed": 215224880,
  "gamesplayed_delta": 6.016053798355062,
  "gamesfinished": 168061853,
  "gametime": 36412541807.10917,
  "inputs": 122882155639,
  "piecesplaced": 27653285860
}
