{
  "usercount": 1251149,
  "usercount_delta": 0.017678464095039422,
  "anoncount": 885640,
  "rankedcount": 17538,
  "replaycount": 2037528,
  "gamesplayed": 61890333,
  "gamesplayed_delta": 3.182123537107096,
  "gamesfinished": 44929405,
  "gametime": 9017521044.377197,
  "inputs": 31344812727,
  "piecesplaced": 6962344278
}
