{
  "usercount": 2979099,
  "usercount_delta": 0.09632797749778446,
  "anoncount": 2246906,
  "rankedcount": 30091,
  "replaycount": 4363318,
  "gamesplayed": 140781359,
  "gamesplayed_delta": 4.970523638885678,
  "gamesfinished": 109316117,
  "gametime": 23135059362.22277,
  "inputs": 77597447811,
  "piecesplaced": 17357655666
}
