{
  "usercount": 1064027,
  "usercount_delta": 0.05687850750796299,
  "anoncount": 741642,
  "rankedcount": 15711,
  "replaycount": 1789771,
  "gamesplayed": 54546673,
  "gamesplayed_delta": 3.431669952980434,
  "gamesfinished": 39087696,
  "gametime": 7812726247.698652,
  "inputs": 27525114131,
  "piecesplaced": 6100198290
}
