{
  "usercount": 9047999,
  "usercount_delta": 0.21464601295030944,
  "anoncount": 6698132,
  "totalaccounts": 15712495,
  "rankedcount": 51673,
  "replaycount": 12975305,
  "gamesplayed": 606106269,
  "gamesplayed_delta": 6.421493220763424,
  "gamesfinished": 471443546,
  "gametime": 106543736120.38675,
  "inputs": 375608766248,
  "piecesplaced": 86290296738
}
