{
  "usercount": 970177,
  "usercount_delta": 0.07629976652271443,
  "anoncount": 669008,
  "rankedcount": 14645,
  "replaycount": 1647585,
  "gamesplayed": 50223298,
  "gamesplayed_delta": 2.716271688208634,
  "gamesfinished": 35754625,
  "gametime": 7121176559.97857,
  "inputs": 25270442342,
  "piecesplaced": 5586249153
}
