{
  "usercount": 743751,
  "usercount_delta": 0.038484481132983125,
  "anoncount": 494035,
  "rankedcount": 13690,
  "replaycount": 1270589,
  "gamesplayed": 39919117,
  "gamesplayed_delta": 2.2513421462795127,
  "gamesfinished": 27858321,
  "gametime": 5493081860.458978,
  "inputs": 19970671410,
  "piecesplaced": 4377159894
}
