{
  "usercount": 1243951,
  "usercount_delta": 0.03535567812190638,
  "anoncount": 880021,
  "rankedcount": 17491,
  "replaycount": 2027604,
  "gamesplayed": 61597075,
  "gamesplayed_delta": 3.0229104794229955,
  "gamesfinished": 44692255,
  "gametime": 8968988948.613596,
  "inputs": 31191896474,
  "piecesplaced": 6928042038
}
