{
  "usercount": 1125090,
  "usercount_delta": 0.05303351718285957,
  "anoncount": 788989,
  "rankedcount": 16180,
  "replaycount": 1876418,
  "gamesplayed": 57211054,
  "gamesplayed_delta": 3.4118229387639656,
  "gamesfinished": 41172914,
  "gametime": 8244781087.236962,
  "inputs": 28917833971,
  "piecesplaced": 6416758848
}
