{
  "usercount": 926748,
  "usercount_delta": 0.035131479562261765,
  "anoncount": 635974,
  "rankedcount": 14386,
  "replaycount": 1584927,
  "gamesplayed": 48345824,
  "gamesplayed_delta": 3.0564387219167735,
  "gamesfinished": 34309107,
  "gametime": 6824742303.431868,
  "inputs": 24307438718,
  "piecesplaced": 5366952492
}
