{
  "usercount": 760664,
  "usercount_delta": 0.09387173991269927,
  "anoncount": 507330,
  "rankedcount": 13928,
  "replaycount": 1309481,
  "gamesplayed": 40729612,
  "gamesplayed_delta": 3.5671261166825725,
  "gamesfinished": 28473827,
  "gametime": 5621221655.828174,
  "inputs": 20388537059,
  "piecesplaced": 4472191114
}
