{
  "usercount": 994440,
  "usercount_delta": 0.015259720441921506,
  "anoncount": 687829,
  "rankedcount": 14783,
  "replaycount": 1684645,
  "gamesplayed": 51352043,
  "gamesplayed_delta": 3.174021851919673,
  "gamesfinished": 36626714,
  "gametime": 7300589394.683736,
  "inputs": 25854165595,
  "piecesplaced": 5719374729
}
