{
  "usercount": 1060588,
  "usercount_delta": 0.05688174285660113,
  "anoncount": 738944,
  "rankedcount": 15751,
  "replaycount": 1784734,
  "gamesplayed": 54392685,
  "gamesplayed_delta": 3.54562863806147,
  "gamesfinished": 38968619,
  "gametime": 7787734538.413599,
  "inputs": 27442643595,
  "piecesplaced": 6081316900
}
