{
  "usercount": 938828,
  "usercount_delta": 0.06752992419766009,
  "anoncount": 645272,
  "rankedcount": 14372,
  "replaycount": 1602899,
  "gamesplayed": 48851648,
  "gamesplayed_delta": 3.005081626795874,
  "gamesfinished": 34698330,
  "gametime": 6904245926.742472,
  "inputs": 24563554887,
  "piecesplaced": 5424997040
}
