{
  "usercount": 864535,
  "usercount_delta": 0.052698145025295115,
  "anoncount": 588493,
  "rankedcount": 14042,
  "replaycount": 1489716,
  "gamesplayed": 45616026,
  "gamesplayed_delta": 2.2133220910623947,
  "gamesfinished": 32195295,
  "gametime": 6392451219.900958,
  "inputs": 22908458255,
  "piecesplaced": 5048204644
}
