{
  "usercount": 6798370,
  "usercount_delta": 0.42038885969521805,
  "anoncount": 4985520,
  "rankedcount": 55566,
  "replaycount": 9345231,
  "gamesplayed": 438947093,
  "gamesplayed_delta": 5.832895428271151,
  "gamesfinished": 341782559,
  "gametime": 75806903944.65114,
  "inputs": 262853425930,
  "piecesplaced": 59964000480
}
