{
  "usercount": 929301,
  "usercount_delta": 0.01986886548778065,
  "anoncount": 637918,
  "rankedcount": 14246,
  "replaycount": 1588751,
  "gamesplayed": 48466050,
  "gamesplayed_delta": 2.4041327240214585,
  "gamesfinished": 34402119,
  "gametime": 6843598919.57775,
  "inputs": 24367812750,
  "piecesplaced": 5380686226
}
