{
  "usercount": 1259955,
  "usercount_delta": 0.11097371508291322,
  "anoncount": 892534,
  "rankedcount": 17713,
  "replaycount": 2049933,
  "gamesplayed": 62227930,
  "gamesplayed_delta": 2.8853165921557435,
  "gamesfinished": 45199412,
  "gametime": 9073533191.82175,
  "inputs": 31522944679,
  "piecesplaced": 7002395378
}
