{
  "usercount": 1221659,
  "usercount_delta": 0,
  "anoncount": 862738,
  "rankedcount": 17141,
  "replaycount": 1997262,
  "gamesplayed": 60713868,
  "gamesplayed_delta": 2.4256067980404903,
  "gamesfinished": 43983345,
  "gametime": 8823032664.766361,
  "inputs": 30730398430,
  "piecesplaced": 6824215868
}
