{
  "usercount": 801728,
  "usercount_delta": 0.01549162677572772,
  "anoncount": 539718,
  "rankedcount": 13864,
  "replaycount": 1385168,
  "gamesplayed": 42663724,
  "gamesplayed_delta": 2.742017939303806,
  "gamesfinished": 29941374,
  "gametime": 5927602088.78456,
  "inputs": 21399380932,
  "piecesplaced": 4703898542
}
