{
  "usercount": 860869,
  "usercount_delta": 0.075297802810114,
  "anoncount": 585660,
  "rankedcount": 14090,
  "replaycount": 1484111,
  "gamesplayed": 45450225,
  "gamesplayed_delta": 2.755899582850172,
  "gamesfinished": 32064473,
  "gametime": 6365643879.952502,
  "inputs": 22822531026,
  "piecesplaced": 5028665862
}
