{
  "usercount": 752023,
  "usercount_delta": 0.09352612184583155,
  "anoncount": 500483,
  "rankedcount": 13737,
  "replaycount": 1291160,
  "gamesplayed": 40316798,
  "gamesplayed_delta": 2.5065000654682854,
  "gamesfinished": 28158079,
  "gametime": 5555847932.893648,
  "inputs": 20175319472,
  "piecesplaced": 4423614402
}
