{
  "usercount": 996714,
  "usercount_delta": 0.04578055852281398,
  "anoncount": 689537,
  "rankedcount": 14867,
  "replaycount": 1688243,
  "gamesplayed": 51460516,
  "gamesplayed_delta": 2.472150160231955,
  "gamesfinished": 36709258,
  "gametime": 7317210802.291099,
  "inputs": 25907274996,
  "piecesplaced": 5731457247
}
