{
  "usercount": 2448260,
  "usercount_delta": 0.07706089737414992,
  "anoncount": 1821294,
  "rankedcount": 31131,
  "replaycount": 3721439,
  "gamesplayed": 115923730,
  "gamesplayed_delta": 6.434584930741519,
  "gamesfinished": 89117363,
  "gametime": 18659650609.509724,
  "inputs": 62740654384,
  "piecesplaced": 13993883343
}
