{
  "usercount": 1186521,
  "usercount_delta": 0.06616819956328988,
  "anoncount": 835668,
  "rankedcount": 16621,
  "replaycount": 1951283,
  "gamesplayed": 59384939,
  "gamesplayed_delta": 3.6723350757625886,
  "gamesfinished": 42912860,
  "gametime": 8602402095.576733,
  "inputs": 30038666380,
  "piecesplaced": 6669181325
}
