{
  "usercount": 884296,
  "usercount_delta": 0.037476343058444356,
  "anoncount": 603837,
  "rankedcount": 14214,
  "replaycount": 1519954,
  "gamesplayed": 46508554,
  "gamesplayed_delta": 3.241703674555437,
  "gamesfinished": 32887918,
  "gametime": 6534709149.562483,
  "inputs": 23367158631,
  "piecesplaced": 5152957691
}
