{
  "usercount": 1207750,
  "usercount_delta": 0.21214156914047308,
  "anoncount": 852128,
  "rankedcount": 17054,
  "replaycount": 1978129,
  "gamesplayed": 60146426,
  "gamesplayed_delta": 4.172117526429304,
  "gamesfinished": 43525471,
  "gametime": 8727321610.030262,
  "inputs": 30426912225,
  "piecesplaced": 6755962396
}
