{
  "usercount": 1250723,
  "usercount_delta": 0.05803381436917243,
  "anoncount": 885307,
  "rankedcount": 17522,
  "replaycount": 2036874,
  "gamesplayed": 61870070,
  "gamesplayed_delta": 1.9538050837621386,
  "gamesfinished": 44913484,
  "gametime": 9014321363.969429,
  "inputs": 31334156305,
  "piecesplaced": 6959911581
}
