{
  "usercount": 773316,
  "usercount_delta": 0.06315623273071762,
  "anoncount": 517258,
  "rankedcount": 13946,
  "replaycount": 1335943,
  "gamesplayed": 41357358,
  "gamesplayed_delta": 2.8736085892476515,
  "gamesfinished": 28948358,
  "gametime": 5720486654.786455,
  "inputs": 20717895715,
  "piecesplaced": 4547597534
}
