{
  "usercount": 6325848,
  "usercount_delta": 0.04873294346978557,
  "anoncount": 5053049,
  "rankedcount": 47635,
  "replaycount": 7335383,
  "gamesplayed": 277323791,
  "gamesplayed_delta": 6.1078622482131255,
  "gamesfinished": 216205407,
  "gametime": 47320285770.891914,
  "inputs": 160720760759,
  "piecesplaced": 36293412475
}
