{
  "usercount": 1872427,
  "usercount_delta": 0.1902557354176906,
  "anoncount": 1366984,
  "rankedcount": 27102,
  "replaycount": 2902266,
  "gamesplayed": 87308893,
  "gamesplayed_delta": 6.246729979547508,
  "gamesfinished": 65765776,
  "gametime": 13473749082.539362,
  "inputs": 45576569489,
  "piecesplaced": 10134942392
}
