{
  "usercount": 870005,
  "usercount_delta": 0.01528164063693878,
  "anoncount": 592797,
  "rankedcount": 14242,
  "replaycount": 1497405,
  "gamesplayed": 45852322,
  "gamesplayed_delta": 2.582597267642654,
  "gamesfinished": 32379570,
  "gametime": 6430820869.824972,
  "inputs": 23029807057,
  "piecesplaced": 5076021191
}
