{
  "usercount": 848504,
  "usercount_delta": 0.05621556796462167,
  "anoncount": 576036,
  "rankedcount": 14006,
  "replaycount": 1464970,
  "gamesplayed": 44896341,
  "gamesplayed_delta": 2.6608702169920924,
  "gamesfinished": 31640316,
  "gametime": 6278937042.043707,
  "inputs": 22541538982,
  "piecesplaced": 4964839159
}
