{
  "usercount": 1015544,
  "usercount_delta": 0.17255593688287288,
  "anoncount": 704211,
  "rankedcount": 15206,
  "replaycount": 1719927,
  "gamesplayed": 52391816,
  "gamesplayed_delta": 3.3744272101539585,
  "gamesfinished": 37421448,
  "gametime": 7465152681.318789,
  "inputs": 26391156362,
  "piecesplaced": 5841764577
}
