{
  "usercount": 798337,
  "usercount_delta": 0.09294976065436632,
  "anoncount": 537085,
  "rankedcount": 13899,
  "replaycount": 1378699,
  "gamesplayed": 42490997,
  "gamesplayed_delta": 2.4012021502377965,
  "gamesfinished": 29809034,
  "gametime": 5899838139.595818,
  "inputs": 21307831624,
  "piecesplaced": 4682872666
}
