{
  "usercount": 1179462,
  "usercount_delta": 0.04756016360696281,
  "anoncount": 830284,
  "rankedcount": 16562,
  "replaycount": 1942243,
  "gamesplayed": 59119608,
  "gamesplayed_delta": 3.5670122705222105,
  "gamesfinished": 42700038,
  "gametime": 8558354339.420339,
  "inputs": 29901277448,
  "piecesplaced": 6638309747
}
