{
  "usercount": 3626061,
  "usercount_delta": 0.1868879419899828,
  "anoncount": 2781275,
  "rankedcount": 33882,
  "replaycount": 4216261,
  "gamesplayed": 167570500,
  "gamesplayed_delta": 5.569260671301487,
  "gamesfinished": 130887969,
  "gametime": 27942242754.105476,
  "inputs": 93768519293,
  "piecesplaced": 21022760699
}
