{
  "usercount": 1133971,
  "usercount_delta": 0.13678286696889166,
  "anoncount": 795939,
  "rankedcount": 16092,
  "replaycount": 1887976,
  "gamesplayed": 57553567,
  "gamesplayed_delta": 3.4977333124902295,
  "gamesfinished": 41443680,
  "gametime": 8300164554.059869,
  "inputs": 29093564139,
  "piecesplaced": 6456485880
}
