{
  "usercount": 800892,
  "usercount_delta": 0.03685209412024838,
  "anoncount": 539073,
  "rankedcount": 14000,
  "replaycount": 1383475,
  "gamesplayed": 42625043,
  "gamesplayed_delta": 2.026865176613661,
  "gamesfinished": 29912009,
  "gametime": 5921264840.487247,
  "inputs": 21378726277,
  "piecesplaced": 4699181508
}
