{
  "usercount": 1066365,
  "usercount_delta": 0.03145742237881028,
  "anoncount": 743394,
  "rankedcount": 15773,
  "replaycount": 1792665,
  "gamesplayed": 54650963,
  "gamesplayed_delta": 3.381672905722105,
  "gamesfinished": 39170984,
  "gametime": 7830508223.93302,
  "inputs": 27579092787,
  "piecesplaced": 6112575050
}
