{
  "usercount": 8749479,
  "usercount_delta": 0.05989099838294304,
  "anoncount": 6713893,
  "totalaccounts": 12713693,
  "rankedcount": 47132,
  "replaycount": 11330847,
  "gamesplayed": 508134930,
  "gamesplayed_delta": 4.372042881954842,
  "gamesfinished": 396117293,
  "gametime": 88579397233.95308,
  "inputs": 309686923217,
  "piecesplaced": 70899372661
}
