{
  "usercount": 1019406,
  "usercount_delta": 0.06090968616284204,
  "anoncount": 707224,
  "rankedcount": 15222,
  "replaycount": 1725709,
  "gamesplayed": 52572139,
  "gamesplayed_delta": 3.2129859450899176,
  "gamesfinished": 37562235,
  "gametime": 7494551935.655948,
  "inputs": 26485644618,
  "piecesplaced": 5863185207
}
