{
  "usercount": 7479040,
  "usercount_delta": 0.412900857916227,
  "anoncount": 6041448,
  "rankedcount": 39564,
  "replaycount": 8552616,
  "gamesplayed": 327762950,
  "gamesplayed_delta": 4.144301203529538,
  "gamesfinished": 254422279,
  "gametime": 56182495878.83028,
  "inputs": 192466633140,
  "piecesplaced": 43664185291
}
