{
  "usercount": 866756,
  "usercount_delta": 0.1589477657904671,
  "anoncount": 590270,
  "rankedcount": 14127,
  "replaycount": 1492810,
  "gamesplayed": 45710401,
  "gamesplayed_delta": 2.1259263674474975,
  "gamesfinished": 32267280,
  "gametime": 6407146006.723928,
  "inputs": 22957123276,
  "piecesplaced": 5059337663
}
