{
  "usercount": 1008403,
  "usercount_delta": 0.08700443722629854,
  "anoncount": 698560,
  "rankedcount": 15095,
  "replaycount": 1708675,
  "gamesplayed": 52048570,
  "gamesplayed_delta": 3.1031582610713144,
  "gamesfinished": 37156908,
  "gametime": 7410844398.39388,
  "inputs": 26212303019,
  "piecesplaced": 5801097672
}
