{
  "usercount": 2334452,
  "usercount_delta": 0.10152456048325692,
  "anoncount": 1731240,
  "rankedcount": 32515,
  "replaycount": 3570461,
  "gamesplayed": 110019685,
  "gamesplayed_delta": 4.6362882620687325,
  "gamesfinished": 84343288,
  "gametime": 17595393520.049828,
  "inputs": 59171944563,
  "piecesplaced": 13182861343
}
