{
  "usercount": 780821,
  "usercount_delta": 0,
  "anoncount": 523157,
  "rankedcount": 13916,
  "replaycount": 1350681,
  "gamesplayed": 41738204,
  "gamesplayed_delta": 2.5893237759919163,
  "gamesfinished": 29236006,
  "gametime": 5780857681.910456,
  "inputs": 20918782559,
  "piecesplaced": 4593626512
}
