{
  "usercount": 747074,
  "usercount_delta": 0.04517596036562411,
  "anoncount": 496616,
  "rankedcount": 13679,
  "replaycount": 1280003,
  "gamesplayed": 40088209,
  "gamesplayed_delta": 2.665381661571822,
  "gamesfinished": 27985622,
  "gametime": 5519638533.210611,
  "inputs": 20057860158,
  "piecesplaced": 4396994219
}
