{
  "usercount": 1030437,
  "usercount_delta": 0.05680527152919791,
  "anoncount": 715744,
  "rankedcount": 15347,
  "replaycount": 1742774,
  "gamesplayed": 53113212,
  "gamesplayed_delta": 1.9124441414829965,
  "gamesfinished": 37977423,
  "gametime": 7581779791.110445,
  "inputs": 26772259338,
  "piecesplaced": 5928632119
}
