{
  "usercount": 1108822,
  "usercount_delta": 0.07071135624381276,
  "anoncount": 776235,
  "rankedcount": 15941,
  "replaycount": 1852592,
  "gamesplayed": 56474604,
  "gamesplayed_delta": 3.3234337434591996,
  "gamesfinished": 40595369,
  "gametime": 8125707393.057442,
  "inputs": 28534218990,
  "piecesplaced": 6329490165
}
