{
  "usercount": 798863,
  "usercount_delta": 0.046476320314799605,
  "anoncount": 537484,
  "rankedcount": 13922,
  "replaycount": 1379641,
  "gamesplayed": 42513828,
  "gamesplayed_delta": 2.5097212969991785,
  "gamesfinished": 29826467,
  "gametime": 5903631333.069958,
  "inputs": 21320177407,
  "piecesplaced": 4685712891
}
