{
  "usercount": 1078503,
  "usercount_delta": 0.04962532876780308,
  "anoncount": 752776,
  "rankedcount": 15855,
  "replaycount": 1810454,
  "gamesplayed": 55223546,
  "gamesplayed_delta": 3.4737730137462157,
  "gamesfinished": 39612797,
  "gametime": 7923103379.280041,
  "inputs": 27881763877,
  "piecesplaced": 6181497018
}
