{
  "usercount": 1106266,
  "usercount_delta": 0.0390800554936788,
  "anoncount": 774258,
  "rankedcount": 16005,
  "replaycount": 1848154,
  "gamesplayed": 56353214,
  "gamesplayed_delta": 3.5953651054184497,
  "gamesfinished": 40500183,
  "gametime": 8105959225.394818,
  "inputs": 28470485823,
  "piecesplaced": 6315042723
}
