{
  "usercount": 1110081,
  "usercount_delta": 0.06341254617226018,
  "anoncount": 777205,
  "rankedcount": 15980,
  "replaycount": 1854084,
  "gamesplayed": 56525468,
  "gamesplayed_delta": 3.868165316507871,
  "gamesfinished": 40635794,
  "gametime": 8134021379.64465,
  "inputs": 28560570135,
  "piecesplaced": 6335476273
}
