{
  "usercount": 738823,
  "usercount_delta": 0,
  "anoncount": 490091,
  "rankedcount": 13706,
  "replaycount": 1261074,
  "gamesplayed": 39749407,
  "gamesplayed_delta": 2.8670386761593227,
  "gamesfinished": 27728297,
  "gametime": 5466189232.104887,
  "inputs": 19884187128,
  "piecesplaced": 4357594151
}
