{
  "usercount": 746190,
  "usercount_delta": 0.031086794329768713,
  "anoncount": 495933,
  "rankedcount": 13644,
  "replaycount": 1277922,
  "gamesplayed": 40045787,
  "gamesplayed_delta": 2.393683163392191,
  "gamesfinished": 27952011,
  "gametime": 5512727823.739052,
  "inputs": 20035687761,
  "piecesplaced": 4391979615
}
