{
  "usercount": 786175,
  "usercount_delta": 0.015787562558216638,
  "anoncount": 527340,
  "rankedcount": 13993,
  "replaycount": 1360680,
  "gamesplayed": 42010858,
  "gamesplayed_delta": 2.557585134431095,
  "gamesfinished": 29443075,
  "gametime": 5824150432.344546,
  "inputs": 21061776596,
  "piecesplaced": 4626388868
}
