{
  "usercount": 8934728,
  "usercount_delta": 0.065105226322043,
  "anoncount": 6713575,
  "totalaccounts": 14474974,
  "rankedcount": 49546,
  "replaycount": 11834523,
  "gamesplayed": 565355294,
  "gamesplayed_delta": 5.729259916339784,
  "gamesfinished": 440224740,
  "gametime": 98999878961.67679,
  "inputs": 347932606327,
  "piecesplaced": 79830763596
}
