{
  "usercount": 1054946,
  "usercount_delta": 0.05803718248824747,
  "anoncount": 734565,
  "rankedcount": 15548,
  "replaycount": 1777158,
  "gamesplayed": 54155742,
  "gamesplayed_delta": 2.8244762144280435,
  "gamesfinished": 38783222,
  "gametime": 7748901341.632688,
  "inputs": 27317854176,
  "piecesplaced": 6052987153
}
