{
  "usercount": 967711,
  "usercount_delta": 0.04578055852281398,
  "anoncount": 667185,
  "rankedcount": 14561,
  "replaycount": 1643754,
  "gamesplayed": 50116315,
  "gamesplayed_delta": 2.1822066229207997,
  "gamesfinished": 35671466,
  "gametime": 7104024611.965743,
  "inputs": 25215271067,
  "piecesplaced": 5573671789
}
