{
  "usercount": 8638177,
  "usercount_delta": 0.25431589025521345,
  "anoncount": 6359877,
  "totalaccounts": 14970748,
  "rankedcount": 49388,
  "replaycount": 12354473,
  "gamesplayed": 583113518,
  "gamesplayed_delta": 4.009215211082188,
  "gamesfinished": 453713687,
  "gametime": 102279960277.57928,
  "inputs": 359970353067,
  "piecesplaced": 82641142242
}
