{
  "usercount": 7856021,
  "usercount_delta": 0.2209423929534106,
  "anoncount": 6376458,
  "rankedcount": 39179,
  "replaycount": 8856777,
  "gamesplayed": 340426083,
  "gamesplayed_delta": 4.625060759158062,
  "gamesfinished": 264118307,
  "gametime": 58370005586.49134,
  "inputs": 200334351537,
  "piecesplaced": 45491244333
}
