{
  "usercount": 1084986,
  "usercount_delta": 0.05680634716252296,
  "anoncount": 757757,
  "rankedcount": 15909,
  "replaycount": 1819465,
  "gamesplayed": 55482627,
  "gamesplayed_delta": 2.347995682717616,
  "gamesfinished": 39815613,
  "gametime": 7965050660.180736,
  "inputs": 28015918160,
  "piecesplaced": 6211902050
}
