{
  "usercount": 767871,
  "usercount_delta": 0.03747704530974778,
  "anoncount": 512956,
  "rankedcount": 13908,
  "replaycount": 1325094,
  "gamesplayed": 41078464,
  "gamesplayed_delta": 1.855113742832515,
  "gamesfinished": 28737428,
  "gametime": 5676383668.59196,
  "inputs": 20571543831,
  "piecesplaced": 4514114921
}
